_id,APPLICATION_,STATUS,X,Y,WARD_NAME,Watercourse_Viol,Wetland_Viol,Overall_Status,Violation_Type
4,19 243760 NNY 18 SA,Under Review ,311286.700000000011642,4850023.054999999701977,Willowdale,NO,NO,PASS,None
20,26 185667 STE 12 SA,Under Review ,313320.629000000015367,4838537.923000000417233,Toronto-St. Paul's,NO,NO,PASS,None
24,21 230437 ESC 24 CD,Under Review ,329257.305999999982305,4847139.553000000305474,Scarborough-Guildwood,NO,NO,PASS,None
25,21 232282 STE 10 CD,Under Review ,313752.896999999997206,4833899.730000000447035,Spadina-Fort York,NO,NO,PASS,None
40,18 246307 NNY 24 SA,Under Review ,313280.844999999972060,4850261.684000000357628,Willowdale,NO,NO,PASS,None
50,22 124213 STE 13 SA,Under Review ,315050.599999999976717,4835100.502999999560416,Toronto Centre,NO,NO,PASS,None
65,19 155807 STE 12 SA,Under Review ,313351.172000000020489,4838430.008000000379980,Toronto-St. Paul's,NO,NO,PASS,None
66,19 264619 WET 01 OZ,Under Review ,297838.157000000006519,4845410.117999999783933,Etobicoke North,NO,NO,PASS,None
70,22 162241 STE 11 SA,Under Review ,313927.771000000007916,4834819.486999999731779,University-Rosedale,NO,NO,PASS,None
82,17 112623 NNY 15 SB,Under Review ,309394.831999999994878,4842439.116000000387430,Eglinton-Lawrence,NO,NO,PASS,None
83,17 112623 NNY 15 SB,Under Review ,309308.059000000008382,4842347.905000000260770,Eglinton-Lawrence,NO,NO,PASS,None
84,17 112623 NNY 15 SB,Under Review ,309218.575000000011642,4842375.972000000067055,Eglinton-Lawrence,NO,NO,PASS,None
85,17 112623 NNY 15 SB,Under Review ,309578.592999999993481,4842479.791000000201166,Eglinton-Lawrence,NO,NO,PASS,None
112,18 171352 NNY 23 SA,Under Review ,311523.239000000001397,4848165.019000000320375,Willowdale,NO,NO,PASS,None
121,25 233767 STE 13 CD,Under Review ,314535.907999999995809,4834902.792000000365078,Toronto Centre,NO,NO,PASS,None
122,25 257536 NNY 18 OZ,Under Review ,311316.407000000006519,4848620.697999999858439,Willowdale,NO,NO,PASS,None
129,21 235323 STE 13 CD,Under Review ,315590.360999999975320,4834674.944000000134110,Toronto Centre,NO,NO,PASS,None
130,21 231690 NNY 18 CD,Under Review ,311286.700000000011642,4850023.054999999701977,Willowdale,NO,NO,PASS,None
141,20 126608 WET 02 SA,Under Review ,300570.787000000011176,4837030.559000000357628,Etobicoke Centre,NO,NO,PASS,None
164,21 232674 WET 05 SA,Under Review ,305664.538999999989755,4838437.018000000156462,York South-Weston,NO,NO,PASS,None
165,21 232674 WET 05 SA,Under Review ,305667.892999999981839,4838443.474000000394881,York South-Weston,NO,NO,PASS,None
167,21 251322 NNY 18 SA,Under Review ,312256.987000000022817,4846399.958999999798834,Willowdale,NO,NO,PASS,None
171,21 237238 NNY 15 SA,Under Review ,314484.173999999999069,4841001.097000000067055,Don Valley West,NO,NO,PASS,None
172,22 140154 NNY 17 SA,Under Review ,318762.889000000024680,4847997.622000000439584,Don Valley North,NO,NO,PASS,None
174,25 189579 ESC 21 OZ,Application Received,320837.299999999988358,4847511.969999999739230,Scarborough Centre,NO,NO,PASS,None
175,25 236994 NNY 15 SA,Under Review ,314278.190999999991618,4844259.644000000320375,Don Valley West,NO,NO,PASS,None
176,25 206513 NNY 08 OZ,Under Review ,309145.206000000005588,4841247.809000000357628,Eglinton-Lawrence,NO,NO,PASS,None
178,21 226321 STE 13 SB,Under Review ,315557.471000000019558,4834452.464999999850988,Toronto Centre,NO,NO,PASS,None
181,23 172335 ESC 21 OZ,Under Review,320998.093999999982771,4842848.979000000283122,Scarborough Centre,NO,NO,PASS,None
195,21 230126 STE 13 CD,Under Review ,315284.496999999973923,4834147.868999999947846,Toronto Centre,NO,NO,PASS,None
254,24 235912 NNY 08 SB,Under Review ,307714.125999999989290,4839429.900000000372529,Eglinton-Lawrence,NO,NO,PASS,None
286,25 222153 WET 05 OZ,Under Review ,305984.316999999980908,4838173.309000000357628,York South-Weston,NO,NO,PASS,None
307,19 243760 NNY 18 SA,Under Review ,311241.423000000009779,4850069.300999999977648,Willowdale,NO,NO,PASS,None
313,25 141826 NNY 08 OZ,Under Review ,309570.114999999990687,4840468.581000000238419,Eglinton-Lawrence,NO,NO,PASS,None
314,25 243191 WET 02 SA,Under Review ,299616.625000000000000,4832559.595999999903142,Etobicoke Centre,NO,NO,PASS,None
332,25 259679 STE 13 OZ,Under Review ,314835.261999999987893,4834331.713000000454485,Toronto Centre,NO,NO,PASS,None
335,22 242949 WET 05 SA,Under Review ,303525.951000000000931,4839795.688000000081956,York South-Weston,NO,NO,PASS,None
348,25 257615 WET 07 SA,Under Review,302674.195999999996275,4842322.268000000156462,Humber River-Black Creek,NO,NO,PASS,None
356,25 151165 NNY 15 OZ,Under Review ,313952.477000000013504,4846029.502000000327826,Don Valley West,NO,NO,PASS,None
368,22 139108 WET 05 SA,Under Review ,305707.761999999987893,4840426.275999999605119,York South-Weston,NO,NO,PASS,None
369,22 192722 NNY 08 SB,Under Review ,308371.966000000014901,4841495.865000000223517,Eglinton-Lawrence,NO,NO,PASS,None
370,22 241465 ESC 21 OZ,Under Review ,324263.493000000016764,4848286.541000000201166,Scarborough Centre,NO,NO,PASS,None
374,25 187962 STE 13 SA,Under Review ,315190.445999999996275,4835486.233000000007451,Toronto Centre,NO,NO,PASS,None
376,25 121712 STE 12 SA,Under Review ,313165.170999999972992,4838947.849000000394881,Toronto-St. Paul's,NO,NO,PASS,None
380,21 227802 STE 12 SB,Under Review ,313462.090000000025611,4838370.842000000178814,Toronto-St. Paul's,NO,NO,PASS,None
382,21 205938 STE 09 SA,Under Review ,309245.469999999972060,4835089.279000000096858,Davenport,NO,NO,PASS,None
403,21 239771 STE 10 SA,Under Review ,312430.208999999973457,4833265.070000000298023,Spadina-Fort York,NO,NO,PASS,None
409,21 213763 WET 03 SA,Under Review ,300632.706999999994878,4832131.259999999776483,Etobicoke-Lakeshore,NO,NO,PASS,None
410,10 320052 NNY 34 SA,Under Review ,320238.272999999986496,4842424.202999999746680,Don Valley East,NO,NO,PASS,None
424,21 242694 NNY 08 CD,Under Review ,309338.614000000001397,4840624.800999999977648,Eglinton-Lawrence,NO,NO,PASS,None
442,24 243649 STE 10 SA,Under Review ,313449.666000000026543,4834007.811999999918044,Spadina-Fort York,NO,NO,PASS,None
458,20 209468 NNY 18 SA,Under Review ,311642.098999999987427,4849228.480999999679625,Willowdale,NO,NO,PASS,None
463,21 235904 STE 13 SB,Under Review ,314360.590000000025611,4835988.854000000283122,Toronto Centre,NO,NO,PASS,None
466,22 170530 NNY 08 SA,Under Review ,312835.809000000008382,4840848.768000000156462,Eglinton-Lawrence,NO,NO,PASS,None
468,25 140807 STE 13 SA,Under Review ,314640.275000000023283,4834028.578999999910593,Toronto Centre,NO,NO,PASS,None
469,26 161475 STE 14 SB,Under Review ,316960.943000000028405,4834087.480999999679625,Toronto-Danforth,NO,NO,PASS,None
470,25 251663 NNY 08 SB,Under Review ,309350.164999999979045,4841899.793999999761581,Eglinton-Lawrence,NO,NO,PASS,None
480,24 173799 WET 03 SA,Under Review ,304043.196999999985565,4829012.019999999552965,Etobicoke-Lakeshore,NO,NO,PASS,None
481,26 151476 ESC 20 OZ,Under Review ,323328.759000000020023,4843313.888000000268221,Scarborough Southwest,NO,NO,PASS,None
487,22 241863 STE 13 SA,Under Review ,314015.657999999995809,4836095.834999999962747,Toronto Centre,NO,NO,PASS,None
491,23 138247 STE 10 SA,Under Review ,312667.374000000010710,4833542.405000000260770,Spadina-Fort York,NO,NO,PASS,None
493,25 102470 STE 13 SA,Under Review ,314474.744999999995343,4834763.167000000365078,Toronto Centre,NO,NO,PASS,None
496,11 120956 NNY 34 SB,Under Review ,320238.272999999986496,4842424.202999999746680,Don Valley East,NO,NO,PASS,None
532,20 225403 NNY 17 PL,Under Review ,318762.889000000024680,4847997.622000000439584,Don Valley North,NO,NO,PASS,None
535,23 128433 ESC 21 OZ,Under Review ,320837.299999999988358,4847511.969999999739230,Scarborough Centre,NO,NO,PASS,None
550,25 239940 STE 13 OZ,Under Review ,314939.753000000026077,4835315.589999999850988,Toronto Centre,NO,NO,PASS,None
564,20 215681 ESC 22 OZ,Under Review ,319738.483999999996740,4848352.259999999776483,Scarborough-Agincourt,NO,NO,PASS,None
570,22 137869 STE 12 SA,Under Review ,313515.588999999978114,4837743.376000000163913,Toronto-St. Paul's,NO,NO,PASS,None
588,24 218595 NNY 18 SA,Under Review ,311523.239000000001397,4848165.019000000320375,Willowdale,NO,NO,PASS,None
621,22 150557 ESC 22 SA,Under Review ,321495.760999999998603,4851196.207999999634922,Scarborough-Agincourt,NO,NO,PASS,None
625,25 191649 STE 12 SA,Under Review ,312925.357000000018161,4840197.968000000342727,Toronto-St. Paul's,NO,NO,PASS,None
627,21 176811 WET 05 SA,Under Review ,307532.326999999990221,4836662.610999999567866,York South-Weston,NO,NO,PASS,None
628,21 176811 WET 05 SA,Under Review ,307524.896999999997206,4836664.718000000342727,York South-Weston,NO,NO,PASS,None
632,20 219677 STE 09 SA,Under Review ,308369.422000000020489,4836470.547000000253320,Davenport,NO,NO,PASS,None
636,21 220581 NNY 17 SB,Under Review ,319110.558000000019092,4847722.521999999880791,Don Valley North,NO,NO,PASS,None
645,21 234412 STE 10 CD,Under Review ,313302.467000000004191,4833710.711000000126660,Spadina-Fort York,NO,NO,PASS,None
661,22 128941 STE 19 SA,Under Review ,320552.652999999991152,4836071.286000000312924,Beaches-East York,NO,NO,PASS,None
689,24 251716 STE 19 SA,Under Review ,319883.907999999995809,4838235.616000000387430,Beaches-East York,NO,NO,PASS,None
690,24 251716 STE 19 SA,Under Review ,319938.992000000027474,4838260.145999999716878,Beaches-East York,NO,NO,PASS,None
692,23 174316 WET 05 SA,Under Review ,305345.358999999996740,4838537.739000000059605,York South-Weston,NO,NO,PASS,None
699,24 224540 NNY 08 SA,Under Review ,308192.922000000020489,4842206.415000000037253,Eglinton-Lawrence,NO,NO,PASS,None
700,22 147264 WET 03 CD,Under Review ,305733.364999999990687,4832944.258000000379980,Etobicoke-Lakeshore,NO,NO,PASS,None
701,21 205323 NNY 08 SA,Under Review ,309338.614000000001397,4840624.800999999977648,Eglinton-Lawrence,NO,NO,PASS,None
710,21 178726 STE 11 SA,Under Review ,313087.397999999986496,4837000.553000000305474,University-Rosedale,NO,NO,PASS,None
721,21 247614 ESC 25 OZ,Under Review ,331838.382999999972526,4851761.646999999880791,Scarborough-Rouge Park,NO,NO,PASS,None
731,25 265324 NNY 17 OZ,Under Review ,314129.319000000017695,4847323.882000000216067,Don Valley North,NO,NO,PASS,None
735,25 251726 WET 05 PL,Under Review ,304550.871999999973923,4836035.428000000305474,York South-Weston,NO,NO,PASS,None
736,19 209047 ESC 22 OZ,Under Review ,320505.126999999978580,4853498.792000000365078,Scarborough-Agincourt,NO,NO,PASS,None
748,22 138558 STE 04 SA,Under Review ,307317.141999999992549,4832597.236999999731779,Parkdale-High Park,NO,NO,PASS,None
764,25 102468 STE 13 OZ,Under Review ,314474.744999999995343,4834763.167000000365078,Toronto Centre,NO,NO,PASS,None
785,13 173064 NNY 34 SA,Under Review ,317989.233999999996740,4843241.741999999620020,Don Valley East,NO,NO,PASS,None
815,14 131902 000 00 CD,Application Received,317218.101000000024214,4843433.633000000379980,Don Valley East,NO,NO,PASS,None
852,26 129467 STE 04 SA,Under Review ,306367.254000000015367,4835986.690999999642372,Parkdale-High Park,NO,NO,PASS,None
858,22 170531 NNY 08 OZ,Under Review ,312835.809000000008382,4840848.768000000156462,Eglinton-Lawrence,NO,NO,PASS,None
869,09 105794 WET 06 SA,Under Review ,306307.266000000003260,4831191.366999999620020,Etobicoke-Lakeshore,NO,YES,FAIL,Wetland
880,21 196867 STE 09 SB,Under Review ,307704.583999999973457,4836762.542000000365078,Davenport,NO,NO,PASS,None
892,22 184086 NNY 16 SA,Under Review ,317839.782999999995809,4841886.303000000305474,Don Valley East,NO,NO,PASS,None
898,22 145695 STE 14 OZ,Under Review ,319070.913000000000466,4836193.803999999538064,Toronto-Danforth,NO,NO,PASS,None
906,24 254930 ESC 20 OZ,Under Review ,321930.385999999998603,4838671.190999999642372,Scarborough Southwest,NO,NO,PASS,None
924,21 230437 ESC 24 CD,Under Review ,329304.251999999978580,4847173.218000000342727,Scarborough-Guildwood,NO,NO,PASS,None
925,21 232282 STE 10 CD,Under Review ,313827.635000000009313,4833924.353000000119209,Spadina-Fort York,NO,NO,PASS,None
926,21 232282 STE 10 CD,Under Review ,313713.038000000000466,4833906.411999999545515,Spadina-Fort York,NO,NO,PASS,None
931,22 119164 STE 10 SA,Under Review ,313890.794999999983702,4834050.158999999985099,Spadina-Fort York,NO,NO,PASS,None
947,26 207766 STE 11 OZ,Under Review ,311971.934999999997672,4835741.933000000193715,University-Rosedale,NO,NO,PASS,None
959,23 138692 ESC 21 SA,Under Review ,322552.909999999974389,4843131.225999999791384,Scarborough Centre,NO,NO,PASS,None
960,20 200970 NNY 17 SB,Under Review ,314129.319000000017695,4847323.882000000216067,Don Valley North,NO,NO,PASS,None
967,18 270588 NNY 16 SA,Under Review ,316640.815000000002328,4845911.803000000305474,Don Valley East,NO,NO,PASS,None
972,26 101832 STE 11 OZ,Under Review ,314086.069000000017695,4835017.611999999731779,University-Rosedale,NO,NO,PASS,None
978,21 203752 NNY 08 OZ,Under Review ,308249.359999999986030,4841618.746000000275671,Eglinton-Lawrence,NO,NO,PASS,None
979,21 203752 NNY 08 OZ,Under Review ,308289.750000000000000,4841628.673999999649823,Eglinton-Lawrence,NO,NO,PASS,None
981,22 192721 STE 13 SA,Under Review ,314951.416000000026543,4834491.758999999612570,Toronto Centre,NO,NO,PASS,None
1019,22 141897 STE 14 SA,Under Review ,318835.318000000028405,4835671.231999999843538,Toronto-Danforth,NO,NO,PASS,None
1027,24 174001 ESC 24 OZ,Under Review ,326393.483999999996740,4848079.933000000193715,Scarborough-Guildwood,NO,NO,PASS,None
1052,26 121464 NNY 18 SA,Under Review ,313254.615999999979977,4850464.816999999806285,Willowdale,NO,NO,PASS,None
1063,18 156478 NNY 09 SB,Under Review ,308138.726000000024214,4843224.608000000007451,York Centre,NO,NO,PASS,None
1064,19 240802 WET 01 PL,Under Review ,298279.664999999979045,4837722.258999999612570,Etobicoke North,YES,NO,FAIL,Watercourse
1092,21 214130 STE 11 SA,Under Review ,313670.593999999982771,4836593.174999999813735,University-Rosedale,NO,NO,PASS,None
1097,26 131938 ESC 22 OZ,Under Review ,321105.175999999977648,4848794.088000000454485,Scarborough-Agincourt,NO,NO,PASS,None
1100,22 170531 NNY 08 OZ,Under Review ,312798.843999999982771,4840840.009999999776483,Eglinton-Lawrence,NO,NO,PASS,None
1115,19 186166 WET 02 OZ,Under Review ,296237.200000000011642,4833893.814000000245869,Etobicoke Centre,YES,NO,FAIL,Watercourse
1141,26 212314 NNY 18 SA,Application Received,312218.016999999992549,4848876.213999999687076,Willowdale,NO,NO,PASS,None
1145,25 264514 NNY 08 OZ,Under Review ,309587.693000000028405,4840400.097000000067055,Eglinton-Lawrence,NO,NO,PASS,None
1155,19 263722 ESC 24 SA,Under Review ,329304.251999999978580,4847173.218000000342727,Scarborough-Guildwood,NO,NO,PASS,None
1158,22 194895 STE 12 SA,Under Review ,311240.374000000010710,4837912.025999999605119,Toronto-St. Paul's,NO,NO,PASS,None
1161,21 226321 STE 13 SB,Under Review ,315513.297000000020489,4834501.252000000327826,Toronto Centre,NO,NO,PASS,None
1162,23 172335 ESC 21 OZ,Under Review,320941.718999999982771,4842879.116999999620020,Scarborough Centre,NO,NO,PASS,None
1163,25 162109 WET 02 OZ,Under Review ,298963.058000000019092,4834467.832999999634922,Etobicoke Centre,NO,NO,PASS,None
1165,19 264673 STE 10 SA,Under Review ,313302.467000000004191,4833710.711000000126660,Spadina-Fort York,NO,NO,PASS,None
1167,21 133565 WET 03 SA,Under Review ,303527.076000000000931,4833905.368999999947846,Etobicoke-Lakeshore,YES,NO,FAIL,Watercourse
1170,21 228596 STE 09 SB,Under Review ,307397.728999999992084,4837415.116000000387430,Davenport,NO,NO,PASS,None
1173,22 196930 STE 11 SA,Under Review ,313248.132999999972526,4835191.629999999888241,University-Rosedale,NO,NO,PASS,None
1177,25 102468 STE 13 OZ,Under Review ,314469.489999999990687,4834777.991999999620020,Toronto Centre,NO,NO,PASS,None
1193,24 242246 NNY 08 OZ,Under Review ,307681.216000000014901,4839275.961000000126660,Eglinton-Lawrence,NO,NO,PASS,None
1195,23 172397 ESC 21 SB,Under Review ,320941.718999999982771,4842879.116999999620020,Scarborough Centre,NO,NO,PASS,None
1205,24 248822 NNY 08 OZ,Under Review ,308192.922000000020489,4842206.415000000037253,Eglinton-Lawrence,NO,NO,PASS,None
1208,25 214767 NNY 18 OZ,Under Review ,310834.429999999993015,4846257.669999999925494,Willowdale,NO,NO,PASS,None
1234,19 193057 STE 04 SA,Under Review ,310157.565999999991618,4832783.980000000447035,Parkdale-High Park,NO,NO,PASS,None
1242,21 234399 STE 10 SB,Under Review ,316160.333999999973457,4834187.542999999597669,Spadina-Fort York,NO,NO,PASS,None
1243,19 211950 WET 05 SA,Under Review ,307428.255999999993946,4836707.787999999709427,York South-Weston,NO,NO,PASS,None
1244,21 229500 WET 03 CD,Under Review ,302452.374000000010710,4833300.029000000096858,Etobicoke-Lakeshore,NO,NO,PASS,None
1246,22 170530 NNY 08 SA,Under Review ,312798.843999999982771,4840840.009999999776483,Eglinton-Lawrence,NO,NO,PASS,None
1262,16 211488 WET 05 SA,Under Review ,305667.119000000006054,4832913.984000000171363,Etobicoke-Lakeshore,NO,NO,PASS,None
1263,17 112623 NNY 15 SB,Under Review ,309455.422000000020489,4842411.656999999657273,Eglinton-Lawrence,NO,NO,PASS,None
1264,17 112623 NNY 15 SB,Under Review ,309521.695999999996275,4842476.116999999620020,Eglinton-Lawrence,NO,NO,PASS,None
1265,17 112623 NNY 15 SB,Under Review ,309272.266000000003260,4842350.752000000327826,Eglinton-Lawrence,NO,NO,PASS,None
1285,21 225328 STE 13 CD,Under Review ,314416.275000000023283,4835814.567999999970198,Toronto Centre,NO,NO,PASS,None
1290,26 161475 STE 14 SB,Under Review ,317056.329000000027008,4834144.468999999575317,Toronto-Danforth,NO,NO,PASS,None
1291,21 250708 STE 10 SA,Under Review ,313032.423000000009779,4833951.416000000201166,Spadina-Fort York,NO,NO,PASS,None
1292,19 263645 STE 10 SA,Under Review ,316160.333999999973457,4834187.542999999597669,Spadina-Fort York,NO,NO,PASS,None
1297,21 220587 NNY 17 SA,Under Review ,319110.558000000019092,4847722.521999999880791,Don Valley North,NO,NO,PASS,None
1298,23 151345 ESC 21 SA,Under Review ,322388.532999999995809,4843466.081000000238419,Scarborough Centre,NO,NO,PASS,None
1299,25 117375 STE 14 SA,Under Review ,317165.705000000016298,4838022.535000000149012,Toronto-Danforth,NO,NO,PASS,None
1306,16 209876 ESC 44 OZ,Under Review ,330138.553000000014435,4849581.694000000134110,Scarborough-Rouge Park,NO,NO,PASS,None
1320,22 241943 NNY 08 SA,Under Review ,309376.662000000011176,4840618.898000000044703,Eglinton-Lawrence,NO,NO,PASS,None
1328,23 137642 WET 05 SA,Under Review ,313774.184000000008382,4833616.086000000126660,Spadina-Fort York,NO,NO,PASS,None
1335,26 202543 STE 12 SA,Under Review ,311887.738000000012107,4838620.110000000335276,Toronto-St. Paul's,NO,NO,PASS,None
1341,26 124085 WET 05 OZ,Under Review ,306702.212999999988824,4836416.405000000260770,York South-Weston,NO,NO,PASS,None
1342,26 124085 WET 05 OZ,Under Review ,306635.572999999974854,4836407.418999999761581,York South-Weston,NO,NO,PASS,None
1343,25 261353 NNY 17 OZ,Under Review ,318427.604999999981374,4847682.091000000014901,Don Valley North,NO,NO,PASS,None
1346,21 229987 STE 11 SA,Under Review ,313127.240999999979977,4837043.760999999940395,University-Rosedale,NO,NO,PASS,None
1347,21 172654 STE 10 OZ,Under Review ,312579.348999999987427,4833836.583999999798834,Spadina-Fort York,NO,NO,PASS,None
1350,25 242829 STE 13 SA,Under Review ,316215.466000000014901,4834765.087000000290573,Toronto Centre,NO,NO,PASS,None
1351,26 151476 ESC 20 OZ,Under Review ,323354.509000000020023,4843282.008999999612570,Scarborough Southwest,NO,NO,PASS,None
1356,22 184086 NNY 16 SA,Under Review ,317860.853000000002794,4841905.440000000409782,Don Valley East,NO,NO,PASS,None
1372,22 140254 STE 09 SA,Under Review ,307754.797000000020489,4836640.641999999992549,Davenport,NO,NO,PASS,None
1376,21 201846 STE 09 SA,Under Review ,308966.583999999973457,4835011.758999999612570,Davenport,NO,NO,PASS,None
1395,26 148240 STE 11 OZ,Under Review ,314068.810999999986961,4836554.207999999634922,University-Rosedale,NO,NO,PASS,None
1425,26 190856 STE 12 SA,Under Review ,311056.563000000023749,4838163.042999999597669,Toronto-St. Paul's,NO,NO,PASS,None
1437,21 171254 STE 10 SA,Under Review ,313623.146999999997206,4834128.476999999955297,Spadina-Fort York,NO,NO,PASS,None
1442,20 230363 ESC 20 SB,Under Review ,322905.822999999974854,4841680.973000000230968,Scarborough Southwest,NO,NO,PASS,None
1452,21 203254 STE 13 SA,Under Review ,314116.505999999993946,4835753.190999999642372,Toronto Centre,NO,NO,PASS,None
1453,21 245328 STE 12 SA,Under Review ,310895.184999999997672,4837460.959999999962747,Toronto-St. Paul's,NO,NO,PASS,None
1455,22 160113 WET 02 SA,Under Review ,304056.268999999971129,4835510.183000000193715,Etobicoke Centre,NO,NO,PASS,None
1484,21 124972 NNY 18 SA,Under Review ,310377.773999999975786,4848308.871000000275671,Willowdale,NO,NO,PASS,None
1487,22 145694 STE 14 SA,Under Review ,319070.913000000000466,4836193.803999999538064,Toronto-Danforth,NO,NO,PASS,None
1490,22 140038 STE 09 SA,Under Review ,307704.583999999973457,4836762.542000000365078,Davenport,NO,NO,PASS,None
1497,22 139638 WET 07 SA,Under Review ,304618.305999999982305,4846778.907999999821186,Humber River-Black Creek,NO,NO,PASS,None
1498,23 170868 ESC 23 SA,Under Review ,324307.816999999980908,4849866.837000000290573,Scarborough North,NO,NO,PASS,None
1521,24 229311 WET 05 CD,Under Review ,304550.871999999973923,4836035.428000000305474,York South-Weston,NO,NO,PASS,None
1532,23 138783 WET 03 SA,Under Review ,304963.844999999972060,4830496.685999999754131,Etobicoke-Lakeshore,NO,NO,PASS,None
1533,24 143845 NNY 18 SA,Under Review,311996.934000000008382,4846331.294999999925494,Willowdale,NO,NO,PASS,None
1553,21 120368 STE 12 SA,Under Review ,311737.846000000019558,4840148.855000000447035,Toronto-St. Paul's,NO,NO,PASS,None
1557,22 229719 STE 13 SA,Under Review ,314883.695999999996275,4835224.779000000096858,Toronto Centre,NO,NO,PASS,None
1558,22 241863 STE 13 SA,Under Review ,314007.831000000005588,4836119.967000000178814,Toronto Centre,NO,NO,PASS,None
1560,25 102470 STE 13 SA,Under Review ,314469.489999999990687,4834777.991999999620020,Toronto Centre,NO,NO,PASS,None
1565,21 231690 NNY 18 CD,Under Review ,311214.701000000000931,4850004.141999999992549,Willowdale,NO,NO,PASS,None
1566,22 180536 WET 05 SA,Under Review ,307428.255999999993946,4836707.787999999709427,York South-Weston,NO,NO,PASS,None
1567,21 235961 NNY 15 SB,Under Review ,316133.580000000016298,4841414.270999999716878,Don Valley West,NO,NO,PASS,None
1580,25 121712 STE 12 SA,Under Review ,313179.479999999981374,4838914.308000000193715,Toronto-St. Paul's,NO,NO,PASS,None
1587,26 115080 WET 01 SA,Under Review ,296362.348999999987427,4844483.462000000290573,Etobicoke North,NO,NO,PASS,None
1588,24 197629 NNY 06 SA,Under Review ,305503.832999999984168,4848458.788999999873340,York Centre,NO,NO,PASS,None
1607,25 267189 WET 05 OZ,Under Review ,303213.331999999994878,4839877.264999999664724,York South-Weston,NO,NO,PASS,None
1618,21 226317 STE 13 SA,Under Review ,315513.297000000020489,4834501.252000000327826,Toronto Centre,NO,NO,PASS,None
1625,21 203752 NNY 08 OZ,Under Review ,308358.260999999998603,4841716.524000000208616,Eglinton-Lawrence,NO,NO,PASS,None
1630,26 165304 ESC 20 OZ,Under Review ,322189.134000000020023,4838613.372000000439584,Scarborough Southwest,NO,NO,PASS,None
1637,25 138195 NNY 18 SB,Under Review ,310377.773999999975786,4848308.871000000275671,Willowdale,NO,NO,PASS,None
1647,21 204526 STE 13 SA,Under Review ,314640.275000000023283,4834028.578999999910593,Toronto Centre,NO,NO,PASS,None
1648,21 204526 STE 13 SA,Under Review ,314585.875999999989290,4834034.394000000320375,Toronto Centre,NO,NO,PASS,None
1650,21 234388 STE 13 CD,Under Review ,316256.114000000001397,4835442.928999999538064,Toronto Centre,NO,NO,PASS,None
1651,22 138885 STE 11 SA,Under Review ,312479.101000000024214,4836095.629999999888241,University-Rosedale,NO,NO,PASS,None
1657,21 235162 STE 19 SB,Under Review ,319878.684999999997672,4836179.309999999590218,Beaches-East York,NO,NO,PASS,None
1671,19 262757 WET 07 SA,Under Review ,303926.109999999986030,4842474.009999999776483,Humber River-Black Creek,NO,NO,PASS,None
1674,21 229300 WET 03 CD,Under Review ,303527.076000000000931,4833905.368999999947846,Etobicoke-Lakeshore,YES,NO,FAIL,Watercourse
1677,21 231206 NNY 08 SA,Under Review ,311425.767999999981839,4842730.910000000149012,Eglinton-Lawrence,NO,NO,PASS,None
1712,21 220069 WET 05 SB,Under Review ,303213.331999999994878,4839877.264999999664724,York South-Weston,NO,NO,PASS,None
1718,22 120573 NNY 15 PL,Under Review ,315792.626999999978580,4841314.940000000409782,Don Valley West,NO,NO,PASS,None
1720,22 139038 WET 03 SA,Under Review ,303287.427000000025146,4831160.924999999813735,Etobicoke-Lakeshore,NO,NO,PASS,None
1721,23 127950 WET 03 SA,Under Review ,302221.675999999977648,4833039.535000000149012,Etobicoke-Lakeshore,NO,NO,PASS,None
1722,25 129096 STE 12 SA,Under Review ,313595.646000000007916,4839513.609000000171363,Toronto-St. Paul's,NO,NO,PASS,None
1728,25 228933 STE 13 SA,Under Review ,314553.614999999990687,4835926.973000000230968,Toronto Centre,NO,NO,PASS,None
1736,19 243760 NNY 18 SA,Under Review ,311214.701000000000931,4850004.141999999992549,Willowdale,NO,NO,PASS,None
1748,22 175297 WET 02 SA,Under Review ,299924.688000000023749,4832294.987999999895692,Etobicoke Centre,NO,NO,PASS,None
1775,25 270220 WET 03 SA,Under Review ,301098.507999999972526,4833034.058000000193715,Etobicoke-Lakeshore,NO,NO,PASS,None
1790,09 190129 ESC 37 CD,Under Review,319927.477000000013504,4845354.343000000342727,Scarborough Centre,NO,NO,PASS,None
1803,16 211488 WET 05 SA,Under Review ,305642.289999999979045,4832919.987999999895692,Etobicoke-Lakeshore,NO,NO,PASS,None
1808,25 264514 NNY 08 OZ,Under Review ,309581.853999999992084,4840409.052000000141561,Eglinton-Lawrence,NO,NO,PASS,None
1810,24 166781 WET 07 SA,Under Review ,301854.032999999995809,4844860.832000000402331,Humber River-Black Creek,NO,NO,PASS,None
1813,21 235161 STE 19 SA,Under Review ,319878.684999999997672,4836179.309999999590218,Beaches-East York,NO,NO,PASS,None
1823,20 160057 ESC 21 SA,Under Review ,322537.031000000017229,4844882.588999999687076,Scarborough Centre,NO,NO,PASS,None
1830,24 250727 STE 14 SA,Under Review ,317190.308000000019092,4835293.902999999932945,Toronto-Danforth,NO,NO,PASS,None
1847,17 112623 NNY 15 SB,Under Review ,309456.678000000014435,4842461.316999999806285,Eglinton-Lawrence,NO,NO,PASS,None
1848,17 112623 NNY 15 SB,Under Review ,309371.896999999997206,4842338.053000000305474,Eglinton-Lawrence,NO,NO,PASS,None
1849,17 112623 NNY 15 SB,Under Review ,309548.936999999976251,4842369.476999999955297,Eglinton-Lawrence,NO,NO,PASS,None
1850,17 112623 NNY 15 SB,Under Review ,309381.848999999987427,4842389.247999999672174,Eglinton-Lawrence,NO,NO,PASS,None
1856,19 240129 STE 09 SA,Under Review ,307990.803000000014435,4836881.986999999731779,Davenport,NO,NO,PASS,None
1857,24 235912 NNY 08 SB,Under Review ,307681.216000000014901,4839275.961000000126660,Eglinton-Lawrence,NO,NO,PASS,None
1867,09 190125 ESC 37 SA,Under Review,319927.477000000013504,4845354.343000000342727,Scarborough Centre,NO,NO,PASS,None
1880,21 234394 STE 14 SB,Under Review ,316974.430999999982305,4835064.007000000216067,Toronto-Danforth,NO,NO,PASS,None
1882,25 187784 NNY 06 OZ,Under Review ,308070.614000000001397,4845592.275000000372529,York Centre,NO,NO,PASS,None
1883,21 124972 NNY 18 SA,Under Review ,310274.169999999983702,4848409.947999999858439,Willowdale,NO,NO,PASS,None
1884,21 124972 NNY 18 SA,Under Review ,310269.385000000009313,4848424.567999999970198,Willowdale,NO,NO,PASS,None
1888,21 226522 STE 12 SB,Under Review ,313343.810999999986961,4838681.531999999657273,Toronto-St. Paul's,NO,NO,PASS,None
1908,21 234491 STE 13 SB,Under Review ,314023.142999999981839,4836177.000000000000000,Toronto Centre,NO,NO,PASS,None
1946,25 121712 STE 12 SA,Under Review ,313151.913000000000466,4838974.067999999970198,Toronto-St. Paul's,NO,NO,PASS,None
1948,25 159156 STE 12 SA,Under Review ,310189.376999999978580,4838928.780000000260770,Toronto-St. Paul's,NO,NO,PASS,None
1957,21 236297 WET 03 SB,Under Review ,304928.870999999984633,4830293.427000000141561,Etobicoke-Lakeshore,NO,NO,PASS,None
1961,19 209047 ESC 22 OZ,Under Review ,320518.333999999973457,4853560.127999999560416,Scarborough-Agincourt,NO,NO,PASS,None
1968,25 155953 STE 09 OZ,Under Review ,307787.179000000003725,4838972.389000000432134,Davenport,NO,NO,PASS,None
1969,25 155953 STE 09 OZ,Under Review ,307755.441999999980908,4838960.266999999992549,Davenport,NO,NO,PASS,None
1970,26 196387 NNY 15 OZ,Under Review ,317000.106000000028871,4840053.173999999649823,Don Valley West,NO,NO,PASS,None
1973,21 239179 STE 12 CD,Under Review ,313515.495999999984633,4837735.578999999910593,Toronto-St. Paul's,NO,NO,PASS,None
1974,21 239179 STE 12 CD,Under Review ,313516.805999999982305,4837753.866999999620020,Toronto-St. Paul's,NO,NO,PASS,None
1976,22 184086 NNY 16 SA,Under Review ,318047.563000000023749,4841908.968000000342727,Don Valley East,NO,NO,PASS,None
1981,21 235019 STE 10 CD,Under Review ,313623.146999999997206,4834128.476999999955297,Spadina-Fort York,NO,NO,PASS,None
1982,24 114801 NNY 18 SA,Under Review ,311398.816999999980908,4849176.064000000245869,Willowdale,NO,NO,PASS,None
1987,23 141989 STE 14 SA,Under Review ,316208.837999999988824,4837569.276999999769032,Toronto-Danforth,NO,NO,PASS,None
1997,22 179827 STE 10 SA,Under Review ,313023.813000000023749,4833466.313000000081956,Spadina-Fort York,NO,NO,PASS,None
2000,23 140475 WET 03 SA,Under Review ,301563.566999999980908,4832647.504999999888241,Etobicoke-Lakeshore,NO,NO,PASS,None
2011,21 225909 STE 12 SB,Under Review ,313479.032000000006519,4839562.167000000365078,Toronto-St. Paul's,NO,NO,PASS,None
2023,24 237031 STE 13 SA,Under Review ,314102.458999999973457,4835793.737999999895692,Toronto Centre,NO,NO,PASS,None
2041,21 159994 NNY 18 SA,Under Review ,311698.776000000012573,4847857.879999999888241,Willowdale,NO,NO,PASS,None
2042,21 203254 STE 13 SA,Under Review ,314113.473999999987427,4835764.633999999612570,Toronto Centre,NO,NO,PASS,None
2062,21 235162 STE 19 SB,Under Review ,319858.905000000027940,4836183.735000000335276,Beaches-East York,NO,NO,PASS,None
2071,21 234414 STE 12 CD,Under Review ,313371.224999999976717,4838393.673000000417233,Toronto-St. Paul's,NO,NO,PASS,None
2072,23 179321 NNY 08 SA,Under Review ,312724.891999999992549,4840548.122999999672174,Eglinton-Lawrence,NO,NO,PASS,None
2079,21 223579 WET 03 SB,Under Review ,302221.675999999977648,4833039.535000000149012,Etobicoke-Lakeshore,NO,NO,PASS,None
2081,26 158478 ESC 24 OZ,Under Review ,326245.012999999977183,4848977.748999999836087,Scarborough-Guildwood,NO,NO,PASS,None
2093,22 207193 WET 03 OZ,Under Review ,304928.870999999984633,4830293.427000000141561,Etobicoke-Lakeshore,NO,NO,PASS,None
2106,22 191099 NNY 18 OZ,Under Review ,311351.451000000000931,4850447.571999999694526,Willowdale,NO,NO,PASS,None
2107,20 230363 ESC 20 SB,Under Review ,325137.767999999981839,4842759.822999999858439,Scarborough Southwest,NO,NO,PASS,None
2116,21 234412 STE 10 CD,Under Review ,313331.923999999999069,4833730.080000000074506,Spadina-Fort York,NO,NO,PASS,None
2121,21 186137 WET 05 SB,Under Review ,306092.756999999983236,4838314.132000000216067,York South-Weston,NO,NO,PASS,None
2125,26 120711 STE 19 CD,Under Review ,320749.087999999988824,4838430.774000000208616,Beaches-East York,NO,NO,PASS,None
2129,18 214150 STE 18 SB,Under Review ,309681.683000000019092,4836154.135999999940395,Davenport,NO,NO,PASS,None
2153,21 214202 STE 11 CD,Under Review ,314293.213999999978114,4835115.457999999634922,University-Rosedale,NO,NO,PASS,None
2155,23 134151 WET 05 SA,Under Review ,306471.549999999988358,4836798.372999999672174,York South-Weston,NO,NO,PASS,None
2159,21 220624 STE 11 SB,Under Review ,312861.092000000004191,4836353.297000000253320,University-Rosedale,NO,NO,PASS,None
2160,21 204526 STE 13 SA,Under Review ,314539.384000000020023,4834086.990000000223517,Toronto Centre,NO,NO,PASS,None
2161,22 151908 STE 09 SA,Under Review ,311009.365999999979977,4834695.502999999560416,Davenport,NO,NO,PASS,None
2162,21 251925 WET 07 OZ,Under Review ,304618.305999999982305,4846778.907999999821186,Humber River-Black Creek,NO,NO,PASS,None
2163,23 153890 NNY 18 SA,Under Review ,311398.816999999980908,4849176.064000000245869,Willowdale,NO,NO,PASS,None
2177,25 252382 NNY 18 SA,Under Review ,311881.102000000013504,4846394.469999999739230,Willowdale,NO,NO,PASS,None
2178,21 251413 STE 13 SA,Under Review ,314025.118000000016764,4836299.662999999709427,Toronto Centre,NO,NO,PASS,None
2179,22 191098 NNY 18 SA,Under Review ,311351.451000000000931,4850447.571999999694526,Willowdale,NO,NO,PASS,None
2187,21 251918 WET 07 SB,Under Review ,304618.305999999982305,4846778.907999999821186,Humber River-Black Creek,NO,NO,PASS,None
2197,26 112744 NNY 17 SA,Under Review ,316638.216000000014901,4849554.536000000312924,Don Valley North,NO,NO,PASS,None
2210,18 272239 ESC 22 SB,Under Review ,322092.011999999987893,4848838.962000000290573,Scarborough-Agincourt,NO,NO,PASS,None
2211,21 235961 NNY 15 SB,Under Review ,316119.213999999978114,4841411.530000000260770,Don Valley West,NO,NO,PASS,None
2213,26 185667 STE 12 SA,Under Review ,313343.810999999986961,4838681.531999999657273,Toronto-St. Paul's,NO,NO,PASS,None
2216,20 215681 ESC 22 OZ,Under Review ,319774.396999999997206,4848362.616999999620020,Scarborough-Agincourt,NO,NO,PASS,None
2219,22 227434 STE 13 SA,Under Review ,314546.787000000011176,4835390.883000000379980,Toronto Centre,NO,NO,PASS,None
2234,26 101832 STE 11 OZ,Under Review ,314070.446999999985565,4835016.577999999746680,University-Rosedale,NO,NO,PASS,None
2269,25 138195 NNY 18 SB,Under Review ,310274.169999999983702,4848409.947999999858439,Willowdale,NO,NO,PASS,None
2270,25 138195 NNY 18 SB,Under Review ,310269.385000000009313,4848424.567999999970198,Willowdale,NO,NO,PASS,None
2275,21 229241 WET 03 CD,Under Review ,302499.425999999977648,4834044.036999999545515,Etobicoke-Lakeshore,NO,NO,PASS,None
2276,21 163044 STE 09 SB,Under Review ,307754.797000000020489,4836640.641999999992549,Davenport,NO,NO,PASS,None
2280,25 184214 STE 04 SA,Under Review ,308596.476000000024214,4835161.820000000298023,Parkdale-High Park,NO,NO,PASS,None
2282,21 178726 STE 11 SA,Under Review ,313096.619000000006054,4836986.472000000067055,University-Rosedale,NO,NO,PASS,None
2283,21 178726 STE 11 SA,Under Review ,313108.090000000025611,4837000.802000000141561,University-Rosedale,NO,NO,PASS,None
2291,21 236433 WET 03 OZ,Under Review ,300166.416000000026543,4830002.932000000029802,Etobicoke-Lakeshore,NO,NO,PASS,None
2292,21 241239 WET 05 SA,Under Review ,306853.086999999999534,4838777.606999999843538,York South-Weston,NO,NO,PASS,None
2294,22 170530 NNY 08 SA,Under Review ,312780.689000000013039,4840837.609000000171363,Eglinton-Lawrence,NO,NO,PASS,None
2310,25 214767 NNY 18 OZ,Under Review ,310862.264000000024680,4846260.161999999545515,Willowdale,NO,NO,PASS,None
2317,21 232282 STE 10 CD,Under Review ,313747.853999999992084,4833917.825000000186265,Spadina-Fort York,NO,NO,PASS,None
2320,19 237185 WET 05 OZ,Under Review ,306428.132999999972526,4840717.808000000193715,York South-Weston,NO,NO,PASS,None
2323,21 169465 NNY 15 SA,Under Review ,313488.184000000008382,4841040.516999999992549,Don Valley West,NO,NO,PASS,None
2325,26 165289 NNY 08 OZ,Under Review ,310617.228999999992084,4841101.771999999880791,Eglinton-Lawrence,NO,NO,PASS,None
2330,22 196041 ESC 21 SA,Under Review ,321623.065000000002328,4843069.716000000014901,Scarborough Centre,NO,NO,PASS,None
2333,25 145839 STE 19 OZ,Under Review ,319446.952999999979511,4837063.379999999888241,Beaches-East York,NO,NO,PASS,None
2344,21 240659 ESC 21 SA,Under Review ,319759.213999999978114,4846284.304999999701977,Scarborough Centre,NO,NO,PASS,None
2345,22 204259 STE 14 SA,Under Review ,316692.640000000013970,4835142.433000000193715,Toronto-Danforth,YES,NO,FAIL,Watercourse
2346,22 204260 STE 14 OZ,Under Review ,316692.640000000013970,4835142.433000000193715,Toronto-Danforth,YES,NO,FAIL,Watercourse
2347,23 152215 NNY 18 SA,Under Review ,311398.816999999980908,4849176.064000000245869,Willowdale,NO,NO,PASS,None
2357,22 179762 NNY 18 SA,Under Review ,311612.911000000021886,4850013.019000000320375,Willowdale,NO,NO,PASS,None
2362,19 264673 STE 10 SA,Under Review ,313331.923999999999069,4833730.080000000074506,Spadina-Fort York,NO,NO,PASS,None
2382,21 206417 STE 14 SB,Under Review ,316245.820000000006985,4836971.986999999731779,Toronto-Danforth,NO,NO,PASS,None
2393,24 106385 ESC 22 OZ,Under Review ,319774.396999999997206,4848362.616999999620020,Scarborough-Agincourt,NO,NO,PASS,None
2396,25 265168 STE 13 SA,Under Review ,314578.755000000004657,4836382.695000000298023,Toronto Centre,NO,NO,PASS,None
2400,25 232204 ESC 24 OZ,Under Review ,328692.038000000000466,4845037.347000000067055,Scarborough-Guildwood,NO,NO,PASS,None
2408,22 137869 STE 12 SA,Under Review ,313516.805999999982305,4837753.866999999620020,Toronto-St. Paul's,NO,NO,PASS,None
2409,22 137869 STE 12 SA,Under Review ,313515.495999999984633,4837735.578999999910593,Toronto-St. Paul's,NO,NO,PASS,None
2410,22 137869 STE 12 SA,Under Review ,313502.724999999976717,4837726.830000000074506,Toronto-St. Paul's,NO,NO,PASS,None
2413,22 146295 STE 14 SA,Under Review ,317892.081000000005588,4837590.809999999590218,Toronto-Danforth,NO,NO,PASS,None
2414,21 234020 NNY 15 CD,Under Review ,313488.184000000008382,4841040.516999999992549,Don Valley West,NO,NO,PASS,None
2415,21 236477 WET 03 SB,Under Review ,300166.416000000026543,4830002.932000000029802,Etobicoke-Lakeshore,NO,NO,PASS,None
2416,22 221795 STE 14 OZ,Under Review ,319493.798999999999069,4836064.495000000111759,Toronto-Danforth,NO,NO,PASS,None
2432,21 235160 STE 13 SB,Under Review ,315790.570999999996275,4834814.708999999798834,Toronto Centre,NO,NO,PASS,None
2433,21 235160 STE 13 SB,Under Review ,315755.875999999989290,4834819.472000000067055,Toronto Centre,NO,NO,PASS,None
2434,21 250827 STE 10 SA,Under Review ,312579.348999999987427,4833836.583999999798834,Spadina-Fort York,NO,NO,PASS,None
2461,25 215644 ESC 22 OZ,Under Review ,321105.175999999977648,4848794.088000000454485,Scarborough-Agincourt,NO,NO,PASS,None
2471,21 235806 ESC 20 OZ,Under Review ,324180.869000000006054,4841317.599000000394881,Scarborough Southwest,NO,NO,PASS,None
2476,17 112623 NNY 15 SB,Under Review ,309497.624000000010710,4842381.031999999657273,Eglinton-Lawrence,NO,NO,PASS,None
2477,17 112623 NNY 15 SB,Under Review ,308993.023999999975786,4842358.308000000193715,Eglinton-Lawrence,NO,NO,PASS,None
2479,23 138551 STE 12 SA,Under Review ,309016.630000000004657,4839255.555999999865890,Toronto-St. Paul's,NO,NO,PASS,None
2480,24 166781 WET 07 SA,Under Review ,301839.912000000011176,4844960.718000000342727,Humber River-Black Creek,NO,NO,PASS,None
2487,23 154398 STE 10 SA,Under Review ,311199.537000000011176,4832730.811999999918044,Spadina-Fort York,NO,NO,PASS,None
2498,26 202543 STE 12 SA,Under Review ,311883.928000000014435,4838615.951000000350177,Toronto-St. Paul's,NO,NO,PASS,None
2502,16 270578 ESC 35 SA,Under Review ,322397.239999999990687,4839024.519999999552965,Scarborough Southwest,NO,NO,PASS,None
2512,21 143597 ESC 23 OZ,Under Review ,321805.346000000019558,4851736.581000000238419,Scarborough North,NO,NO,PASS,None
2513,21 234435 STE 10 CD,Under Review ,312976.505999999993946,4833453.133999999612570,Spadina-Fort York,NO,NO,PASS,None
2514,23 172335 ESC 21 OZ,Under Review,320990.588999999978114,4842917.105999999679625,Scarborough Centre,NO,NO,PASS,None
2518,23 192792 STE 10 CD,Under Review ,313571.413000000000466,4833726.554999999701977,Spadina-Fort York,NO,NO,PASS,None
2519,22 196038 ESC 21 OZ,Under Review ,321623.065000000002328,4843069.716000000014901,Scarborough Centre,NO,NO,PASS,None
2528,19 155807 STE 12 SA,Under Review ,313371.224999999976717,4838393.673000000417233,Toronto-St. Paul's,NO,NO,PASS,None
2532,21 235161 STE 19 SA,Under Review ,319858.905000000027940,4836183.735000000335276,Beaches-East York,NO,NO,PASS,None
2537,25 149980 NNY 08 SA,Under Review ,309459.326000000000931,4840635.616999999620020,Eglinton-Lawrence,NO,NO,PASS,None
2546,26 192956 WET 03 OZ,Under Review ,300166.416000000026543,4830002.932000000029802,Etobicoke-Lakeshore,NO,NO,PASS,None
2558,20 234885 ESC 20 SA,Under Review ,324452.699000000022352,4843653.010999999940395,Scarborough Southwest,NO,NO,PASS,None
2560,23 138638 STE 10 SA,Under Review ,313119.617000000027474,4834061.247000000439584,Spadina-Fort York,NO,NO,PASS,None
2569,21 234409 NNY 18 CD,Under Review ,311698.776000000012573,4847857.879999999888241,Willowdale,NO,NO,PASS,None
2571,22 221902 NNY 15 SA,Under Review ,314724.126999999978580,4840935.440000000409782,Don Valley West,NO,NO,PASS,None
2581,23 172397 ESC 21 SB,Under Review ,320990.588999999978114,4842917.105999999679625,Scarborough Centre,NO,NO,PASS,None
2585,24 208067 NNY 15 SA,Under Review ,314572.053000000014435,4841165.180999999865890,Don Valley West,NO,NO,PASS,None
2586,26 129467 STE 04 SA,Under Review ,306355.675999999977648,4835977.820000000298023,Parkdale-High Park,NO,NO,PASS,None
2596,21 199636 STE 14 OZ,Under Review ,316245.820000000006985,4836971.986999999731779,Toronto-Danforth,NO,NO,PASS,None
2598,22 175297 WET 02 SA,Under Review ,299920.163999999989755,4832307.492999999783933,Etobicoke Centre,NO,NO,PASS,None
2599,22 175297 WET 02 SA,Under Review ,299871.755999999993946,4832463.042000000365078,Etobicoke Centre,NO,NO,PASS,None
2605,21 252097 WET 03 SA,Under Review ,304928.870999999984633,4830293.427000000141561,Etobicoke-Lakeshore,NO,NO,PASS,None
2606,25 184923 STE 04 SA,Under Review ,308596.476000000024214,4835161.820000000298023,Parkdale-High Park,NO,NO,PASS,None
2608,22 196040 ESC 21 SB,Under Review ,321623.065000000002328,4843069.716000000014901,Scarborough Centre,NO,NO,PASS,None
2610,21 186124 WET 05 OZ,Under Review ,306092.756999999983236,4838314.132000000216067,York South-Weston,NO,NO,PASS,None
2613,26 155093 NNY 16 OZ,Under Review ,318008.788000000000466,4842256.538999999873340,Don Valley East,NO,NO,PASS,None
2624,25 257536 NNY 18 OZ,Under Review ,311273.376999999978580,4848579.746000000275671,Willowdale,NO,NO,PASS,None
2627,22 170531 NNY 08 OZ,Under Review ,312780.689000000013039,4840837.609000000171363,Eglinton-Lawrence,NO,NO,PASS,None
2629,24 174546 WET 03 SA,Under Review ,305275.091000000014901,4830808.449000000022352,Etobicoke-Lakeshore,NO,NO,PASS,None
2665,22 129627 STE 13 SA,Under Review ,314902.876999999978580,4834769.637000000104308,Toronto Centre,NO,NO,PASS,None
2668,21 235814 ESC 20 SB,Under Review ,324180.869000000006054,4841317.599000000394881,Scarborough Southwest,NO,NO,PASS,None
2678,25 236949 STE 13 OZ,Under Review ,316319.804000000003725,4835451.343000000342727,Toronto Centre,NO,NO,PASS,None
2679,23 174316 WET 05 SA,Under Review ,305350.349999999976717,4838552.214999999850988,York South-Weston,NO,NO,PASS,None
2703,24 175201 WET 03 SA,Under Review ,305275.091000000014901,4830808.449000000022352,Etobicoke-Lakeshore,NO,NO,PASS,None
2718,26 191872 WET 03 OZ,Under Review ,305275.091000000014901,4830808.449000000022352,Etobicoke-Lakeshore,NO,NO,PASS,None
2727,22 242949 WET 05 SA,Under Review ,303553.976000000024214,4839788.472000000067055,York South-Weston,NO,NO,PASS,None
2742,25 159447 STE 10 CD,Under Review ,313078.977000000013504,4833655.046000000089407,Spadina-Fort York,NO,NO,PASS,None
2832,20 209468 NNY 18 SA,Under Review ,311504.340000000025611,4849208.408999999985099,Willowdale,NO,NO,PASS,None
2837,19 193057 STE 04 SA,Under Review ,310192.049999999988358,4832654.383999999612570,Parkdale-High Park,NO,NO,PASS,None
2846,16 126393 STE 28 SB,Amend Drft Plan App,314952.967000000004191,4833431.275999999605119,Spadina-Fort York,NO,NO,PASS,None
2855,21 231206 NNY 08 SA,Under Review ,311405.318000000028405,4842762.508000000379980,Eglinton-Lawrence,NO,NO,PASS,None
2862,19 243233 NNY 06 SA,Under Review ,308890.874000000010710,4849657.400999999605119,York Centre,NO,NO,PASS,None
2866,17 112623 NNY 15 SB,Under Review ,309319.770000000018626,4842408.457000000402331,Eglinton-Lawrence,NO,NO,PASS,None
2867,17 112623 NNY 15 SB,Under Review ,309389.016999999992549,4842438.059000000357628,Eglinton-Lawrence,NO,NO,PASS,None
2868,17 112623 NNY 15 SB,Under Review ,309401.590000000025611,4842338.459999999962747,Eglinton-Lawrence,NO,NO,PASS,None
2869,17 112623 NNY 15 SB,Under Review ,309483.520000000018626,4842227.694000000134110,Eglinton-Lawrence,NO,NO,PASS,None
2873,21 233900 STE 13 CD,Under Review ,314217.868000000016764,4835827.491000000387430,Toronto Centre,NO,NO,PASS,None
2923,25 113994 WET 07 SA,Under Review ,302318.597999999998137,4845040.609000000171363,Humber River-Black Creek,NO,NO,PASS,None
2924,25 239794 STE 10 OZ,Under Review ,314952.967000000004191,4833431.275999999605119,Spadina-Fort York,NO,NO,PASS,None
2934,22 204654 STE 10 SA,Under Review ,313937.675999999977648,4834787.461000000126660,Spadina-Fort York,NO,NO,PASS,None
2935,22 204481 STE 10 SA,Under Review ,313632.315999999991618,4833819.910000000149012,Spadina-Fort York,NO,NO,PASS,None
2949,21 235323 STE 13 CD,Under Review ,315566.096000000019558,4834655.591000000014901,Toronto Centre,NO,NO,PASS,None
2950,21 226191 STE 12 SA,Under Review ,313023.167000000015832,4840519.650000000372529,Toronto-St. Paul's,NO,NO,PASS,None
2953,25 242829 STE 13 SA,Under Review ,316212.417000000015832,4834710.734000000171363,Toronto Centre,NO,NO,PASS,None
2962,25 248864 NNY 08 SA,Under Review ,312771.969999999972060,4841688.197999999858439,Eglinton-Lawrence,NO,NO,PASS,None
2965,21 227617 STE 04 SB,Under Review ,307625.458999999973457,4835023.594999999739230,Parkdale-High Park,NO,NO,PASS,None
2967,21 235361 STE 12 SB,Under Review ,313044.145000000018626,4839922.299999999813735,Toronto-St. Paul's,NO,NO,PASS,None
2968,21 234491 STE 13 SB,Under Review ,314029.739000000001397,4836175.199000000022352,Toronto Centre,NO,NO,PASS,None
2969,21 234491 STE 13 SB,Under Review ,314025.608999999996740,4836189.135999999940395,Toronto Centre,NO,NO,PASS,None
2996,22 137043 ESC 22 SA,Under Review ,319455.764000000024680,4848192.856999999843538,Scarborough-Agincourt,NO,NO,PASS,None
3005,21 213552 STE 12 SB,Under Review ,313351.909999999974389,4840680.865000000223517,Toronto-St. Paul's,NO,NO,PASS,None
3007,22 137231 STE 14 SA,Under Review ,317180.523999999975786,4834661.359000000171363,Toronto-Danforth,NO,NO,PASS,None
3010,22 192721 STE 13 SA,Under Review ,314973.091000000014901,4834499.195000000298023,Toronto Centre,NO,NO,PASS,None
3016,23 186707 STE 10 SA,Under Review ,313056.952999999979511,4833884.782999999821186,Spadina-Fort York,NO,NO,PASS,None
3019,19 254024 STE 10 SA,Under Review ,313129.181999999971595,4833827.611999999731779,Spadina-Fort York,NO,NO,PASS,None
3020,19 254024 STE 10 SA,Under Review ,313158.726000000024214,4833825.600999999791384,Spadina-Fort York,NO,NO,PASS,None
3026,21 230126 STE 13 CD,Under Review ,315171.957999999984168,4834528.480999999679625,Toronto Centre,NO,NO,PASS,None
3029,21 245354 STE 10 SA,Under Review ,314952.967000000004191,4833431.275999999605119,Spadina-Fort York,NO,NO,PASS,None
3031,21 234394 STE 14 SB,Under Review ,316983.451000000000931,4835034.404000000096858,Toronto-Danforth,NO,NO,PASS,None
3032,21 234394 STE 14 SB,Under Review ,317027.379000000015367,4835075.775000000372529,Toronto-Danforth,NO,NO,PASS,None
3035,25 267189 WET 05 OZ,Under Review ,303249.994000000006054,4839870.747000000439584,York South-Weston,NO,NO,PASS,None
3037,25 173118 NNY 08 OZ,Under Review ,310401.875999999989290,4841972.118999999947846,Eglinton-Lawrence,NO,NO,PASS,None
3043,17 215108 STE 20 SA,Under Review ,312872.381999999983236,4833674.445000000298023,Spadina-Fort York,NO,NO,PASS,None
3048,25 155135 ESC 20 OZ,Under Review ,323993.440999999991618,4841408.389999999664724,Scarborough Southwest,NO,NO,PASS,None
3061,23 139212 NNY 16 SA,Under Review ,317631.353000000002794,4843527.158999999985099,Don Valley East,NO,NO,PASS,None
3062,25 252382 NNY 18 SA,Under Review ,311904.398999999975786,4846398.917000000365078,Willowdale,NO,NO,PASS,None
3071,21 188740 STE 13 SA,Under Review ,313958.281000000017229,4836264.252999999560416,Toronto Centre,NO,NO,PASS,None
3075,21 234394 STE 14 SB,Under Review ,316978.539999999979045,4835049.264999999664724,Toronto-Danforth,NO,NO,PASS,None
3076,21 234394 STE 14 SB,Under Review ,317036.234999999986030,4834988.288999999873340,Toronto-Danforth,NO,NO,PASS,None
3077,21 234394 STE 14 SB,Under Review ,317037.778999999980442,4835025.492999999783933,Toronto-Danforth,NO,NO,PASS,None
3080,21 234388 STE 13 CD,Under Review ,316252.830000000016298,4835454.036999999545515,Toronto Centre,NO,NO,PASS,None
3083,22 213984 WET 03 SA,Under Review ,306379.619000000006054,4831513.009999999776483,Etobicoke-Lakeshore,NO,NO,PASS,None
3092,25 138195 NNY 18 SB,Under Review ,310282.648999999975786,4848274.518000000156462,Willowdale,NO,NO,PASS,None
3104,21 250485 NNY 06 SA,Under Review ,309758.579000000027008,4843815.529000000096858,York Centre,NO,NO,PASS,None
3112,25 269493 ESC 23 OZ,Under Review ,323502.369000000006054,4849518.980999999679625,Scarborough North,NO,NO,PASS,None
3115,21 124972 NNY 18 SA,Under Review ,310282.648999999975786,4848274.518000000156462,Willowdale,NO,NO,PASS,None
3127,26 167772 STE 13 SA,Under Review ,315573.315999999991618,4835612.584999999962747,Toronto Centre,NO,NO,PASS,None
3140,25 267189 WET 05 OZ,Under Review ,303230.690000000002328,4839879.707000000402331,York South-Weston,NO,NO,PASS,None
3142,25 173118 NNY 08 OZ,Under Review ,310400.462999999988824,4841982.433000000193715,Eglinton-Lawrence,NO,NO,PASS,None
3153,21 251865 STE 04 SA,Under Review ,306545.652000000001863,4835935.661000000312924,Parkdale-High Park,NO,NO,PASS,None
3154,22 124213 STE 13 SA,Under Review ,315056.380000000004657,4835107.519999999552965,Toronto Centre,NO,NO,PASS,None
3208,25 138195 NNY 18 SB,Under Review ,310347.451999999990221,4848300.741000000387430,Willowdale,NO,NO,PASS,None
3287,25 125479 WET 03 SA,Under Review ,301610.070000000006985,4832877.149000000208616,Etobicoke-Lakeshore,NO,NO,PASS,None
3288,26 134340 STE 10 SA,Application Received,313554.802000000025146,4834177.239000000059605,Spadina-Fort York,NO,NO,PASS,None
3289,25 236949 STE 13 OZ,Under Review ,316278.726000000024214,4835462.952999999746680,Toronto Centre,NO,NO,PASS,None
3292,22 179212 NNY 15 SA,Under Review ,312491.255999999993946,4844609.923000000417233,Don Valley West,YES,NO,FAIL,Watercourse
3305,20 146496 WET 03 SB,Under Review ,306379.619000000006054,4831513.009999999776483,Etobicoke-Lakeshore,NO,NO,PASS,None
3307,21 235230 NNY 08 SA,Under Review ,308711.853000000002794,4839437.446999999694526,Eglinton-Lawrence,NO,NO,PASS,None
3313,23 146691 STE 10 SA,Under Review ,313854.928000000014435,4834274.486999999731779,Spadina-Fort York,NO,NO,PASS,None
3316,23 120562 STE 11 SA,Under Review ,313842.137999999977183,4836438.796000000089407,University-Rosedale,NO,NO,PASS,None
3323,16 161258 STE 28 SA,Under Review ,315593.186999999976251,4834801.950000000186265,Toronto Centre,NO,NO,PASS,None
3333,21 235372 STE 13 CD,Under Review ,316129.255999999993946,4834972.440000000409782,Toronto Centre,NO,NO,PASS,None
3339,23 174316 WET 05 SA,Under Review ,305356.044999999983702,4838566.705000000074506,York South-Weston,NO,NO,PASS,None
3344,21 235231 NNY 08 SB,Under Review ,308711.853000000002794,4839437.446999999694526,Eglinton-Lawrence,NO,NO,PASS,None
3346,21 235357 STE 12 SA,Under Review ,313044.145000000018626,4839922.299999999813735,Toronto-St. Paul's,NO,NO,PASS,None
3355,21 226192 STE 12 CD,Under Review ,313023.167000000015832,4840519.650000000372529,Toronto-St. Paul's,NO,NO,PASS,None
3361,20 176695 STE 14 SA,Under Review ,317979.412000000011176,4837669.813000000081956,Toronto-Danforth,NO,NO,PASS,None
3362,21 234931 STE 11 SB,Under Review ,314217.559999999997672,4835104.000000000000000,University-Rosedale,NO,NO,PASS,None
3370,22 138162 STE 09 SA,Under Review ,307560.293999999994412,4837012.161999999545515,Davenport,NO,NO,PASS,None
3371,22 132905 STE 12 SA,Under Review ,313351.909999999974389,4840680.865000000223517,Toronto-St. Paul's,NO,NO,PASS,None
3376,17 278259 NNY 10 SB,Under Review ,308232.798000000009779,4846923.190999999642372,York Centre,NO,NO,PASS,None
3387,23 138604 STE 14 SA,Under Review ,317180.523999999975786,4834661.359000000171363,Toronto-Danforth,NO,NO,PASS,None
3389,22 241863 STE 13 SA,Under Review ,314009.596000000019558,4836113.979000000283122,Toronto Centre,NO,NO,PASS,None
3399,22 177065 NNY 15 SA,Under Review ,314640.485999999975320,4841267.169999999925494,Don Valley West,NO,NO,PASS,None
3403,22 133815 NNY 15 SA,Under Review ,314507.846000000019558,4840943.980999999679625,Don Valley West,NO,NO,PASS,None
3405,22 221560 STE 10 SA,Under Review ,314952.967000000004191,4833431.275999999605119,Spadina-Fort York,NO,NO,PASS,None
3410,19 261101 STE 11 SA,Under Review ,314217.559999999997672,4835104.000000000000000,University-Rosedale,NO,NO,PASS,None
3411,21 215567 STE 13 SA,Under Review ,314812.093999999982771,4834638.092000000178814,Toronto Centre,NO,NO,PASS,None
3412,22 131744 WET 03 SA,Under Review ,306379.619000000006054,4831513.009999999776483,Etobicoke-Lakeshore,NO,NO,PASS,None
3413,25 222153 WET 05 OZ,Under Review ,305968.216000000014901,4838184.236999999731779,York South-Weston,NO,NO,PASS,None
3418,21 203254 STE 13 SA,Under Review ,314116.659999999974389,4835754.132000000216067,Toronto Centre,NO,NO,PASS,None
3419,22 131972 STE 09 SB,Under Review ,307560.293999999994412,4837012.161999999545515,Davenport,NO,NO,PASS,None
3420,23 138551 STE 12 SA,Under Review ,309025.868000000016764,4839230.257000000216067,Toronto-St. Paul's,NO,NO,PASS,None
3422,25 188183 STE 19 SB,Under Review ,320353.098999999987427,4841318.406999999657273,Beaches-East York,NO,NO,PASS,None
3425,22 138373 STE 10 SA,Application Received,314952.967000000004191,4833431.275999999605119,Spadina-Fort York,NO,NO,PASS,None
3443,25 249692 ESC 21 CD,Under Review ,321854.534999999974389,4845639.099000000394881,Scarborough Centre,NO,NO,PASS,None
3444,25 179966 NNY 08 SA,Under Review ,309472.906000000017229,4840488.377000000327826,Eglinton-Lawrence,NO,NO,PASS,None
3447,23 138797 WET 03 SA,Under Review ,305123.510000000009313,4830674.007000000216067,Etobicoke-Lakeshore,NO,NO,PASS,None
3451,23 115001 WET 05 SA,Under Review ,303715.816999999980908,4839652.223000000230968,York South-Weston,NO,YES,FAIL,Wetland
3452,26 204746 NNY 15 OZ,Under Review ,314197.031000000017229,4844866.754999999888241,Don Valley West,NO,NO,PASS,None
3454,23 137642 WET 05 SA,Under Review ,303388.718999999982771,4839888.152999999932945,York South-Weston,NO,NO,PASS,None
3472,21 129062 STE 09 PL,Under Review ,309681.683000000019092,4836154.135999999940395,Davenport,NO,NO,PASS,None
3476,21 223797 NNY 16 SB,Under Review ,317631.353000000002794,4843527.158999999985099,Don Valley East,NO,NO,PASS,None
3483,25 267825 WET 03 SA,Under Review ,304700.734999999986030,4831090.059999999590218,Etobicoke-Lakeshore,NO,NO,PASS,None
3492,21 228596 STE 09 SB,Under Review ,307425.664999999979045,4837377.101999999955297,Davenport,NO,NO,PASS,None
3495,22 131961 STE 09 OZ,Under Review ,307560.293999999994412,4837012.161999999545515,Davenport,NO,NO,PASS,None
3497,22 196930 STE 11 SA,Under Review ,313269.440999999991618,4835198.345999999903142,University-Rosedale,NO,NO,PASS,None
3504,25 214767 NNY 18 OZ,Under Review ,310822.733999999996740,4846250.095999999903142,Willowdale,NO,NO,PASS,None
3521,22 138768 STE 14 SA,Under Review ,316545.505999999993946,4838537.252000000327826,Toronto-Danforth,NO,NO,PASS,None
3526,22 192792 NNY 08 SA,Under Review ,309773.232000000018161,4841695.321999999694526,Eglinton-Lawrence,NO,NO,PASS,None
3533,22 137184 STE 12 SA,Under Review ,313301.021999999997206,4839452.768000000156462,Toronto-St. Paul's,NO,NO,PASS,None
3536,25 212846 WET 03 SA,Under Review ,301783.044999999983702,4833214.197999999858439,Etobicoke-Lakeshore,NO,NO,PASS,None
3542,23 174343 WET 05 SA,Under Review ,305394.293000000005122,4838541.854000000283122,York South-Weston,NO,NO,PASS,None
3580,25 205890 NNY 16 SA,Under Review ,316097.003000000026077,4845740.264000000432134,Don Valley East,NO,NO,PASS,None
3584,19 263645 STE 10 SA,Under Review ,316056.311999999976251,4834160.521999999880791,Spadina-Fort York,NO,NO,PASS,None
3591,12 228867 ESC 40 SA,Under Review ,322528.939000000013039,4847607.491999999620020,Scarborough Centre,NO,NO,PASS,None
3594,21 250827 STE 10 SA,Under Review ,312584.126999999978580,4833816.191999999806285,Spadina-Fort York,NO,NO,PASS,None
3596,24 141972 ESC 23 OZ,Under Review ,323124.586000000010245,4852752.019999999552965,Scarborough North,NO,NO,PASS,None
3597,24 166781 WET 07 SA,Under Review ,301849.882999999972526,4844885.452999999746680,Humber River-Black Creek,NO,NO,PASS,None
3598,24 171199 WET 07 SA,Under Review ,304841.343999999982771,4847506.018000000156462,Humber River-Black Creek,NO,NO,PASS,None
3613,23 115001 WET 05 SA,Under Review ,303706.003000000026077,4839659.411999999545515,York South-Weston,NO,YES,FAIL,Wetland
3635,20 114224 NNY 06 OZ,Under Review ,305708.690999999991618,4846860.044999999925494,York Centre,NO,NO,PASS,None
3636,19 235692 ESC 24 CD,Under Review ,325954.994000000006054,4848690.771999999880791,Scarborough-Guildwood,YES,YES,FAIL,Both
3647,17 112623 NNY 15 SB,Under Review ,309404.256999999983236,4842395.597000000067055,Eglinton-Lawrence,NO,NO,PASS,None
3648,17 112623 NNY 15 SB,Under Review ,309465.505999999993946,4842414.644000000320375,Eglinton-Lawrence,NO,NO,PASS,None
3649,17 112623 NNY 15 SB,Under Review ,309317.656000000017229,4842398.940999999642372,Eglinton-Lawrence,NO,NO,PASS,None
3650,17 112623 NNY 15 SB,Under Review ,309454.282999999995809,4842272.389000000432134,Eglinton-Lawrence,NO,NO,PASS,None
3653,21 234759 STE 10 SB,Under Review ,313889.478000000002794,4833952.475999999791384,Spadina-Fort York,NO,NO,PASS,None
3665,26 129467 STE 04 SA,Under Review ,306381.674999999988358,4835989.024000000208616,Parkdale-High Park,NO,NO,PASS,None
3670,21 211001 STE 12 CD,Under Review ,313582.321999999985565,4840588.351999999955297,Toronto-St. Paul's,NO,NO,PASS,None
3671,21 211001 STE 12 CD,Under Review ,313581.753000000026077,4840593.109000000171363,Toronto-St. Paul's,NO,NO,PASS,None
3676,23 140846 NNY 08 SA,Under Review ,307371.081999999994878,4841392.118999999947846,Eglinton-Lawrence,NO,NO,PASS,None
3683,25 269493 ESC 23 OZ,Under Review ,323490.443000000028405,4849507.239000000059605,Scarborough North,NO,NO,PASS,None
3704,23 172397 ESC 21 SB,Under Review ,320820.114000000001397,4842849.183000000193715,Scarborough Centre,NO,NO,PASS,None
3705,23 172397 ESC 21 SB,Under Review ,320860.717000000004191,4842825.089999999850988,Scarborough Centre,NO,NO,PASS,None
3706,22 156452 WET 07 SA,Under Review ,304226.298000000009779,4848278.694000000134110,Humber River-Black Creek,NO,NO,PASS,None
3709,17 277685 NNY 16 SA,Under Review ,310610.996999999973923,4844097.299999999813735,Eglinton-Lawrence,NO,NO,PASS,None
3733,21 124972 NNY 18 SA,Under Review ,310347.451999999990221,4848300.741000000387430,Willowdale,NO,NO,PASS,None
3737,21 201846 STE 09 SA,Under Review ,308958.950000000011642,4835009.406999999657273,Davenport,NO,NO,PASS,None
3744,19 218252 STE 10 SA,Under Review ,315166.080000000016298,4833683.798000000417233,Spadina-Fort York,NO,NO,PASS,None
3751,21 178726 STE 11 SA,Under Review ,313087.950000000011642,4837012.690000000409782,University-Rosedale,NO,NO,PASS,None
3768,21 235361 STE 12 SB,Under Review ,313043.267999999981839,4839929.320000000298023,Toronto-St. Paul's,NO,NO,PASS,None
3769,21 245851 STE 11 SA,Under Review ,312556.368000000016764,4836116.821999999694526,University-Rosedale,NO,NO,PASS,None
3770,21 245851 STE 11 SA,Under Review ,312579.152999999991152,4836120.260999999940395,University-Rosedale,NO,NO,PASS,None
3817,21 235372 STE 13 CD,Under Review ,316139.952999999979511,4834975.665000000037253,Toronto Centre,NO,NO,PASS,None
3818,22 238619 NNY 18 SA,Under Review ,310021.847000000008848,4848142.324000000022352,Willowdale,NO,NO,PASS,None
3819,22 221902 NNY 15 SA,Under Review ,314728.130000000004657,4841003.140999999828637,Don Valley West,NO,NO,PASS,None
3822,24 242044 NNY 16 SA,Under Review ,317759.303000000014435,4842240.891999999992549,Don Valley East,NO,NO,PASS,None
3824,21 218034 STE 10 CD,Under Review ,313545.804000000003725,4833628.280000000260770,Spadina-Fort York,NO,NO,PASS,None
3825,21 234509 STE 11 SB,Under Review ,312556.368000000016764,4836116.821999999694526,University-Rosedale,NO,NO,PASS,None
3826,21 234509 STE 11 SB,Under Review ,312579.152999999991152,4836120.260999999940395,University-Rosedale,NO,NO,PASS,None
3829,22 166320 STE 09 OZ,Under Review ,307389.489999999990687,4837276.726999999955297,Davenport,NO,NO,PASS,None
3841,21 230126 STE 13 CD,Under Review ,315292.829000000027008,4834121.280000000260770,Toronto Centre,NO,NO,PASS,None
3843,21 213475 STE 12 SA,Under Review ,311190.917000000015832,4838226.178999999538064,Toronto-St. Paul's,NO,NO,PASS,None
3868,22 180773 STE 12 SA,Under Review ,313628.282000000006519,4840466.316999999806285,Toronto-St. Paul's,NO,NO,PASS,None
3894,24 217174 WET 02 OZ,Under Review ,302707.837999999988824,4834631.240000000223517,Etobicoke Centre,NO,NO,PASS,None
3906,20 146488 WET 03 OZ,Under Review ,306379.619000000006054,4831513.009999999776483,Etobicoke-Lakeshore,NO,NO,PASS,None
3913,21 229426 STE 13 CD,Under Review ,313814.808000000019092,4836140.882000000216067,Toronto Centre,NO,NO,PASS,None
3914,21 218002 STE 13 SA,Under Review ,313814.808000000019092,4836140.882000000216067,Toronto Centre,NO,NO,PASS,None
3917,22 242108 WET 03 SA,Under Review ,300410.742000000027474,4831404.665000000037253,Etobicoke-Lakeshore,NO,NO,PASS,None
3923,22 200231 NNY 16 OZ,Under Review ,316970.177000000025146,4841850.951000000350177,Don Valley East,YES,NO,FAIL,Watercourse
3956,19 217032 STE 10 SA,Under Review ,313285.250999999989290,4834169.781999999657273,Spadina-Fort York,NO,NO,PASS,None
3972,25 155953 STE 09 OZ,Under Review ,307780.701999999990221,4838968.586000000126660,Davenport,NO,NO,PASS,None
3981,21 235357 STE 12 SA,Under Review ,313043.267999999981839,4839929.320000000298023,Toronto-St. Paul's,NO,NO,PASS,None
3983,21 225328 STE 13 CD,Under Review ,314409.650000000023283,4835838.605000000447035,Toronto Centre,NO,NO,PASS,None
3990,19 193057 STE 04 SA,Under Review ,310183.580000000016298,4832564.445000000298023,Parkdale-High Park,NO,NO,PASS,None
3993,16 126393 STE 28 SB,Amend Drft Plan App,314942.570000000006985,4833427.561999999918044,Spadina-Fort York,NO,NO,PASS,None
4005,21 181193 ESC 22 SA,Under Review ,321165.478999999992084,4851913.245000000111759,Scarborough-Agincourt,NO,NO,PASS,None
4010,21 234132 WET 07 SA,Under Review ,304811.450000000011642,4846817.964999999850988,Humber River-Black Creek,NO,NO,PASS,None
4011,22 140277 NNY 06 SA,Under Review ,305708.690999999991618,4846860.044999999925494,York Centre,NO,NO,PASS,None
4023,21 252336 NNY 06 OZ,Under Review ,307011.570000000006985,4847162.677000000141561,York Centre,NO,NO,PASS,None
4025,22 238620 NNY 18 OZ,Under Review ,310021.847000000008848,4848142.324000000022352,Willowdale,NO,NO,PASS,None
4030,21 233673 WET 07 CD,Under Review ,304811.450000000011642,4846817.964999999850988,Humber River-Black Creek,NO,NO,PASS,None
4032,20 114230 NNY 06 SB,Under Review ,305708.690999999991618,4846860.044999999925494,York Centre,NO,NO,PASS,None
4037,26 121487 NNY 18 OZ,Under Review ,311712.306999999971595,4847684.611999999731779,Willowdale,NO,NO,PASS,None
4038,22 136574 STE 09 SA,Under Review ,308344.971000000019558,4837109.128999999724329,Davenport,NO,NO,PASS,None
4041,22 139638 WET 07 SA,Under Review ,304482.169999999983702,4846572.389000000432134,Humber River-Black Creek,NO,NO,PASS,None
4043,21 184321 STE 10 SB,Under Review ,313589.281000000017229,4834125.644999999552965,Spadina-Fort York,NO,NO,PASS,None
4053,21 172654 STE 10 OZ,Under Review ,312584.126999999978580,4833816.191999999806285,Spadina-Fort York,NO,NO,PASS,None
4054,21 233901 NNY 18 CD,Under Review ,311428.827999999979511,4849660.194000000134110,Willowdale,NO,NO,PASS,None
4061,24 252698 WET 01 SA,Under Review ,294005.919999999983702,4845118.876000000163913,Etobicoke North,NO,NO,PASS,None
4067,26 112174 STE 09 SA,Under Review ,311076.965000000025611,4834365.440000000409782,Davenport,NO,NO,PASS,None
4070,20 234714 NNY 17 SB,Under Review ,314051.038000000000466,4850369.492999999783933,Don Valley North,NO,NO,PASS,None
4071,24 252497 NNY 15 OZ,Under Review ,314759.870999999984633,4841097.356999999843538,Don Valley West,NO,NO,PASS,None
4072,25 222153 WET 05 OZ,Under Review ,305917.012999999977183,4838219.165000000037253,York South-Weston,NO,NO,PASS,None
4074,21 230120 STE 09 CD,Under Review ,308344.971000000019558,4837109.128999999724329,Davenport,NO,NO,PASS,None
4084,25 173118 NNY 08 OZ,Under Review ,310400.468999999982771,4841987.648000000044703,Eglinton-Lawrence,NO,NO,PASS,None
4106,21 213552 STE 12 SB,Under Review ,313326.588999999978114,4840666.435999999754131,Toronto-St. Paul's,NO,NO,PASS,None
4114,22 192155 STE 11 SA,Under Review ,313706.851000000024214,4834892.180999999865890,University-Rosedale,NO,NO,PASS,None
4131,21 251925 WET 07 OZ,Under Review ,304482.169999999983702,4846572.389000000432134,Humber River-Black Creek,NO,NO,PASS,None
4136,22 138885 STE 11 SA,Under Review ,312486.130000000004657,4836098.000000000000000,University-Rosedale,NO,NO,PASS,None
4147,21 234506 STE 11 OZ,Under Review ,312556.368000000016764,4836116.821999999694526,University-Rosedale,NO,NO,PASS,None
4148,21 234506 STE 11 OZ,Under Review ,312579.152999999991152,4836120.260999999940395,University-Rosedale,NO,NO,PASS,None
4149,22 132905 STE 12 SA,Under Review ,313326.588999999978114,4840666.435999999754131,Toronto-St. Paul's,NO,NO,PASS,None
4187,21 166710 STE 10 SA,Under Review ,313889.478000000002794,4833952.475999999791384,Spadina-Fort York,NO,NO,PASS,None
4190,20 233433 STE 10 SA,Under Review ,313545.804000000003725,4833628.280000000260770,Spadina-Fort York,NO,NO,PASS,None
4227,25 211872 NNY 08 SA,Under Review ,309838.201999999990221,4839699.109000000171363,Eglinton-Lawrence,NO,NO,PASS,None
4231,21 234399 STE 10 SB,Under Review ,316056.311999999976251,4834160.521999999880791,Spadina-Fort York,NO,NO,PASS,None
4235,21 251322 NNY 18 SA,Under Review ,312275.125000000000000,4846409.145999999716878,Willowdale,NO,NO,PASS,None
4237,22 175297 WET 02 SA,Under Review ,299881.391000000003260,4832430.541000000201166,Etobicoke Centre,NO,NO,PASS,None
4238,22 133922 STE 12 SA,Under Review ,311053.424999999988358,4839073.728000000119209,Toronto-St. Paul's,NO,NO,PASS,None
4247,22 196135 NNY 17 SA,Under Review ,314460.765000000013970,4847357.299999999813735,Don Valley North,NO,NO,PASS,None
4248,12 203042 ESC 42 SA,Under Review ,328307.891999999992549,4852229.368999999947846,Scarborough-Rouge Park,NO,NO,PASS,None
4283,20 211508 WET 05 SA,Under Review ,305769.428000000014435,4838921.144999999552965,York South-Weston,NO,NO,PASS,None
4285,21 235961 NNY 15 SB,Under Review ,316129.935999999986961,4841332.417999999597669,Don Valley West,NO,NO,PASS,None
4295,24 153246 WET 03 SB,Under Review ,303549.058000000019092,4831015.750000000000000,Etobicoke-Lakeshore,NO,NO,PASS,None
4296,10 192817 ESC 42 SA,Under Review ,329106.677000000025146,4853408.652999999932945,Scarborough-Rouge Park,NO,NO,PASS,None
4312,24 252341 ESC 24 OZ,Under Review ,325236.417000000015832,4848042.808000000193715,Scarborough-Guildwood,NO,NO,PASS,None
4313,26 149609 WET 05 SA,Application Received,305310.766000000003260,4838458.456000000238419,York South-Weston,NO,NO,PASS,None
4334,22 196930 STE 11 SA,Under Review ,313242.580000000016298,4835190.595999999903142,University-Rosedale,NO,NO,PASS,None
4347,25 191848 NNY 17 OZ,Under Review ,314460.765000000013970,4847357.299999999813735,Don Valley North,NO,NO,PASS,None
4364,21 226321 STE 13 SB,Under Review ,315537.503000000026077,4834508.816999999806285,Toronto Centre,NO,NO,PASS,None
4366,23 172335 ESC 21 OZ,Under Review,320820.114000000001397,4842849.183000000193715,Scarborough Centre,NO,NO,PASS,None
4383,24 177979 WET 01 SA,Under Review ,296408.314000000013039,4841716.439000000245869,Etobicoke North,NO,NO,PASS,None
4388,21 226317 STE 13 SA,Under Review ,315537.503000000026077,4834508.816999999806285,Toronto Centre,NO,NO,PASS,None
4391,25 266344 NNY 15 SA,Under Review ,314759.870999999984633,4841097.356999999843538,Don Valley West,NO,NO,PASS,None
4403,23 172335 ESC 21 OZ,Under Review,320860.717000000004191,4842825.089999999850988,Scarborough Centre,NO,NO,PASS,None
4415,09 187701 ESC 39 SA,Under Review ,318098.788999999989755,4851053.260999999940395,Scarborough-Agincourt,NO,NO,PASS,None
4432,24 134354 ESC 23 SA,Under Review ,323124.586000000010245,4852752.019999999552965,Scarborough North,NO,NO,PASS,None
4433,21 234402 STE 10 CD,Under Review ,312799.652999999991152,4833855.901999999769032,Spadina-Fort York,NO,NO,PASS,None
4466,22 198135 STE 09 SA,Under Review ,307389.489999999990687,4837276.726999999955297,Davenport,NO,NO,PASS,None
4471,23 129424 STE 09 SA,Under Review ,307959.003000000026077,4836276.383000000379980,Davenport,NO,NO,PASS,None
4478,26 101832 STE 11 OZ,Under Review ,314095.096000000019558,4835020.364000000059605,University-Rosedale,NO,NO,PASS,None
4508,22 242145 STE 12 OZ,Under Review ,312970.613000000012107,4840442.150000000372529,Toronto-St. Paul's,NO,NO,PASS,None
4513,24 254630 STE 13 SA,Under Review ,315276.068000000028405,4834991.252000000327826,Toronto Centre,NO,NO,PASS,None
4529,20 146488 WET 03 OZ,Under Review ,306277.661000000021886,4831276.222000000067055,Etobicoke-Lakeshore,NO,YES,FAIL,Wetland
4553,15 247232 WET 06 OZ,Under Review ,304738.083999999973457,4830355.298000000417233,Etobicoke-Lakeshore,NO,NO,PASS,None
4557,17 112623 NNY 15 SB,Under Review ,309386.539999999979045,4842336.427000000141561,Eglinton-Lawrence,NO,NO,PASS,None
4593,21 233429 ESC 20 SB,Under Review ,321028.727000000013504,4842503.339999999850988,Scarborough Southwest,NO,NO,PASS,None
4594,21 235119 NNY 18 CD,Under Review ,312211.923999999999069,4846386.262000000104308,Willowdale,NO,NO,PASS,None
4595,22 193935 STE 12 SA,Under Review ,313083.960000000020955,4839998.566999999806285,Toronto-St. Paul's,NO,NO,PASS,None
4597,21 233427 ESC 20 OZ,Under Review ,321028.727000000013504,4842503.339999999850988,Scarborough Southwest,NO,NO,PASS,None
4598,21 233428 ESC 20 SA,Under Review ,321028.727000000013504,4842503.339999999850988,Scarborough Southwest,NO,NO,PASS,None
4601,17 112623 NNY 15 SB,Under Review ,309481.838999999978114,4842233.742999999783933,Eglinton-Lawrence,NO,NO,PASS,None
4623,19 262757 WET 07 SA,Under Review ,303832.597000000008848,4842454.333999999798834,Humber River-Black Creek,NO,NO,PASS,None
4627,21 169132 STE 13 SA,Under Review ,315420.648999999975786,4834744.127000000327826,Toronto Centre,NO,NO,PASS,None
4642,12 295562 WET 13 SA,Under Review ,304693.955000000016298,4835869.367999999783933,Parkdale-High Park,NO,NO,PASS,None
4647,21 215567 STE 13 SA,Under Review ,314800.113000000012107,4834666.763000000268221,Toronto Centre,NO,NO,PASS,None
4648,25 141826 NNY 08 OZ,Under Review ,309531.929999999993015,4840500.529000000096858,Eglinton-Lawrence,NO,NO,PASS,None
4649,21 230126 STE 13 CD,Under Review ,315185.712999999988824,4834515.309999999590218,Toronto Centre,NO,NO,PASS,None
4676,22 138768 STE 14 SA,Under Review ,316564.142999999981839,4838533.535000000149012,Toronto-Danforth,NO,NO,PASS,None
4680,21 231206 NNY 08 SA,Under Review ,311427.155000000027940,4842726.402999999932945,Eglinton-Lawrence,NO,NO,PASS,None
4687,19 262484 NNY 06 OZ,Under Review ,307302.071999999985565,4849378.201000000350177,York Centre,NO,NO,PASS,None
4688,19 254024 STE 10 SA,Under Review ,313195.699000000022352,4833831.151999999769032,Spadina-Fort York,NO,NO,PASS,None
4689,19 254024 STE 10 SA,Under Review ,313115.887999999977183,4833823.780000000260770,Spadina-Fort York,NO,NO,PASS,None
4695,25 222153 WET 05 OZ,Under Review ,305909.444000000017695,4838224.591000000014901,York South-Weston,NO,NO,PASS,None
4721,22 139459 WET 03 OZ,Under Review ,304160.023999999975786,4833999.643000000156462,Etobicoke-Lakeshore,NO,NO,PASS,None
4722,22 139459 WET 03 OZ,Under Review ,304070.832999999984168,4833972.069000000134110,Etobicoke-Lakeshore,NO,NO,PASS,None
4725,21 127937 NNY 08 OZ,Under Review ,308833.068000000028405,4839347.955000000074506,Eglinton-Lawrence,NO,NO,PASS,None
4742,25 264480 ESC 21 SA,Under Review ,321951.152000000001863,4845345.259999999776483,Scarborough Centre,NO,NO,PASS,None
4744,25 148973 ESC 20 SA,Under Review ,322715.880000000004657,4840588.598000000230968,Scarborough Southwest,NO,NO,PASS,None
4758,26 163623 STE 13 OZ,Under Review ,315912.898999999975786,4834393.673999999649823,Toronto Centre,NO,NO,PASS,None
4769,21 234388 STE 13 CD,Under Review ,316257.206000000005588,4835461.481999999843538,Toronto Centre,NO,NO,PASS,None
4771,22 132974 STE 13 SA,Under Review ,314042.271999999997206,4836137.167000000365078,Toronto Centre,NO,NO,PASS,None
4773,17 112623 NNY 15 SB,Under Review ,309478.815000000002328,4842245.841000000014901,Eglinton-Lawrence,NO,NO,PASS,None
4792,21 235877 STE 09 SB,Under Review ,307455.945999999996275,4837055.241000000387430,Davenport,NO,NO,PASS,None
4797,23 142988 NNY 08 SA,Under Review ,308833.068000000028405,4839347.955000000074506,Eglinton-Lawrence,NO,NO,PASS,None
4798,25 254942 NNY 15 SA,Under Review ,316490.968999999982771,4840738.833999999798834,Don Valley West,NO,NO,PASS,None
4799,26 213803 STE 04 SA,Application Received,310201.291000000026543,4832435.433000000193715,Parkdale-High Park,NO,NO,PASS,None
4802,16 209876 ESC 44 OZ,Under Review ,329982.809000000008382,4848879.696999999694526,Scarborough-Rouge Park,NO,NO,PASS,None
4803,16 209876 ESC 44 OZ,Under Review ,329620.833999999973457,4849596.469999999739230,Scarborough-Rouge Park,NO,NO,PASS,None
4837,19 240129 STE 09 SA,Under Review ,307995.810999999986961,4836886.578999999910593,Davenport,NO,NO,PASS,None
4866,24 238004 STE 12 OZ,Under Review ,313628.282000000006519,4840466.316999999806285,Toronto-St. Paul's,NO,NO,PASS,None
4879,21 235361 STE 12 SB,Under Review ,313040.608999999996740,4839946.298000000417233,Toronto-St. Paul's,NO,NO,PASS,None
4880,21 234491 STE 13 SB,Under Review ,314042.271999999997206,4836137.167000000365078,Toronto Centre,NO,NO,PASS,None
4902,21 229987 STE 11 SA,Under Review ,313140.048999999999069,4837066.713000000454485,University-Rosedale,NO,NO,PASS,None
4919,25 212846 WET 03 SA,Under Review ,301775.152999999991152,4833223.798000000417233,Etobicoke-Lakeshore,NO,NO,PASS,None
4920,25 197312 WET 01 OZ,Under Review ,295530.634000000020023,4843309.675999999977648,Etobicoke North,NO,NO,PASS,None
4947,26 161475 STE 14 SB,Under Review ,317081.200000000011642,4834221.319000000134110,Toronto-Danforth,NO,NO,PASS,None
4950,20 191765 ESC 22 SA,Under Review ,319167.193000000028405,4847780.213999999687076,Scarborough-Agincourt,NO,NO,PASS,None
4952,22 241048 ESC 20 SA,Under Review ,322386.772999999986496,4841723.984000000171363,Scarborough Southwest,NO,NO,PASS,None
4957,20 209468 NNY 18 SA,Under Review ,311621.957999999984168,4849230.523000000044703,Willowdale,NO,NO,PASS,None
4963,20 161832 STE 12 SA,Under Review ,313391.253000000026077,4838319.439000000245869,Toronto-St. Paul's,NO,NO,PASS,None
4979,26 115508 ESC 24 SB,Under Review ,324931.210000000020955,4848637.690999999642372,Scarborough-Guildwood,NO,NO,PASS,None
4988,25 138195 NNY 18 SB,Under Review ,310328.523999999975786,4848294.093999999575317,Willowdale,NO,NO,PASS,None
5004,21 199459 WET 03 PL,Under Review ,301501.430999999982305,4831620.326000000350177,Etobicoke-Lakeshore,NO,NO,PASS,None
5005,21 251322 NNY 18 SA,Under Review ,312211.923999999999069,4846386.262000000104308,Willowdale,NO,NO,PASS,None
5007,22 175297 WET 02 SA,Under Review ,299900.973999999987427,4832370.276999999769032,Etobicoke Centre,NO,NO,PASS,None
5009,25 210259 STE 04 SA,Under Review ,307459.358000000007451,4834642.996000000275671,Parkdale-High Park,NO,NO,PASS,None
5010,26 127575 STE 04 SA,Under Review ,309688.549999999988358,4832805.610999999567866,Parkdale-High Park,NO,NO,PASS,None
5015,24 224540 NNY 08 SA,Under Review ,308152.539999999979045,4842197.434000000357628,Eglinton-Lawrence,NO,NO,PASS,None
5017,25 252382 NNY 18 SA,Under Review ,311913.126999999978580,4846401.438000000081956,Willowdale,NO,NO,PASS,None
5018,17 153483 WET 06 SA,Under Review ,304738.083999999973457,4830355.298000000417233,Etobicoke-Lakeshore,NO,NO,PASS,None
5043,26 165289 NNY 08 OZ,Under Review ,310603.507999999972526,4841097.121000000275671,Eglinton-Lawrence,NO,NO,PASS,None
5058,20 232714 STE 12 OZ,Under Review ,312970.613000000012107,4840442.150000000372529,Toronto-St. Paul's,NO,NO,PASS,None
5059,24 254930 ESC 20 OZ,Under Review ,321976.538000000000466,4838685.503999999724329,Scarborough Southwest,NO,NO,PASS,None
5061,26 130072 WET 05 SA,Under Review ,306429.315000000002328,4836416.580000000074506,York South-Weston,NO,NO,PASS,None
5121,21 231681 STE 19 CD,Under Review ,321172.271999999997206,4838463.558000000193715,Beaches-East York,NO,NO,PASS,None
5139,26 214467 WET 03 CD,Application Received,304104.295999999972992,4835388.563000000081956,Etobicoke-Lakeshore,NO,NO,PASS,None
5140,26 214467 WET 03 CD,Application Received,304096.352000000013504,4835403.542000000365078,Etobicoke-Lakeshore,NO,NO,PASS,None
5146,21 232282 STE 10 CD,Under Review ,313772.104999999981374,4833924.292999999597669,Spadina-Fort York,NO,NO,PASS,None
5181,22 131744 WET 03 SA,Under Review ,306277.661000000021886,4831276.222000000067055,Etobicoke-Lakeshore,NO,YES,FAIL,Wetland
5185,23 115001 WET 05 SA,Under Review ,303726.320000000006985,4839646.961000000126660,York South-Weston,NO,YES,FAIL,Wetland
5208,21 230436 STE 10 CD,Under Review ,313295.591000000014901,4833851.412999999709427,Spadina-Fort York,NO,NO,PASS,None
5212,25 166443 STE 11 OZ,Under Review ,313648.124000000010710,4837536.316999999806285,University-Rosedale,NO,NO,PASS,None
5216,22 172695 ESC 24 OZ,Under Review ,329408.417000000015832,4846861.825000000186265,Scarborough-Guildwood,NO,NO,PASS,None
5223,20 146496 WET 03 SB,Under Review ,306277.661000000021886,4831276.222000000067055,Etobicoke-Lakeshore,NO,YES,FAIL,Wetland
5224,21 235357 STE 12 SA,Under Review ,313040.608999999996740,4839946.298000000417233,Toronto-St. Paul's,NO,NO,PASS,None
5225,21 225328 STE 13 CD,Under Review ,314414.935999999986961,4835820.877999999560416,Toronto Centre,NO,NO,PASS,None
5226,22 177065 NNY 15 SA,Under Review ,314626.102000000013504,4841265.743999999947846,Don Valley West,NO,NO,PASS,None
5242,21 228596 STE 09 SB,Under Review ,307378.859999999986030,4837331.417000000365078,Davenport,NO,NO,PASS,None
5244,25 257536 NNY 18 OZ,Under Review ,311288.457999999984168,4848589.324000000022352,Willowdale,NO,NO,PASS,None
5276,23 126217 NNY 18 OZ,Under Review ,310798.794999999983702,4850468.830000000074506,Willowdale,NO,NO,PASS,None
5278,25 265168 STE 13 SA,Under Review ,314554.435999999986961,4836446.049999999813735,Toronto Centre,NO,NO,PASS,None
5280,23 137642 WET 05 SA,Under Review ,303459.392999999981839,4839907.618999999947846,York South-Weston,NO,NO,PASS,None
5294,21 143750 STE 10 SA,Under Review ,315008.737000000022817,4833365.603000000119209,Spadina-Fort York,NO,NO,PASS,None
5295,21 203254 STE 13 SA,Under Review ,314114.708999999973457,4835760.633999999612570,Toronto Centre,NO,NO,PASS,None
5297,22 137231 STE 14 SA,Under Review ,317194.778999999980442,4834961.889999999664724,Toronto-Danforth,NO,NO,PASS,None
5309,25 120160 NNY 06 SA,Under Review ,309405.756999999983236,4845832.292999999597669,York Centre,NO,NO,PASS,None
5310,25 269679 WET 02 SA,Under Review ,301816.968999999982771,4833589.093999999575317,Etobicoke Centre,NO,NO,PASS,None
5312,24 248822 NNY 08 OZ,Under Review ,308152.539999999979045,4842197.434000000357628,Eglinton-Lawrence,NO,NO,PASS,None
5317,26 115551 ESC 24 OZ,Under Review ,324931.210000000020955,4848637.690999999642372,Scarborough-Guildwood,NO,NO,PASS,None
5320,23 126238 NNY 18 SB,Under Review ,310798.794999999983702,4850468.830000000074506,Willowdale,NO,NO,PASS,None
5321,23 125753 NNY 18 SA,Under Review ,311271.833999999973457,4850528.389999999664724,Willowdale,NO,NO,PASS,None
5322,23 133181 ESC 24 SA,Under Review ,327538.977000000013504,4844571.571999999694526,Scarborough-Guildwood,NO,NO,PASS,None
5324,23 126229 NNY 18 SA,Under Review ,310798.794999999983702,4850468.830000000074506,Willowdale,NO,NO,PASS,None
5326,24 251716 STE 19 SA,Under Review ,319923.656000000017229,4838256.729000000283122,Beaches-East York,NO,NO,PASS,None
5340,22 142698 ESC 20 SA,Under Review ,325705.152999999991152,4841926.564000000245869,Scarborough Southwest,NO,NO,PASS,None
5341,23 133181 ESC 24 SA,Under Review ,327718.598999999987427,4844681.368999999947846,Scarborough-Guildwood,NO,NO,PASS,None
5354,20 199761 STE 14 SA,Under Review ,318277.136999999987893,4836542.165000000037253,Toronto-Danforth,NO,NO,PASS,None
5360,22 202881 ESC 20 SA,Under Review ,326175.950000000011642,4844206.228000000119209,Scarborough Southwest,NO,NO,PASS,None
5381,24 178354 NNY 06 OZ,Under Review ,307584.881999999983236,4845550.171000000089407,York Centre,NO,NO,PASS,None
5382,24 246087 WET 05 SA,Under Review ,304532.561999999976251,4839942.540000000037253,York South-Weston,NO,NO,PASS,None
5388,24 241983 WET 01 SA,Under Review ,295059.217999999993481,4845085.069000000134110,Etobicoke North,NO,NO,PASS,None
5389,24 251716 STE 19 SA,Under Review ,319929.663999999989755,4838251.667999999597669,Beaches-East York,NO,NO,PASS,None
5415,14 216820 NNY 26 SA,Under Review ,315971.097000000008848,4840605.974000000394881,Don Valley West,NO,NO,PASS,None
5420,25 170633 STE 19 OZ,Under Review ,319888.757999999972526,4840378.701999999582767,Beaches-East York,NO,NO,PASS,None
5421,26 205778 NNY 06 OZ,Under Review ,307178.260000000009313,4843613.399000000208616,York Centre,NO,NO,PASS,None
5430,20 122927 ESC 24 SA,Under Review ,329172.063000000023749,4846501.239000000059605,Scarborough-Guildwood,NO,NO,PASS,None
5432,21 203254 STE 13 SA,Under Review ,314118.510000000009313,4835746.860999999567866,Toronto Centre,NO,NO,PASS,None
5439,21 251000 STE 10 SA,Under Review ,310993.370999999984633,4832858.023000000044703,Spadina-Fort York,NO,NO,PASS,None
5440,25 269493 ESC 23 OZ,Under Review ,323496.864000000001397,4849496.046000000089407,Scarborough North,NO,NO,PASS,None
5441,26 214481 WET 03 PL,Application Received,304104.295999999972992,4835388.563000000081956,Etobicoke-Lakeshore,NO,NO,PASS,None
5442,26 214481 WET 03 PL,Application Received,304096.352000000013504,4835403.542000000365078,Etobicoke-Lakeshore,NO,NO,PASS,None
5446,21 124972 NNY 18 SA,Under Review ,310328.523999999975786,4848294.093999999575317,Willowdale,NO,NO,PASS,None
5451,26 114386 NNY 18 OZ,Under Review ,311942.696999999985565,4846314.451000000350177,Willowdale,NO,NO,PASS,None
5452,26 196387 NNY 15 OZ,Under Review ,317000.055999999982305,4840115.933000000193715,Don Valley West,NO,NO,PASS,None
5455,21 234394 STE 14 SB,Under Review ,317036.522999999986496,4835044.952999999746680,Toronto-Danforth,NO,NO,PASS,None
5460,21 227802 STE 12 SB,Under Review ,313477.903999999980442,4838371.637000000104308,Toronto-St. Paul's,NO,NO,PASS,None
5468,22 191099 NNY 18 OZ,Under Review ,311364.200000000011642,4850449.799999999813735,Willowdale,NO,NO,PASS,None
5490,23 126078 STE 13 SA,Under Review ,316432.273999999975786,4834736.672000000253320,Toronto Centre,NO,NO,PASS,None
5524,21 250763 STE 12 SA,Under Review ,309050.242000000027474,4839273.889999999664724,Toronto-St. Paul's,NO,NO,PASS,None
5526,24 216579 STE 13 SA,Under Review ,314667.679000000003725,4836290.830000000074506,Toronto Centre,NO,NO,PASS,None
5530,21 250217 ESC 24 SA,Under Review ,327321.050999999977648,4845067.292999999597669,Scarborough-Guildwood,NO,NO,PASS,None
5541,18 155186 STE 30 SA,Under Review ,316588.735999999975320,4835906.110000000335276,Toronto-Danforth,NO,NO,PASS,None
5545,19 121813 STE 10 SA,Under Review ,311282.592000000004191,4833655.402999999932945,Spadina-Fort York,NO,NO,PASS,None
5546,19 243760 NNY 18 SA,Under Review ,311258.760999999998603,4850066.959999999962747,Willowdale,NO,NO,PASS,None
5576,26 186552 STE 10 SA,Under Review ,312263.510999999998603,4832670.128999999724329,Spadina-Fort York,NO,NO,PASS,None
5640,21 234402 STE 10 CD,Under Review ,312800.829000000027008,4833851.031999999657273,Spadina-Fort York,NO,NO,PASS,None
5641,24 237031 STE 13 SA,Under Review ,314096.744000000006054,4835785.120000000111759,Toronto Centre,NO,NO,PASS,None
5646,22 137934 STE 13 SA,Under Review ,315246.787000000011176,4834290.915000000037253,Toronto Centre,NO,NO,PASS,None
5647,23 138551 STE 12 SA,Under Review ,309005.716000000014901,4839279.553000000305474,Toronto-St. Paul's,NO,NO,PASS,None
5655,21 235323 STE 13 CD,Under Review ,315557.913000000000466,4834650.064000000245869,Toronto Centre,NO,NO,PASS,None
5657,21 231952 STE 11 CD,Under Review ,313167.545999999972992,4836305.786999999545515,University-Rosedale,NO,NO,PASS,None
5658,21 231690 NNY 18 CD,Under Review ,311258.760999999998603,4850066.959999999962747,Willowdale,NO,NO,PASS,None
5677,25 250965 NNY 08 SA,Under Review ,309487.321999999985565,4840598.887000000104308,Eglinton-Lawrence,NO,NO,PASS,None
5678,25 250965 NNY 08 SA,Under Review ,309472.173999999999069,4840595.246000000275671,Eglinton-Lawrence,NO,NO,PASS,None
5689,21 230436 STE 10 CD,Under Review ,313309.700000000011642,4833883.422000000253320,Spadina-Fort York,NO,NO,PASS,None
5690,21 247144 STE 09 SA,Under Review ,310645.217999999993481,4833528.411999999545515,Davenport,NO,NO,PASS,None
5691,23 110492 STE 13 SA,Under Review ,314518.856000000028871,4835456.832000000402331,Toronto Centre,NO,NO,PASS,None
5715,23 239053 WET 02 SA,Under Review ,299524.309999999997672,4833316.423000000417233,Etobicoke Centre,NO,NO,PASS,None
5752,19 217032 STE 10 SA,Under Review ,313289.072999999974854,4834170.922000000253320,Spadina-Fort York,NO,NO,PASS,None
5756,24 129384 NNY 17 SA,Under Review ,314849.681999999971595,4847419.793999999761581,Don Valley North,NO,NO,PASS,None
5767,21 198048 STE 10 SA,Under Review ,313309.700000000011642,4833883.422000000253320,Spadina-Fort York,NO,NO,PASS,None
5780,26 121464 NNY 18 SA,Under Review ,313239.139000000024680,4850500.195000000298023,Willowdale,NO,NO,PASS,None
5796,25 115073 WET 01 SA,Under Review ,296178.004000000015367,4844642.370000000111759,Etobicoke North,NO,NO,PASS,None
5797,25 213384 WET 03 OZ,Under Review ,302379.864000000001397,4833922.417999999597669,Etobicoke-Lakeshore,NO,NO,PASS,None
5798,15 258489 ESC 43 SA,Under Review ,329035.913999999989755,4845864.822999999858439,Scarborough-Guildwood,NO,NO,PASS,None
5799,18 254620 STE 20 SA,Under Review ,313167.545999999972992,4836305.786999999545515,University-Rosedale,NO,NO,PASS,None
5804,21 232282 STE 10 CD,Under Review ,313848.287000000011176,4833951.581000000238419,Spadina-Fort York,NO,NO,PASS,None
5810,21 231950 NNY 08 CD,Under Review ,312576.429000000003725,4842874.281999999657273,Eglinton-Lawrence,NO,NO,PASS,None
5823,21 149587 NNY 18 CD,Under Review ,311871.097000000008848,4847250.856999999843538,Willowdale,NO,NO,PASS,None
5825,22 162080 STE 12 SA,Under Review ,313253.992000000027474,4839609.660000000149012,Toronto-St. Paul's,NO,NO,PASS,None
5826,22 108031 NNY 18 SA,Under Review ,311345.599999999976717,4850163.650999999605119,Willowdale,NO,NO,PASS,None
5830,23 130404 NNY 18 SA,Under Review ,311871.097000000008848,4847250.856999999843538,Willowdale,NO,NO,PASS,None
5846,22 200452 STE 12 SA,Under Review ,313213.170999999972992,4838395.549999999813735,Toronto-St. Paul's,NO,NO,PASS,None
5848,24 187222 STE 04 SA,Under Review ,308514.662000000011176,4835290.752999999560416,Parkdale-High Park,NO,NO,PASS,None
5849,25 132512 ESC 21 OZ,Under Review ,320458.036000000021886,4843408.139999999664724,Scarborough Centre,NO,NO,PASS,None
5855,17 112623 NNY 15 SB,Under Review ,309535.472000000008848,4842253.774000000208616,Eglinton-Lawrence,NO,NO,PASS,None
5857,26 104032 WET 07 SA,Under Review ,299921.995999999984633,4847046.756000000052154,Humber River-Black Creek,NO,NO,PASS,None
5861,21 224777 STE 09 CD,Under Review ,310236.829000000027008,4834250.783999999985099,Davenport,NO,NO,PASS,None
5865,22 204260 STE 14 OZ,Under Review ,316724.521000000007916,4835152.616000000387430,Toronto-Danforth,YES,NO,FAIL,Watercourse
5871,25 241286 STE 11 SA,Under Review ,312286.798000000009779,4836247.203999999910593,University-Rosedale,NO,NO,PASS,None
5879,21 227660 NNY 15 CD,Under Review ,313446.755000000004657,4841051.777999999932945,Don Valley West,NO,NO,PASS,None
5883,22 201010 NNY 16 SB,Under Review ,316935.956000000005588,4841887.390999999828637,Don Valley East,NO,NO,PASS,None
5897,22 192792 NNY 08 SA,Under Review ,309788.636999999987893,4841699.555999999865890,Eglinton-Lawrence,NO,NO,PASS,None
5916,25 180089 NNY 18 SA,Under Review ,313787.979999999981374,4847029.111999999731779,Willowdale,NO,NO,PASS,None
5922,21 235027 NNY 18 CD,Under Review ,311679.244999999995343,4846511.208999999798834,Willowdale,NO,NO,PASS,None
5926,26 107153 ESC 23 SA,Under Review ,325414.744000000006054,4852148.334999999962747,Scarborough North,NO,NO,PASS,None
5931,20 233673 NNY 17 OZ,Under Review ,314073.810999999986961,4847255.548999999649823,Don Valley North,NO,NO,PASS,None
5946,22 201228 STE 10 SA,Under Review ,311845.634000000020023,4833370.138000000268221,Spadina-Fort York,NO,NO,PASS,None
5973,21 188740 STE 13 SA,Under Review ,313923.354999999981374,4836252.338000000454485,Toronto Centre,NO,NO,PASS,None
5974,26 186130 NNY 08 OZ,Under Review ,309302.227000000013504,4841075.304999999701977,Eglinton-Lawrence,NO,NO,PASS,None
5997,26 161475 STE 14 SB,Under Review ,316832.130999999993946,4833919.610999999567866,Toronto-Danforth,NO,NO,PASS,None
5999,25 102468 STE 13 OZ,Under Review ,314465.380999999993946,4834790.035000000149012,Toronto Centre,NO,NO,PASS,None
6012,22 143093 ESC 21 SA,Under Review ,320458.036000000021886,4843408.139999999664724,Scarborough Centre,NO,NO,PASS,None
6013,21 251396 NNY 16 SA,Under Review ,319462.820000000006985,4842763.594999999739230,Don Valley East,NO,NO,PASS,None
6014,22 110426 NNY 18 SA,Under Review ,313787.979999999981374,4847029.111999999731779,Willowdale,NO,NO,PASS,None
6016,24 194578 WET 05 SA,Under Review ,305746.798999999999069,4840444.086000000126660,York South-Weston,NO,NO,PASS,None
6019,21 211001 STE 12 CD,Under Review ,313575.641000000003260,4840614.904000000096858,Toronto-St. Paul's,NO,NO,PASS,None
6025,26 124085 WET 05 OZ,Under Review ,306728.452999999979511,4836445.980000000447035,York South-Weston,NO,NO,PASS,None
6027,26 120711 STE 19 CD,Under Review ,320753.099999999976717,4838400.000000000000000,Beaches-East York,NO,NO,PASS,None
6063,23 138584 NNY 08 SA,Under Review ,308263.368000000016764,4842228.351999999955297,Eglinton-Lawrence,NO,NO,PASS,None
6065,22 226856 STE 19 SA,Under Review ,320835.631999999983236,4841880.220999999903142,Beaches-East York,NO,NO,PASS,None
6071,25 267189 WET 05 OZ,Under Review ,303268.826000000000931,4839857.475999999791384,York South-Weston,NO,NO,PASS,None
6072,25 173118 NNY 08 OZ,Under Review ,310399.193000000028405,4841998.148000000044703,Eglinton-Lawrence,NO,NO,PASS,None
6085,24 208067 NNY 15 SA,Under Review ,314564.844999999972060,4841191.025000000372529,Don Valley West,NO,NO,PASS,None
6099,25 251663 NNY 08 SB,Under Review ,309554.679999999993015,4841963.877999999560416,Eglinton-Lawrence,NO,NO,PASS,None
6102,22 139888 STE 11 SA,Under Review ,313648.124000000010710,4837536.316999999806285,University-Rosedale,NO,NO,PASS,None
6108,26 206628 STE 11 SA,Under Review ,313868.864000000001397,4836601.216000000014901,University-Rosedale,NO,NO,PASS,None
6109,26 206628 STE 11 SA,Under Review ,313844.353999999992084,4836579.580000000074506,University-Rosedale,NO,NO,PASS,None
6115,22 203668 NNY 08 SA,Under Review ,308319.045999999972992,4842243.060999999754131,Eglinton-Lawrence,NO,NO,PASS,None
6120,22 124213 STE 13 SA,Under Review ,315064.988000000012107,4835105.582000000402331,Toronto Centre,NO,NO,PASS,None
6121,22 124213 STE 13 SA,Under Review ,315070.896000000007916,4835103.509999999776483,Toronto Centre,NO,NO,PASS,None
6131,26 199787 WET 07 OZ,Under Review ,300671.597000000008848,4845523.224000000394881,Humber River-Black Creek,NO,NO,PASS,None
6167,22 200231 NNY 16 OZ,Under Review ,316935.956000000005588,4841887.390999999828637,Don Valley East,NO,NO,PASS,None
6187,23 174343 WET 05 SA,Under Review ,305398.603999999992084,4838552.991999999620020,York South-Weston,NO,NO,PASS,None
6196,21 220069 WET 05 SB,Under Review ,303268.826000000000931,4839857.475999999791384,York South-Weston,NO,NO,PASS,None
6217,21 224777 STE 09 CD,Under Review ,310238.503000000026077,4834272.940999999642372,Davenport,NO,NO,PASS,None
6229,22 170530 NNY 08 SA,Under Review ,312806.716000000014901,4840840.192999999970198,Eglinton-Lawrence,NO,NO,PASS,None
6248,24 254630 STE 13 SA,Under Review ,315245.353999999992084,4835046.286999999545515,Toronto Centre,NO,NO,PASS,None
6250,24 208067 NNY 15 SA,Under Review ,314562.647999999986496,4841199.326000000350177,Don Valley West,NO,NO,PASS,None
6256,21 188740 STE 13 SA,Under Review ,313919.818000000028405,4836265.163999999873340,Toronto Centre,NO,NO,PASS,None
6286,22 210812 NNY 15 SA,Under Review ,314611.145000000018626,4841296.542999999597669,Don Valley West,NO,NO,PASS,None
6288,24 253096 WET 07 OZ,Under Review ,300419.536000000021886,4845334.990000000223517,Humber River-Black Creek,NO,NO,PASS,None
6290,25 257536 NNY 18 OZ,Under Review ,311302.191999999980908,4848590.446000000461936,Willowdale,NO,NO,PASS,None
6296,21 235333 STE 11 SB,Under Review ,314354.655000000027940,4834971.104000000283122,University-Rosedale,NO,NO,PASS,None
6299,16 209876 ESC 44 OZ,Under Review ,329911.298999999999069,4849529.628999999724329,Scarborough-Rouge Park,NO,NO,PASS,None
6327,20 169050 WET 03 OZ,Under Review ,300389.103000000002794,4832277.533999999985099,Etobicoke-Lakeshore,NO,NO,PASS,None
6333,17 112623 NNY 15 SB,Under Review ,309476.710000000020955,4842342.938000000081956,Eglinton-Lawrence,NO,NO,PASS,None
6342,26 161475 STE 14 SB,Under Review ,316610.000000000000000,4833976.053000000305474,Toronto-Danforth,NO,NO,PASS,None
6349,23 138797 WET 03 SA,Under Review ,305053.244999999995343,4830651.388000000268221,Etobicoke-Lakeshore,NO,NO,PASS,None
6351,25 212266 WET 03 OZ,Under Review ,305053.244999999995343,4830651.388000000268221,Etobicoke-Lakeshore,NO,NO,PASS,None
6354,24 187222 STE 04 SA,Under Review ,308515.951000000000931,4835283.399000000208616,Parkdale-High Park,NO,NO,PASS,None
6356,26 147400 WET 05 OZ,Under Review ,304086.576999999990221,4839527.627000000327826,York South-Weston,NO,NO,PASS,None
6357,26 124313 ESC 22 OZ,Under Review ,320785.734999999986030,4852129.700000000186265,Scarborough-Agincourt,NO,NO,PASS,None
6368,21 235357 STE 12 SA,Under Review ,313043.444000000017695,4839926.330000000074506,Toronto-St. Paul's,NO,NO,PASS,None
6373,17 112623 NNY 15 SB,Under Review ,309494.208999999973457,4842468.188000000081956,Eglinton-Lawrence,NO,NO,PASS,None
6374,17 112623 NNY 15 SB,Under Review ,309314.973999999987427,4842345.058000000193715,Eglinton-Lawrence,NO,NO,PASS,None
6375,17 112623 NNY 15 SB,Under Review ,309315.542000000015832,4842367.225999999791384,Eglinton-Lawrence,NO,NO,PASS,None
6376,17 112623 NNY 15 SB,Under Review ,309148.357000000018161,4842420.743999999947846,Eglinton-Lawrence,NO,NO,PASS,None
6389,21 235372 STE 13 CD,Under Review ,316153.864999999990687,4834971.685999999754131,Toronto Centre,NO,NO,PASS,None
6398,25 248864 NNY 08 SA,Under Review ,312782.621999999973923,4841670.972000000067055,Eglinton-Lawrence,NO,NO,PASS,None
6402,21 235361 STE 12 SB,Under Review ,313043.444000000017695,4839926.330000000074506,Toronto-St. Paul's,NO,NO,PASS,None
6403,21 228761 WET 05 SA,Under Review ,306180.923000000009779,4838013.935999999754131,York South-Weston,NO,NO,PASS,None
6404,21 234491 STE 13 SB,Under Review ,314027.261999999987893,4836183.560999999754131,Toronto Centre,NO,NO,PASS,None
6422,22 106787 STE 10 OZ,Under Review ,315581.380999999993946,4833701.457000000402331,Spadina-Fort York,NO,NO,PASS,None
6423,22 138878 WET 07 SA,Under Review ,301437.882999999972526,4844845.133999999612570,Humber River-Black Creek,NO,NO,PASS,None
6425,22 177065 NNY 15 SA,Under Review ,314589.688000000023749,4841255.527999999932945,Don Valley West,NO,NO,PASS,None
6428,25 193975 STE 12 SA,Under Review ,310216.777000000001863,4838817.319000000134110,Toronto-St. Paul's,NO,NO,PASS,None
6430,22 191957 ESC 24 SA,Under Review ,326403.465000000025611,4848293.969999999739230,Scarborough-Guildwood,NO,NO,PASS,None
6431,22 204654 STE 10 SA,Under Review ,313933.583999999973457,4834786.182000000029802,Spadina-Fort York,NO,NO,PASS,None
6432,22 201246 ESC 20 SA,Under Review ,323545.907000000006519,4843373.899000000208616,Scarborough Southwest,NO,NO,PASS,None
6434,24 129384 NNY 17 SA,Under Review ,314855.107000000018161,4847387.735000000335276,Don Valley North,NO,NO,PASS,None
6436,17 112623 NNY 15 SB,Under Review ,309449.913999999989755,4842275.077999999746680,Eglinton-Lawrence,NO,NO,PASS,None
6445,21 235231 NNY 08 SB,Under Review ,308717.038999999989755,4839455.134999999776483,Eglinton-Lawrence,NO,NO,PASS,None
6446,21 234930 STE 10 SB,Under Review ,312659.663000000000466,4833831.423999999649823,Spadina-Fort York,NO,NO,PASS,None
6450,22 238619 NNY 18 SA,Under Review ,309981.806999999971595,4848126.058000000193715,Willowdale,NO,NO,PASS,None
6451,22 238619 NNY 18 SA,Under Review ,310036.001999999978580,4848147.577999999746680,Willowdale,NO,NO,PASS,None
6460,26 207610 NNY 18 SA,Under Review ,311797.326999999990221,4847320.054999999701977,Willowdale,NO,NO,PASS,None
6481,21 234388 STE 13 CD,Under Review ,316260.129000000015367,4835425.487999999895692,Toronto Centre,NO,NO,PASS,None
6494,18 202661 ESC 39 SA,Under Review ,320512.373000000021420,4853437.178999999538064,Scarborough-Agincourt,NO,NO,PASS,None
6506,21 223520 NNY 15 CD,Under Review ,315851.277000000001863,4840623.924999999813735,Don Valley West,NO,NO,PASS,None
6508,21 244590 NNY 06 SA,Under Review ,309493.226000000024214,4847122.196000000461936,York Centre,NO,NO,PASS,None
6514,24 228960 STE 13 OZ,Under Review ,314689.005000000004657,4834041.322999999858439,Toronto Centre,NO,NO,PASS,None
6515,15 258489 ESC 43 SA,Under Review ,329082.706999999994878,4845965.682000000029802,Scarborough-Guildwood,NO,NO,PASS,None
6530,25 155953 STE 09 OZ,Under Review ,307794.142999999981839,4838966.158999999985099,Davenport,NO,NO,PASS,None
6536,25 267189 WET 05 OZ,Under Review ,303292.642999999981839,4839836.604000000283122,York South-Weston,NO,NO,PASS,None
6537,25 267189 WET 05 OZ,Under Review ,303246.118000000016764,4839872.700000000186265,York South-Weston,NO,NO,PASS,None
6539,25 173118 NNY 08 OZ,Under Review ,310402.784999999974389,4841966.270999999716878,Eglinton-Lawrence,NO,NO,PASS,None
6540,21 204526 STE 13 SA,Under Review ,314499.998000000021420,4834038.677000000141561,Toronto Centre,NO,NO,PASS,None
6541,21 232987 STE 12 CD,Under Review ,311278.416000000026543,4837964.331000000238419,Toronto-St. Paul's,NO,NO,PASS,None
6547,21 231950 NNY 08 CD,Under Review ,312580.955000000016298,4842889.236999999731779,Eglinton-Lawrence,NO,NO,PASS,None
6548,22 179762 NNY 18 SA,Under Review ,311640.196999999985565,4850024.319000000134110,Willowdale,NO,NO,PASS,None
6583,25 228933 STE 13 SA,Under Review ,314578.204000000027008,4835964.274000000208616,Toronto Centre,NO,NO,PASS,None
6585,22 191098 NNY 18 SA,Under Review ,311364.200000000011642,4850449.799999999813735,Willowdale,NO,NO,PASS,None
6591,19 229948 NNY 06 SA,Under Review ,306107.289999999979045,4843254.661000000312924,York Centre,NO,NO,PASS,None
6594,22 138885 STE 11 SA,Under Review ,312505.958999999973457,4836102.923999999649823,University-Rosedale,NO,NO,PASS,None
6608,22 186083 STE 13 SA,Under Review ,303555.106000000028871,4840540.036999999545515,York South-Weston,NO,NO,PASS,None
6609,23 140846 NNY 08 SA,Under Review ,307389.272999999986496,4841411.129999999888241,Eglinton-Lawrence,NO,NO,PASS,None
6610,23 215380 NNY 18 SA,Under Review ,311797.326999999990221,4847320.054999999701977,Willowdale,NO,NO,PASS,None
6637,21 120673 ESC 24 SB,Under Review ,326403.465000000025611,4848293.969999999739230,Scarborough-Guildwood,NO,NO,PASS,None
6643,23 134151 WET 05 SA,Under Review ,306471.549999999988358,4836798.372999999672174,York South-Weston,NO,NO,PASS,None
6655,26 185171 NNY 17 OZ,Under Review ,313607.574000000022352,4848531.313000000081956,Don Valley North,NO,NO,PASS,None
6656,26 185171 NNY 17 OZ,Under Review ,313613.451000000000931,4848500.592000000178814,Don Valley North,NO,NO,PASS,None
6671,25 124181 ESC 20 OZ,Under Review ,326941.405000000027940,4843589.542000000365078,Scarborough Southwest,NO,NO,PASS,None
6677,24 252610 NNY 16 SA,Under Review ,317693.809999999997672,4841521.182000000029802,Don Valley East,NO,NO,PASS,None
6679,26 104084 ESC 22 SA,Under Review ,320148.777999999991152,4851120.851999999955297,Scarborough-Agincourt,NO,NO,PASS,None
6691,21 229241 WET 03 CD,Under Review ,302529.443000000028405,4834017.218999999575317,Etobicoke-Lakeshore,NO,NO,PASS,None
6706,16 271266 WET 12 SA,Under Review ,306234.989999999990687,4839060.099999999627471,York South-Weston,YES,NO,FAIL,Watercourse
6744,18 223433 WET 11 SA,Under Review ,304086.576999999990221,4839527.627000000327826,York South-Weston,NO,NO,PASS,None
6763,25 212846 WET 03 SA,Under Review ,301791.414999999979045,4833199.527999999932945,Etobicoke-Lakeshore,NO,NO,PASS,None
6779,20 122927 ESC 24 SA,Under Review ,329158.033999999985099,4846527.188000000081956,Scarborough-Guildwood,NO,NO,PASS,None
6788,21 124972 NNY 18 SA,Under Review ,310357.110999999975320,4848323.899000000208616,Willowdale,NO,NO,PASS,None
6807,22 138985 STE 13 SA,Under Review ,314689.005000000004657,4834041.322999999858439,Toronto Centre,NO,NO,PASS,None
6808,22 200230 NNY 16 SA,Under Review ,316935.956000000005588,4841887.390999999828637,Don Valley East,NO,NO,PASS,None
6813,20 144978 STE 10 SA,Under Review ,314646.963999999978114,4833740.279000000096858,Spadina-Fort York,NO,NO,PASS,None
6817,21 229987 STE 11 SA,Under Review ,313114.547000000020489,4837059.372999999672174,University-Rosedale,NO,NO,PASS,None
6826,24 219894 NNY 18 SA,Under Review ,311797.326999999990221,4847320.054999999701977,Willowdale,NO,NO,PASS,None
6828,24 220202 WET 07 SA,Under Review ,303200.385999999998603,4842005.974000000394881,Humber River-Black Creek,NO,NO,PASS,None
6845,21 169465 NNY 15 SA,Under Review ,313446.755000000004657,4841051.777999999932945,Don Valley West,NO,NO,PASS,None
6857,21 219409 STE 12 SA,Under Review ,312650.849999999976717,4838245.293999999761581,Toronto-St. Paul's,NO,NO,PASS,None
6873,20 187617 NNY 06 OZ,Under Review ,309493.226000000024214,4847122.196000000461936,York Centre,NO,NO,PASS,None
6876,23 193000 WET 03 SB,Under Review ,300389.103000000002794,4832277.533999999985099,Etobicoke-Lakeshore,NO,NO,PASS,None
6880,20 150180 STE 10 SA,Under Review ,315581.380999999993946,4833701.457000000402331,Spadina-Fort York,NO,NO,PASS,None
6884,22 170531 NNY 08 OZ,Under Review ,312812.310999999986961,4840841.968999999575317,Eglinton-Lawrence,NO,NO,PASS,None
6886,21 220069 WET 05 SB,Under Review ,303246.118000000016764,4839872.700000000186265,York South-Weston,NO,NO,PASS,None
6887,21 220069 WET 05 SB,Under Review ,303292.642999999981839,4839836.604000000283122,York South-Weston,NO,NO,PASS,None
6889,21 226522 STE 12 SB,Under Review ,313303.011999999987893,4838608.958999999798834,Toronto-St. Paul's,NO,NO,PASS,None
6897,23 106987 STE 10 SA,Under Review ,314970.857900000002701,4834252.787999999709427,Spadina-Fort York,NO,NO,PASS,None
6899,26 200864 WET 01 SA,Under Review ,298033.271000000007916,4838685.127000000327826,Etobicoke North,NO,NO,PASS,None
6911,25 265168 STE 13 SA,Under Review ,314566.547000000020489,4836427.313000000081956,Toronto Centre,NO,NO,PASS,None
6912,26 179698 NNY 18 SA,Under Review ,311271.896000000007916,4848792.735999999567866,Willowdale,NO,NO,PASS,None
6913,17 278424 WET 02 OZ,Under Review,296437.308000000019092,4842257.433000000193715,Etobicoke North,NO,NO,PASS,None
6922,12 154597 STE 20 SA,Under Review ,313988.065000000002328,4833383.648000000044703,Spadina-Fort York,NO,NO,PASS,None
6926,25 261353 NNY 17 OZ,Under Review ,318587.413000000000466,4847618.866999999620020,Don Valley North,NO,NO,PASS,None
6941,26 125368 NNY 18 SA,Application Received,311797.326999999990221,4847320.054999999701977,Willowdale,NO,NO,PASS,None
6942,26 160909 STE 09 OZ,Under Review ,309096.482000000018161,4835619.358000000007451,Davenport,NO,NO,PASS,None
6944,21 230126 STE 13 CD,Under Review ,315290.438000000023749,4834126.519999999552965,Toronto Centre,NO,NO,PASS,None
6946,23 151345 ESC 21 SA,Under Review ,322334.325000000011642,4843596.650000000372529,Scarborough Centre,NO,NO,PASS,None
6950,21 228063 WET 03 SB,Under Review ,301054.626999999978580,4829958.066999999806285,Etobicoke-Lakeshore,NO,NO,PASS,None
6961,23 138247 STE 10 SA,Under Review ,312646.686999999976251,4833588.337000000290573,Spadina-Fort York,NO,NO,PASS,None
6962,25 102470 STE 13 SA,Under Review ,314465.380999999993946,4834790.035000000149012,Toronto Centre,NO,NO,PASS,None
6966,21 220607 STE 12 SB,Under Review ,313009.771000000007916,4840783.063000000081956,Toronto-St. Paul's,NO,NO,PASS,None
6967,22 138479 WET 05 SA,Under Review ,306730.142999999981839,4836497.662999999709427,York South-Weston,NO,NO,PASS,None
6969,23 225436 NNY 18 SA,Under Review ,311797.326999999990221,4847320.054999999701977,Willowdale,NO,NO,PASS,None
6980,25 242829 STE 13 SA,Under Review ,316219.411000000021886,4834750.570000000298023,Toronto Centre,NO,NO,PASS,None
7001,25 103941 STE 13 SA,Under Review ,315631.420999999972992,4835581.889000000432134,Toronto Centre,NO,NO,PASS,None
7004,22 201247 ESC 20 OZ,Under Review ,323545.907000000006519,4843373.899000000208616,Scarborough Southwest,NO,NO,PASS,None
7007,25 187784 NNY 06 OZ,Under Review ,308117.668999999994412,4845605.075000000186265,York Centre,NO,NO,PASS,None
7015,17 260616 WET 07 SA,Under Review ,300520.672000000020489,4845395.633000000379980,Humber River-Black Creek,NO,NO,PASS,None
7024,24 216579 STE 13 SA,Under Review ,314658.615999999979977,4836281.531999999657273,Toronto Centre,NO,NO,PASS,None
7029,18 150004 STE 22 SA,Under Review ,313159.554000000003725,4840556.157999999821186,Toronto-St. Paul's,NO,NO,PASS,None
7071,21 230114 STE 12 CD,Under Review ,311388.809999999997672,4837949.038999999873340,Toronto-St. Paul's,NO,NO,PASS,None
7072,21 191003 NNY 16 SB,Application Received,317693.809999999997672,4841521.182000000029802,Don Valley East,NO,NO,PASS,None
7074,22 133997 STE 14 SA,Under Review ,316173.615999999979977,4837432.810999999754131,Toronto-Danforth,NO,NO,PASS,None
7077,21 179319 NNY 06 SA,Under Review ,309833.974999999976717,4845180.912999999709427,York Centre,NO,NO,PASS,None
7114,23 186707 STE 10 SA,Under Review ,313024.139000000024680,4833875.542999999597669,Spadina-Fort York,NO,NO,PASS,None
7118,22 176112 STE 04 SB,Under Review ,308668.517999999981839,4834783.703999999910593,Parkdale-High Park,NO,NO,PASS,None
7120,22 192792 NNY 08 SA,Under Review ,309816.653999999980442,4841708.485000000335276,Eglinton-Lawrence,NO,NO,PASS,None
7123,24 242044 NNY 16 SA,Under Review ,317772.011999999987893,4842172.013000000268221,Don Valley East,NO,NO,PASS,None
7124,24 241983 WET 01 SA,Under Review ,295227.575000000011642,4845006.258999999612570,Etobicoke North,NO,NO,PASS,None
7125,25 212439 ESC 20 SA,Under Review ,321958.642999999981839,4838543.470999999903142,Scarborough Southwest,NO,NO,PASS,None
7142,22 204654 STE 10 SA,Under Review ,313896.066999999980908,4834771.966000000014901,Spadina-Fort York,NO,NO,PASS,None
7149,22 167485 STE 09 SA,Under Review ,308393.793999999994412,4836995.394000000320375,Davenport,NO,NO,PASS,None
7151,26 120711 STE 19 CD,Under Review ,320753.745999999984633,4838385.299999999813735,Beaches-East York,NO,NO,PASS,None
7157,21 178726 STE 11 SA,Under Review ,313090.354999999981374,4837008.828999999910593,University-Rosedale,NO,NO,PASS,None
7167,24 224606 STE 10 OZ,Under Review ,313576.619000000006054,4833566.349999999627471,Spadina-Fort York,NO,NO,PASS,None
7169,21 228105 STE 13 SB,Under Review ,314820.163999999989755,4834453.091000000014901,Toronto Centre,NO,NO,PASS,None
7170,22 138136 STE 10 SA,Under Review ,312659.663000000000466,4833831.423999999649823,Spadina-Fort York,NO,NO,PASS,None
7174,24 187222 STE 04 SA,Under Review ,308508.809999999997672,4835311.235999999567866,Parkdale-High Park,NO,NO,PASS,None
7196,26 114412 WET 07 OZ,Under Review ,300419.536000000021886,4845334.990000000223517,Humber River-Black Creek,NO,NO,PASS,None
7224,25 241113 NNY 15 SA,Under Review ,314344.163999999989755,4843896.457999999634922,Don Valley West,NO,NO,PASS,None
7225,26 158478 ESC 24 OZ,Under Review ,326244.050999999977648,4849033.898000000044703,Scarborough-Guildwood,NO,NO,PASS,None
7246,22 199141 NNY 18 SA,Under Review ,311253.014000000024680,4850636.442999999970198,Willowdale,NO,NO,PASS,None
7250,23 140846 NNY 08 SA,Under Review ,307346.153999999980442,4841247.518000000156462,Eglinton-Lawrence,NO,NO,PASS,None
7264,22 204481 STE 10 SA,Under Review ,313597.180999999982305,4833814.342000000178814,Spadina-Fort York,NO,NO,PASS,None
7290,21 241239 WET 05 SA,Under Review ,306852.560999999986961,4838802.495000000111759,York South-Weston,NO,NO,PASS,None
7291,21 241239 WET 05 SA,Under Review ,306845.482000000018161,4838812.701000000350177,York South-Weston,NO,NO,PASS,None
7292,21 241239 WET 05 SA,Under Review ,306847.549999999988358,4838824.729000000283122,York South-Weston,NO,NO,PASS,None
7298,21 223520 NNY 15 CD,Under Review ,315868.200000000011642,4840582.485999999567866,Don Valley West,NO,NO,PASS,None
7299,21 223520 NNY 15 CD,Under Review ,315859.500999999989290,4840599.218000000342727,Don Valley West,NO,NO,PASS,None
7300,21 191414 STE 10 OZ,Under Review ,312977.195000000006985,4832883.381000000052154,Spadina-Fort York,NO,NO,PASS,None
7302,22 139736 NNY 18 SA,Under Review ,312538.110999999975320,4846342.077999999746680,Willowdale,NO,NO,PASS,None
7308,25 191649 STE 12 SA,Under Review ,312918.273999999975786,4840195.336000000126660,Toronto-St. Paul's,NO,NO,PASS,None
7312,22 238619 NNY 18 SA,Under Review ,309949.989000000001397,4848115.288999999873340,Willowdale,NO,NO,PASS,None
7329,24 229071 STE 10 OZ,Under Review ,314065.245999999984633,4833785.678000000305474,Spadina-Fort York,NO,NO,PASS,None
7330,26 151476 ESC 20 OZ,Under Review ,323289.857000000018161,4843298.377999999560416,Scarborough Southwest,NO,NO,PASS,None
7331,26 151476 ESC 20 OZ,Under Review ,323347.701000000000931,4843317.435999999754131,Scarborough Southwest,NO,NO,PASS,None
7333,22 145695 STE 14 OZ,Under Review ,319061.423999999999069,4836197.544999999925494,Toronto-Danforth,NO,NO,PASS,None
7354,23 137642 WET 05 SA,Under Review ,303395.710000000020955,4839906.974999999627471,York South-Weston,NO,NO,PASS,None
7357,23 170868 ESC 23 SA,Under Review ,324195.637999999977183,4849890.290000000037253,Scarborough North,NO,NO,PASS,None
7359,21 176811 WET 05 SA,Under Review ,307512.547000000020489,4836728.072999999858439,York South-Weston,NO,NO,PASS,None
7374,26 210187 NNY 08 OZ,Application Received,308341.064000000013039,4841760.217000000178814,Eglinton-Lawrence,NO,NO,PASS,None
7376,22 145694 STE 14 SA,Under Review ,319061.423999999999069,4836197.544999999925494,Toronto-Danforth,NO,NO,PASS,None
7383,21 230437 ESC 24 CD,Under Review ,329268.978999999992084,4847122.928000000305474,Scarborough-Guildwood,NO,NO,PASS,None
7421,18 149707 WET 05 SA,Under Review ,301172.091000000014901,4832192.811999999918044,Etobicoke-Lakeshore,NO,NO,PASS,None
7433,21 226522 STE 12 SB,Under Review ,313351.417000000015832,4838683.584999999962747,Toronto-St. Paul's,NO,NO,PASS,None
7460,17 249811 ESC 42 SA,Under Review ,325539.498000000021420,4852126.359000000171363,Scarborough North,NO,NO,PASS,None
7475,21 235230 NNY 08 SA,Under Review ,308717.038999999989755,4839455.134999999776483,Eglinton-Lawrence,NO,NO,PASS,None
7478,22 194697 ESC 21 SA,Under Review ,321779.456999999994878,4843120.156000000424683,Scarborough Centre,NO,NO,PASS,None
7501,21 228596 STE 09 SB,Under Review ,307421.396000000007916,4837345.074000000022352,Davenport,NO,NO,PASS,None
7502,21 228596 STE 09 SB,Under Review ,307420.884000000020023,4837330.359000000171363,Davenport,NO,NO,PASS,None
7503,21 172691 STE 10 OZ,Under Review ,312659.663000000000466,4833831.423999999649823,Spadina-Fort York,NO,NO,PASS,None
7507,19 193057 STE 04 SA,Under Review ,310164.320999999996275,4832776.992999999783933,Parkdale-High Park,NO,NO,PASS,None
7513,21 188740 STE 13 SA,Under Review ,313928.028999999980442,4836246.826000000350177,Toronto Centre,NO,NO,PASS,None
7525,21 211396 NNY 17 SB,Under Review ,316971.631999999983236,4848264.764999999664724,Don Valley North,NO,NO,PASS,None
7526,21 228750 STE 12 SB,Under Review ,311226.718999999982771,4837952.404000000096858,Toronto-St. Paul's,NO,NO,PASS,None
7528,22 188162 STE 04 SA,Under Review ,308668.517999999981839,4834783.703999999910593,Parkdale-High Park,NO,NO,PASS,None
7542,26 127354 STE 19 SA,Under Review ,321053.028999999980442,4838614.184000000357628,Beaches-East York,NO,NO,PASS,None
7555,21 214130 STE 11 SA,Under Review ,313683.718999999982771,4836554.212000000290573,University-Rosedale,NO,NO,PASS,None
7565,20 174630 WET 03 SA,Under Review ,301057.533999999985099,4830598.578999999910593,Etobicoke-Lakeshore,NO,NO,PASS,None
7588,20 192945 NNY 08 SA,Under Review ,308159.211999999999534,4839147.178999999538064,Eglinton-Lawrence,NO,NO,PASS,None
7603,26 212314 NNY 18 SA,Application Received,312208.347999999998137,4848869.399000000208616,Willowdale,NO,NO,PASS,None
7604,21 230126 STE 13 CD,Under Review ,315196.042000000015832,4834516.258000000379980,Toronto Centre,NO,NO,PASS,None
7605,21 230126 STE 13 CD,Under Review ,315171.098999999987427,4834531.191999999806285,Toronto Centre,NO,NO,PASS,None
7611,21 121792 NNY 08 OZ,Under Review ,308341.064000000013039,4841760.217000000178814,Eglinton-Lawrence,NO,NO,PASS,None
7612,20 191102 STE 10 SA,Under Review ,314065.245999999984633,4833785.678000000305474,Spadina-Fort York,NO,NO,PASS,None
7619,26 121876 NNY 08 SA,Under Review ,312256.881999999983236,4844749.008999999612570,Eglinton-Lawrence,NO,NO,PASS,None
7626,22 198120 STE 12 SA,Under Review ,313500.743000000016764,4837784.334999999962747,Toronto-St. Paul's,NO,NO,PASS,None
7627,26 185667 STE 12 SA,Under Review ,313351.417000000015832,4838683.584999999962747,Toronto-St. Paul's,NO,NO,PASS,None
7629,25 104873 WET 07 SA,Under Review ,303872.933000000019092,4842075.194000000134110,Humber River-Black Creek,NO,NO,PASS,None
7634,26 165289 NNY 08 OZ,Under Review ,310630.369000000006054,4841105.843999999575317,Eglinton-Lawrence,NO,NO,PASS,None
7650,21 234394 STE 14 SB,Under Review ,317032.336000000010245,4835061.611999999731779,Toronto-Danforth,NO,NO,PASS,None
7653,22 199142 NNY 18 OZ,Under Review ,311253.014000000024680,4850636.442999999970198,Willowdale,NO,NO,PASS,None
7654,22 198104 STE 04 SA,Under Review ,310557.199000000022352,4833210.705000000074506,Parkdale-High Park,NO,NO,PASS,None
7655,24 237031 STE 13 SA,Under Review ,314117.061999999976251,4835787.313000000081956,Toronto Centre,NO,NO,PASS,None
7656,22 136133 STE 11 SA,Under Review ,312787.278999999980442,4835218.401999999769032,University-Rosedale,NO,NO,PASS,None
7658,24 208067 NNY 15 SA,Under Review ,314560.218999999982771,4841206.695000000298023,Don Valley West,NO,NO,PASS,None
7659,25 213803 ESC 21 SA,Under Review ,322836.053000000014435,4845359.995000000111759,Scarborough Centre,NO,NO,PASS,None
7661,22 170531 NNY 08 OZ,Under Review ,312806.716000000014901,4840840.192999999970198,Eglinton-Lawrence,NO,NO,PASS,None
7662,22 170531 NNY 08 OZ,Under Review ,312793.553000000014435,4840838.875000000000000,Eglinton-Lawrence,NO,NO,PASS,None
7663,24 252658 NNY 08 SA,Under Review ,307346.153999999980442,4841247.518000000156462,Eglinton-Lawrence,NO,NO,PASS,None
7664,24 251625 WET 03 OZ,Under Review ,301172.091000000014901,4832192.811999999918044,Etobicoke-Lakeshore,NO,NO,PASS,None
7707,25 252700 WET 05 SA,Under Review ,302192.342999999993481,4840569.013000000268221,York South-Weston,YES,NO,FAIL,Watercourse
7746,22 155554 STE 11 SA,Under Review ,313384.090000000025611,4835144.332000000402331,University-Rosedale,NO,NO,PASS,None
7750,22 138824 STE 10 SA,Under Review ,313576.619000000006054,4833566.349999999627471,Spadina-Fort York,NO,NO,PASS,None
7752,25 267189 WET 05 OZ,Under Review ,303252.985999999975320,4839868.514999999664724,York South-Weston,NO,NO,PASS,None
7797,25 106952 NNY 18 SA,Under Review ,311797.326999999990221,4847320.054999999701977,Willowdale,NO,NO,PASS,None
7825,22 238620 NNY 18 OZ,Under Review ,310036.001999999978580,4848147.577999999746680,Willowdale,NO,NO,PASS,None
7839,16 209876 ESC 44 OZ,Under Review ,330034.414999999979045,4849150.564000000245869,Scarborough-Rouge Park,NO,NO,PASS,None
7846,16 211488 WET 05 SA,Under Review ,305681.571999999985565,4832862.690999999642372,Etobicoke-Lakeshore,NO,NO,PASS,None
7847,17 112623 NNY 15 SB,Under Review ,309480.070999999996275,4842347.419999999925494,Eglinton-Lawrence,NO,NO,PASS,None
7848,17 112623 NNY 15 SB,Under Review ,309435.533999999985099,4842455.502000000327826,Eglinton-Lawrence,NO,NO,PASS,None
7849,17 112623 NNY 15 SB,Under Review ,309541.507999999972526,4842356.688000000081956,Eglinton-Lawrence,NO,NO,PASS,None
7861,22 238620 NNY 18 OZ,Under Review ,309981.806999999971595,4848126.058000000193715,Willowdale,NO,NO,PASS,None
7874,16 269541 NNY 25 SA,Under Review ,313899.445999999996275,4846351.202999999746680,Don Valley West,NO,NO,PASS,None
7884,17 112623 NNY 15 SB,Under Review ,309445.545999999972992,4842278.438000000081956,Eglinton-Lawrence,NO,NO,PASS,None
7885,17 112623 NNY 15 SB,Under Review ,309478.142999999981839,4842251.889999999664724,Eglinton-Lawrence,NO,NO,PASS,None
7887,24 230989 WET 01 OZ,Under Review ,297047.685999999986961,4838251.497000000439584,Etobicoke North,NO,NO,PASS,None
7888,25 120160 NNY 06 SA,Under Review ,309424.580000000016298,4845835.283999999985099,York Centre,NO,NO,PASS,None
7893,21 234759 STE 10 SB,Under Review ,313903.504000000015367,4833950.400000000372529,Spadina-Fort York,NO,NO,PASS,None
7895,22 175915 STE 04 OZ,Under Review ,308668.517999999981839,4834783.703999999910593,Parkdale-High Park,NO,NO,PASS,None
7903,24 242228 STE 19 SA,Under Review ,320490.177000000025146,4841914.442999999970198,Beaches-East York,NO,NO,PASS,None
7904,17 196161 STE 31 SA,Under Review ,319629.097000000008848,4841178.981999999843538,Beaches-East York,NO,NO,PASS,None
7905,25 270220 WET 03 SA,Under Review ,301111.859999999986030,4833039.150999999605119,Etobicoke-Lakeshore,NO,NO,PASS,None
7921,26 165304 ESC 20 OZ,Under Review ,321958.642999999981839,4838543.470999999903142,Scarborough Southwest,NO,NO,PASS,None
7923,19 263722 ESC 24 SA,Under Review ,329268.978999999992084,4847122.928000000305474,Scarborough-Guildwood,NO,NO,PASS,None
7933,21 198981 STE 09 SA,Under Review ,308324.710000000020955,4835887.404000000096858,Davenport,NO,NO,PASS,None
7958,21 166710 STE 10 SA,Under Review ,313903.504000000015367,4833950.400000000372529,Spadina-Fort York,NO,NO,PASS,None
7978,23 109140 STE 10 SA,Under Review ,313054.409999999974389,4833958.875000000000000,Spadina-Fort York,NO,NO,PASS,None
7983,21 198048 STE 10 SA,Under Review ,313313.382999999972526,4833879.399000000208616,Spadina-Fort York,NO,NO,PASS,None
7984,21 250827 STE 10 SA,Under Review ,312583.701000000000931,4833827.038999999873340,Spadina-Fort York,NO,NO,PASS,None
7985,21 250999 STE 10 SA,Under Review ,310929.836000000010245,4832851.008000000379980,Spadina-Fort York,NO,NO,PASS,None
7987,25 188183 STE 19 SB,Under Review ,320368.858000000007451,4841345.697999999858439,Beaches-East York,NO,NO,PASS,None
7997,21 235316 STE 12 SB,Under Review ,313248.222000000008848,4839494.650000000372529,Toronto-St. Paul's,NO,NO,PASS,None
7998,21 137662 NNY 08 OZ,Under Review ,310796.691999999980908,4842006.213000000454485,Eglinton-Lawrence,NO,NO,PASS,None
8000,21 173843 WET 02 SA,Under Review ,303855.820000000006985,4835391.822999999858439,Etobicoke Centre,NO,NO,PASS,None
8005,22 139234 ESC 20 SA,Under Review ,324226.925999999977648,4841643.799999999813735,Scarborough Southwest,NO,NO,PASS,None
8006,22 191100 NNY 08 SB,Under Review ,308131.804000000003725,4842580.377000000327826,Eglinton-Lawrence,NO,NO,PASS,None
8007,24 173671 WET 01 SA,Under Review ,299109.467999999993481,4840648.463000000454485,Etobicoke North,NO,NO,PASS,None
8010,21 193927 NNY 15 SA,Under Review ,312453.759000000020023,4844732.316999999806285,Don Valley West,YES,YES,FAIL,Both
8040,21 234509 STE 11 SB,Under Review ,312574.347999999998137,4836120.794999999925494,University-Rosedale,NO,NO,PASS,None
8045,21 230436 STE 10 CD,Under Review ,313313.382999999972526,4833879.399000000208616,Spadina-Fort York,NO,NO,PASS,None
8059,25 265324 NNY 17 OZ,Under Review ,313761.783999999985099,4847477.804999999701977,Don Valley North,NO,NO,PASS,None
8060,25 251726 WET 05 PL,Under Review ,304532.787000000011176,4836073.298999999649823,York South-Weston,NO,NO,PASS,None
8072,09 190129 ESC 37 CD,Under Review,319881.958999999973457,4845474.417000000365078,Scarborough Centre,NO,NO,PASS,None
8076,20 194180 STE 12 SA,Under Review ,313829.818000000028405,4839581.367999999783933,Toronto-St. Paul's,NO,NO,PASS,None
8077,21 188740 STE 13 SA,Under Review ,313960.408999999985099,4836245.665000000037253,Toronto Centre,NO,NO,PASS,None
8082,26 134340 STE 10 SA,Application Received,313548.913000000000466,4834201.192999999970198,Spadina-Fort York,NO,NO,PASS,None
8106,21 233477 STE 10 CD,Under Review ,312971.761999999987893,4833735.064000000245869,Spadina-Fort York,NO,NO,PASS,None
8107,22 204481 STE 10 SA,Under Review ,313613.500000000000000,4833818.513000000268221,Spadina-Fort York,NO,NO,PASS,None
8112,22 176293 NNY 08 SA,Under Review ,312924.026000000012573,4840728.402999999932945,Eglinton-Lawrence,NO,NO,PASS,None
8140,22 135835 WET 05 SA,Under Review ,303669.815999999991618,4839739.394999999552965,York South-Weston,NO,NO,PASS,None
8141,25 269493 ESC 23 OZ,Under Review ,323525.487000000022817,4849525.587000000290573,Scarborough North,NO,NO,PASS,None
8178,26 186130 NNY 08 OZ,Under Review ,309345.242000000027474,4841086.900000000372529,Eglinton-Lawrence,NO,NO,PASS,None
8206,09 172870 WET 11 SA,Under Review ,302455.391000000003260,4840297.877000000327826,York South-Weston,YES,NO,FAIL,Watercourse
8218,21 235027 NNY 18 CD,Under Review ,311715.572999999974854,4846481.167999999597669,Willowdale,NO,NO,PASS,None
8231,22 129777 NNY 06 SA,Under Review ,306159.092000000004191,4843011.480999999679625,York Centre,NO,NO,PASS,None
8232,23 158820 ESC 20 SA,Under Review ,323658.517999999981839,4838760.576000000350177,Scarborough Southwest,NO,NO,PASS,None
8233,25 269745 ESC 23 OZ,Under Review ,324080.468999999982771,4850068.933000000193715,Scarborough North,NO,NO,PASS,None
8234,25 267966 STE 09 OZ,Under Review ,308393.793999999994412,4836995.394000000320375,Davenport,NO,NO,PASS,None
8239,20 200970 NNY 17 SB,Under Review ,313761.783999999985099,4847477.804999999701977,Don Valley North,NO,NO,PASS,None
8241,21 225292 STE 10 SA,Under Review ,313812.070999999996275,4834073.104000000283122,Spadina-Fort York,NO,NO,PASS,None
8244,23 126078 STE 13 SA,Under Review ,316497.626999999978580,4834756.019000000320375,Toronto Centre,NO,NO,PASS,None
8245,25 170633 STE 19 OZ,Under Review ,319874.420999999972992,4840351.766999999992549,Beaches-East York,NO,NO,PASS,None
8251,21 235313 STE 12 SA,Under Review,313248.222000000008848,4839494.650000000372529,Toronto-St. Paul's,NO,NO,PASS,None
8252,25 271127 NNY 15 OZ,Application Received,314318.181999999971595,4844144.889000000432134,Don Valley West,NO,NO,PASS,None
8253,26 176793 NNY 15 OZ,Under Review ,314184.632999999972526,4844952.207999999634922,Don Valley West,NO,NO,PASS,None
8280,22 185125 STE 14 SA,Under Review ,317297.896999999997206,4837493.144000000320375,Toronto-Danforth,NO,NO,PASS,None
8298,22 242145 STE 12 OZ,Under Review ,312985.027000000001863,4840303.918999999761581,Toronto-St. Paul's,NO,NO,PASS,None
8299,21 251000 STE 10 SA,Under Review ,310929.836000000010245,4832851.008000000379980,Spadina-Fort York,NO,NO,PASS,None
8304,23 167863 STE 10 SA,Under Review ,315738.716000000014901,4833860.430999999865890,Spadina-Fort York,NO,NO,PASS,None
8306,21 235230 NNY 08 SA,Under Review ,308681.580000000016298,4839431.143000000156462,Eglinton-Lawrence,NO,NO,PASS,None
8307,21 235231 NNY 08 SB,Under Review ,308681.580000000016298,4839431.143000000156462,Eglinton-Lawrence,NO,NO,PASS,None
8314,26 202543 STE 12 SA,Under Review ,311858.775000000023283,4838606.799999999813735,Toronto-St. Paul's,NO,NO,PASS,None
8324,23 179321 NNY 08 SA,Under Review ,312729.332999999984168,4840547.036999999545515,Eglinton-Lawrence,NO,NO,PASS,None
8330,21 172654 STE 10 OZ,Under Review ,312583.701000000000931,4833827.038999999873340,Spadina-Fort York,NO,NO,PASS,None
8343,21 211001 STE 12 CD,Under Review ,313579.379000000015367,4840601.495000000111759,Toronto-St. Paul's,NO,NO,PASS,None
8345,21 220069 WET 05 SB,Under Review ,303232.107000000018161,4839875.444000000134110,York South-Weston,NO,NO,PASS,None
8347,26 190878 ESC 22 CD,Under Review ,320012.266999999992549,4848550.129999999888241,Scarborough-Agincourt,NO,NO,PASS,None
8350,25 124181 ESC 20 OZ,Under Review ,326954.250999999989290,4843530.468999999575317,Scarborough Southwest,NO,NO,PASS,None
8364,24 251716 STE 19 SA,Under Review ,319894.011999999987893,4838241.152999999932945,Beaches-East York,NO,NO,PASS,None
8382,26 151476 ESC 20 OZ,Under Review ,323318.804000000003725,4843307.919999999925494,Scarborough Southwest,NO,NO,PASS,None
8389,20 209468 NNY 18 SA,Under Review ,311508.658999999985099,4849214.558000000193715,Willowdale,NO,NO,PASS,None
8395,25 155953 STE 09 OZ,Under Review ,307746.043999999994412,4838956.640999999828637,Davenport,NO,NO,PASS,None
8398,26 122654 STE 12 OZ,Under Review ,313070.705000000016298,4839740.061999999918044,Toronto-St. Paul's,NO,NO,PASS,None
8411,21 205323 NNY 08 SA,Under Review ,309342.173999999999069,4840608.218000000342727,Eglinton-Lawrence,NO,NO,PASS,None
8413,23 110086 NNY 15 SA,Under Review ,313845.777999999991152,4840123.711000000126660,Don Valley West,NO,NO,PASS,None
8423,17 278424 WET 02 OZ,Under Review,296453.128000000026077,4842075.032999999821186,Etobicoke North,NO,NO,PASS,None
8426,20 198309 STE 13 SA,Under Review ,314870.907000000006519,4835036.031999999657273,Toronto Centre,NO,NO,PASS,None
8427,17 278431 WET 02 SA,Under Review,296453.128000000026077,4842075.032999999821186,Etobicoke North,NO,NO,PASS,None
8445,09 190125 ESC 37 SA,Under Review,319881.958999999973457,4845474.417000000365078,Scarborough Centre,NO,NO,PASS,None
8448,26 212314 NNY 18 SA,Application Received,312190.650000000023283,4848858.095999999903142,Willowdale,NO,NO,PASS,None
8458,25 118974 ESC 24 SA,Under Review ,325091.530000000027940,4847947.930999999865890,Scarborough-Guildwood,NO,NO,PASS,None
8459,24 251883 ESC 24 SB,Under Review ,329069.178000000014435,4846143.105000000447035,Scarborough-Guildwood,NO,NO,PASS,None
8461,21 231950 NNY 08 CD,Under Review ,312578.179999999993015,4842898.513000000268221,Eglinton-Lawrence,NO,NO,PASS,None
8476,21 234394 STE 14 SB,Under Review ,317034.847999999998137,4835055.177000000141561,Toronto-Danforth,NO,NO,PASS,None
8480,23 174316 WET 05 SA,Under Review ,305340.842000000004191,4838530.480000000447035,York South-Weston,NO,NO,PASS,None
8481,19 234471 ESC 23 SA,Under Review ,322503.033999999985099,4852062.368999999947846,Scarborough North,NO,NO,PASS,None
8483,22 191094 NNY 08 OZ,Under Review ,308131.804000000003725,4842580.377000000327826,Eglinton-Lawrence,NO,NO,PASS,None
8488,22 138775 ESC 22 SA,Under Review ,319695.815999999991618,4850460.118999999947846,Scarborough-Agincourt,NO,NO,PASS,None
8500,21 148066 STE 11 SA,Under Review ,314271.951000000000931,4836444.729000000283122,University-Rosedale,NO,NO,PASS,None
8502,21 165270 NNY 17 SA,Under Review ,314316.229999999981374,4849528.752999999560416,Don Valley North,NO,YES,FAIL,Wetland
8510,18 157321 ESC 35 OZ,Under Review ,323105.728000000002794,4840060.173999999649823,Scarborough Southwest,NO,NO,PASS,None
8519,25 267189 WET 05 OZ,Under Review ,303232.107000000018161,4839875.444000000134110,York South-Weston,NO,NO,PASS,None
8523,22 205694 ESC 21 SA,Under Review ,326372.762999999977183,4844530.667000000365078,Scarborough Centre,NO,NO,PASS,None
8543,26 104352 NNY 15 OZ,Under Review ,314318.181999999971595,4844144.889000000432134,Don Valley West,NO,NO,PASS,None
8545,20 205133 STE 12 SA,Under Review ,311110.934000000008382,4838161.872000000439584,Toronto-St. Paul's,NO,NO,PASS,None
8546,22 191093 NNY 08 SA,Under Review ,308131.804000000003725,4842580.377000000327826,Eglinton-Lawrence,NO,NO,PASS,None
8547,20 210389 NNY 17 SA,Under Review ,313761.783999999985099,4847477.804999999701977,Don Valley North,NO,NO,PASS,None
8548,20 209869 NNY 17 SA,Under Review ,313761.783999999985099,4847477.804999999701977,Don Valley North,NO,NO,PASS,None
8552,21 233899 STE 12 CD,Under Review ,313279.788000000000466,4839431.165000000037253,Toronto-St. Paul's,NO,NO,PASS,None
8561,23 224338 STE 09 SA,Under Review ,310999.701999999990221,4833224.877000000327826,Davenport,NO,NO,PASS,None
8562,26 137976 STE 10 SA,Under Review ,311261.101000000024214,4834158.451999999582767,Spadina-Fort York,NO,NO,PASS,None
8563,19 113010 ESC 23 SA,Under Review ,325672.169999999983702,4854606.168999999761581,Scarborough North,NO,NO,PASS,None
8565,21 250543 ESC 20 SA,Under Review ,327246.498000000021420,4843649.316999999806285,Scarborough Southwest,NO,NO,PASS,None
8568,21 137674 NNY 08 SA,Under Review ,310796.691999999980908,4842006.213000000454485,Eglinton-Lawrence,NO,NO,PASS,None
8572,24 214095 ESC 20 OZ,Under Review ,322623.667000000015832,4837893.555999999865890,Scarborough Southwest,NO,NO,PASS,None
8580,21 234506 STE 11 OZ,Under Review ,312574.347999999998137,4836120.794999999925494,University-Rosedale,NO,NO,PASS,None
8590,22 139638 WET 07 SA,Under Review ,304441.599999999976717,4846736.048999999649823,Humber River-Black Creek,NO,NO,PASS,None
8594,21 184321 STE 10 SB,Under Review ,313528.282999999995809,4834106.849000000394881,Spadina-Fort York,NO,NO,PASS,None
8603,25 211872 NNY 08 SA,Under Review ,309844.506999999983236,4839686.104000000283122,Eglinton-Lawrence,NO,NO,PASS,None
8612,24 254956 WET 07 SA,Under Review ,301286.482000000018161,4845318.212000000290573,Humber River-Black Creek,NO,NO,PASS,None
8613,26 112712 NNY 15 SA,Under Review ,313337.085000000020955,4841065.338000000454485,Don Valley West,NO,NO,PASS,None
8636,21 236504 NNY 17 CD,Under Review ,314316.229999999981374,4849528.752999999560416,Don Valley North,NO,YES,FAIL,Wetland
8641,25 217373 WET 02 SA,Under Review ,296719.995999999984633,4834666.599999999627471,Etobicoke Centre,NO,NO,PASS,None
8645,25 179966 NNY 08 SA,Under Review ,309441.522999999986496,4840424.455000000074506,Eglinton-Lawrence,NO,NO,PASS,None
8646,26 207664 NNY 15 SA,Under Review ,314186.449000000022352,4844326.946999999694526,Don Valley West,NO,NO,PASS,None
8662,24 229311 WET 05 CD,Under Review ,304532.787000000011176,4836073.298999999649823,York South-Weston,NO,NO,PASS,None
8682,24 237031 STE 13 SA,Under Review ,314094.043999999994412,4835823.231999999843538,Toronto Centre,NO,NO,PASS,None
8692,26 127597 ESC 22 OZ,Under Review ,317978.965000000025611,4851546.408999999985099,Scarborough-Agincourt,NO,NO,PASS,None
8698,25 173118 NNY 08 OZ,Under Review ,310390.320999999996275,4842056.074000000022352,Eglinton-Lawrence,NO,NO,PASS,None
8707,26 136937 STE 13 OZ,Under Review ,314956.645000000018626,4834914.048999999649823,Toronto Centre,NO,NO,PASS,None
8709,21 231206 NNY 08 SA,Under Review ,311412.896999999997206,4842757.500000000000000,Eglinton-Lawrence,NO,NO,PASS,None
8712,24 187222 STE 04 SA,Under Review ,308503.185999999986961,4835305.207000000402331,Parkdale-High Park,NO,NO,PASS,None
8742,22 238620 NNY 18 OZ,Under Review ,309949.989000000001397,4848115.288999999873340,Willowdale,NO,NO,PASS,None
8744,21 251925 WET 07 OZ,Under Review ,304441.599999999976717,4846736.048999999649823,Humber River-Black Creek,NO,NO,PASS,None
8766,22 138373 STE 10 SA,Application Received,314933.288000000000466,4833572.491999999620020,Spadina-Fort York,NO,NO,PASS,None
8767,23 173464 ESC 21 SA,Under Review ,325265.814000000013039,4845911.196000000461936,Scarborough Centre,NO,NO,PASS,None
8775,18 271208 STE 10 SA,Under Review ,314016.603000000002794,4833312.044999999925494,Spadina-Fort York,NO,NO,PASS,None
8782,22 137184 STE 12 SA,Under Review ,313279.788000000000466,4839431.165000000037253,Toronto-St. Paul's,NO,NO,PASS,None
8786,22 192792 NNY 08 SA,Under Review ,309801.526000000012573,4841704.433000000193715,Eglinton-Lawrence,NO,NO,PASS,None
8789,24 217174 WET 02 OZ,Under Review ,302763.603999999992084,4834596.419999999925494,Etobicoke Centre,NO,NO,PASS,None
8800,23 121048 WET 02 SA,Under Review ,301074.184000000008382,4837427.435999999754131,Etobicoke Centre,NO,NO,PASS,None
8825,26 147400 WET 05 OZ,Under Review ,304067.146999999997206,4839516.122000000439584,York South-Weston,NO,NO,PASS,None
8831,21 228750 STE 12 SB,Under Review ,311216.025000000023283,4837987.565999999642372,Toronto-St. Paul's,NO,NO,PASS,None
8832,21 228750 STE 12 SB,Under Review ,311224.101000000024214,4837957.989000000059605,Toronto-St. Paul's,NO,NO,PASS,None
8835,25 136326 NNY 08 SA,Under Review ,309500.685999999986961,4840647.127999999560416,Eglinton-Lawrence,NO,NO,PASS,None
8845,22 194697 ESC 21 SA,Under Review ,321801.994000000006054,4842932.453999999910593,Scarborough Centre,NO,NO,PASS,None
8851,26 160909 STE 09 OZ,Under Review ,309048.333999999973457,4835846.241999999620020,Davenport,NO,NO,PASS,None
8861,17 112623 NNY 15 SB,Under Review ,309442.723999999987427,4842407.548999999649823,Eglinton-Lawrence,NO,NO,PASS,None
8862,17 112623 NNY 15 SB,Under Review ,309483.059000000008382,4842351.901999999769032,Eglinton-Lawrence,NO,NO,PASS,None
8863,17 112623 NNY 15 SB,Under Review ,309353.071999999985565,4842426.428999999538064,Eglinton-Lawrence,NO,NO,PASS,None
8864,17 112623 NNY 15 SB,Under Review ,309409.103999999992084,4842446.514999999664724,Eglinton-Lawrence,NO,NO,PASS,None
8865,17 112623 NNY 15 SB,Under Review ,309429.719999999972060,4842453.916000000201166,Eglinton-Lawrence,NO,NO,PASS,None
8866,17 112623 NNY 15 SB,Under Review ,309278.772999999986496,4842348.311999999918044,Eglinton-Lawrence,NO,NO,PASS,None
8867,17 112623 NNY 15 SB,Under Review ,309249.893999999971129,4842364.987999999895692,Eglinton-Lawrence,NO,NO,PASS,None
8871,17 112623 NNY 15 SB,Under Review ,309316.070000000006985,4842385.725999999791384,Eglinton-Lawrence,NO,NO,PASS,None
8872,17 112623 NNY 15 SB,Under Review ,309367.873000000021420,4842430.128999999724329,Eglinton-Lawrence,NO,NO,PASS,None
8873,17 112623 NNY 15 SB,Under Review ,309427.621999999973923,4842332.359000000171363,Eglinton-Lawrence,NO,NO,PASS,None
8874,17 112623 NNY 15 SB,Under Review ,309441.177000000025146,4842281.125000000000000,Eglinton-Lawrence,NO,NO,PASS,None
8875,17 112623 NNY 15 SB,Under Review ,309464.028999999980442,4842264.995000000111759,Eglinton-Lawrence,NO,NO,PASS,None
8876,17 112623 NNY 15 SB,Under Review ,309380.965000000025611,4842274.360999999567866,Eglinton-Lawrence,NO,NO,PASS,None
8884,21 232987 STE 12 CD,Under Review ,311272.516000000003260,4837977.379999999888241,Toronto-St. Paul's,NO,NO,PASS,None
8885,21 232987 STE 12 CD,Under Review ,311270.847999999998137,4837982.347000000067055,Toronto-St. Paul's,NO,NO,PASS,None
8886,25 138195 NNY 18 SB,Under Review ,310282.311999999976251,4848352.730000000447035,Willowdale,NO,NO,PASS,None
8902,19 155807 STE 12 SA,Under Review ,313352.951000000000931,4838424.122999999672174,Toronto-St. Paul's,NO,NO,PASS,None
8907,17 112623 NNY 15 SB,Under Review ,309535.967999999993481,4842480.345999999903142,Eglinton-Lawrence,NO,NO,PASS,None
8908,17 112623 NNY 15 SB,Under Review ,309501.538999999989755,4842305.265999999828637,Eglinton-Lawrence,NO,NO,PASS,None
8912,22 204260 STE 14 OZ,Under Review ,316718.512999999977183,4835150.137000000104308,Toronto-Danforth,YES,NO,FAIL,Watercourse
8926,21 193927 NNY 15 SA,Under Review ,312354.016999999992549,4844731.411000000312924,Don Valley West,NO,NO,PASS,None
8927,21 193927 NNY 15 SA,Under Review ,312319.826000000000931,4844842.167999999597669,Don Valley West,NO,NO,PASS,None
8946,22 131744 WET 03 SA,Under Review ,306170.117000000027474,4831321.207000000402331,Etobicoke-Lakeshore,NO,NO,PASS,None
8957,26 114386 NNY 18 OZ,Under Review ,311912.918000000005122,4846305.487999999895692,Willowdale,NO,NO,PASS,None
8958,25 206513 NNY 08 OZ,Under Review ,309159.825000000011642,4841200.423000000417233,Eglinton-Lawrence,NO,NO,PASS,None
8968,25 228933 STE 13 SA,Under Review ,314535.401000000012573,4835933.358000000007451,Toronto Centre,NO,NO,PASS,None
8969,21 251413 STE 13 SA,Under Review ,314058.708999999973457,4836227.462000000290573,Toronto Centre,NO,NO,PASS,None
8974,22 186083 STE 13 SA,Under Review ,314867.143999999971129,4834582.777999999932945,Toronto Centre,NO,NO,PASS,None
8975,21 201846 STE 09 SA,Under Review ,308932.239000000001397,4834998.114000000059605,Davenport,NO,NO,PASS,None
8987,24 246087 WET 05 SA,Under Review ,304559.514000000024680,4840092.770999999716878,York South-Weston,NO,NO,PASS,None
9038,26 206628 STE 11 SA,Under Review ,313859.923000000009779,4836602.885999999940395,University-Rosedale,NO,NO,PASS,None
9039,26 206628 STE 11 SA,Under Review ,313864.865999999979977,4836589.209999999962747,University-Rosedale,NO,NO,PASS,None
9040,26 206628 STE 11 SA,Under Review ,313837.645000000018626,4836577.940000000409782,University-Rosedale,NO,NO,PASS,None
9049,26 102197 ESC 25 SA,Under Review ,333750.585000000020955,4850828.042999999597669,Scarborough-Rouge Park,NO,NO,PASS,None
9053,21 245851 STE 11 SA,Under Review ,312574.347999999998137,4836120.794999999925494,University-Rosedale,NO,NO,PASS,None
9067,21 233904 NNY 18 CD,Under Review ,311330.609999999986030,4849886.604000000283122,Willowdale,NO,NO,PASS,None
9074,22 194684 ESC 21 SA,Under Review ,321629.320999999996275,4842930.032999999821186,Scarborough Centre,NO,NO,PASS,None
9076,21 234402 STE 10 CD,Under Review ,312804.283999999985099,4833837.141999999992549,Spadina-Fort York,NO,NO,PASS,None
9077,22 196040 ESC 21 SB,Under Review ,321629.320999999996275,4842930.032999999821186,Scarborough Centre,NO,NO,PASS,None
9083,22 137783 STE 12 SA,Under Review ,313276.284999999974389,4838426.978000000119209,Toronto-St. Paul's,NO,NO,PASS,None
9087,19 263645 STE 10 SA,Under Review ,316293.308000000019092,4834246.372000000439584,Spadina-Fort York,NO,NO,PASS,None
9097,21 235281 WET 03 SB,Under Review ,305194.592000000004191,4830815.575000000186265,Etobicoke-Lakeshore,NO,NO,PASS,None
9103,25 121648 NNY 18 OZ,Under Review ,310747.745999999984633,4849299.416000000201166,Willowdale,NO,NO,PASS,None
9110,21 242694 NNY 08 CD,Under Review ,309342.173999999999069,4840608.218000000342727,Eglinton-Lawrence,NO,NO,PASS,None
9123,26 152524 NNY 17 SA,Under Review ,313468.751999999978580,4850580.641999999992549,Don Valley North,NO,NO,PASS,None
9124,23 167822 STE 10 SA,Under Review ,315738.716000000014901,4833860.430999999865890,Spadina-Fort York,NO,NO,PASS,None
9132,21 249739 STE 14 SA,Under Review ,316245.798999999999069,4837776.712000000290573,Toronto-Danforth,NO,NO,PASS,None
9133,21 243769 STE 13 SA,Under Review ,314614.976000000024214,4834769.508999999612570,Toronto Centre,NO,NO,PASS,None
9139,21 194289 NNY 18 SA,Under Review ,311330.609999999986030,4849886.604000000283122,Willowdale,NO,NO,PASS,None
9140,24 229360 NNY 17 SA,Under Review ,317308.843999999982771,4852534.396999999880791,Don Valley North,NO,NO,PASS,None
9162,19 218252 STE 10 SA,Under Review ,315153.402000000001863,4833537.563000000081956,Spadina-Fort York,NO,NO,PASS,None
9184,25 251663 NNY 08 SB,Under Review ,309154.836999999999534,4842234.567999999970198,Eglinton-Lawrence,NO,NO,PASS,None
9208,23 167843 STE 10 SA,Under Review ,315738.716000000014901,4833860.430999999865890,Spadina-Fort York,NO,NO,PASS,None
9249,20 232714 STE 12 OZ,Under Review ,312985.027000000001863,4840303.918999999761581,Toronto-St. Paul's,NO,NO,PASS,None
9255,21 124972 NNY 18 SA,Under Review ,310282.311999999976251,4848352.730000000447035,Willowdale,NO,NO,PASS,None
9257,19 218252 STE 10 SA,Under Review ,315017.570999999996275,4833493.504999999888241,Spadina-Fort York,NO,NO,PASS,None
9260,22 238619 NNY 18 SA,Under Review ,310007.244000000006054,4848138.603000000119209,Willowdale,NO,NO,PASS,None
9280,21 234414 STE 12 CD,Under Review ,313352.951000000000931,4838424.122999999672174,Toronto-St. Paul's,NO,NO,PASS,None
9286,22 138740 STE 10 OZ,Under Review ,313208.283999999985099,4833780.713000000454485,Spadina-Fort York,NO,NO,PASS,None
9287,25 222153 WET 05 OZ,Under Review ,305953.924999999988358,4838194.046000000089407,York South-Weston,NO,NO,PASS,None
9294,22 188735 STE 12 SA,Under Review ,312765.902000000001863,4838010.788999999873340,Toronto-St. Paul's,NO,NO,PASS,None
9297,20 146496 WET 03 SB,Under Review ,306170.117000000027474,4831321.207000000402331,Etobicoke-Lakeshore,NO,NO,PASS,None
9298,21 250763 STE 12 SA,Under Review ,309051.319000000017695,4839287.047000000253320,Toronto-St. Paul's,NO,NO,PASS,None
9302,23 137642 WET 05 SA,Under Review ,303393.593999999982771,4839901.314000000245869,York South-Weston,NO,NO,PASS,None
9304,26 107153 ESC 23 SA,Under Review ,325290.998000000021420,4852118.334999999962747,Scarborough North,NO,NO,PASS,None
9329,25 241286 STE 11 SA,Under Review ,312272.887999999977183,4836242.256000000052154,University-Rosedale,NO,NO,PASS,None
9332,25 252382 NNY 18 SA,Under Review ,311892.326000000000931,4846399.133000000379980,Willowdale,NO,NO,PASS,None
9341,18 202629 ESC 39 SA,Under Review ,322167.000999999989290,4849192.394000000320375,Scarborough-Agincourt,YES,NO,FAIL,Watercourse
9348,21 234399 STE 10 SB,Under Review ,316293.308000000019092,4834246.372000000439584,Spadina-Fort York,NO,NO,PASS,None
9380,21 247607 ESC 20 SA,Under Review ,321966.585000000020955,4838844.264000000432134,Scarborough Southwest,NO,NO,PASS,None
9382,22 231052 STE 19 SA,Application Received,320867.549600000027567,4840958.118999999947846,Beaches-East York,NO,NO,PASS,None
9386,21 222287 ESC 25 CD,Under Review ,331118.282000000006519,4848500.485000000335276,Scarborough-Rouge Park,NO,NO,PASS,None
9387,22 170530 NNY 08 SA,Under Review ,312841.670999999972992,4840850.797000000253320,Eglinton-Lawrence,NO,NO,PASS,None
9407,21 252331 NNY 18 SA,Under Review ,311228.085000000020955,4850169.451999999582767,Willowdale,NO,NO,PASS,None
9422,26 206718 STE 11 OZ,Application Received,312648.862000000022817,4834984.339999999850988,University-Rosedale,NO,NO,PASS,None
9431,25 144316 WET 07 SA,Under Review ,302020.630000000004657,4846491.406000000424683,Humber River-Black Creek,NO,NO,PASS,None
9472,19 265498 WET 02 SA,Under Review ,300092.042000000015832,4832936.189000000245869,Etobicoke Centre,NO,NO,PASS,None
9473,22 137934 STE 13 SA,Under Review ,315235.750000000000000,4834303.571000000461936,Toronto Centre,NO,NO,PASS,None
9500,21 235455 STE 13 CD,Under Review ,314693.880000000004657,4834021.717000000178814,Toronto Centre,NO,NO,PASS,None
9503,20 218450 NNY 17 SB,Under Review ,317308.843999999982771,4852534.396999999880791,Don Valley North,NO,NO,PASS,None
9504,21 149989 NNY 18 SA,Under Review ,311211.391999999992549,4848561.506000000052154,Willowdale,NO,NO,PASS,None
9506,26 126970 STE 13 SA,Application Received,314998.179999999993015,4835858.339999999850988,Toronto Centre,NO,NO,PASS,None
9514,18 157160 ESC 39 SA,Under Review ,320654.021999999997206,4852696.191999999806285,Scarborough-Agincourt,NO,NO,PASS,None
9516,25 231195 STE 10 SA,Under Review ,315738.716000000014901,4833860.430999999865890,Spadina-Fort York,NO,NO,PASS,None
9539,22 190115 NNY 18 SA,Under Review ,311552.163000000000466,4848563.132000000216067,Willowdale,NO,NO,PASS,None
9540,22 196038 ESC 21 OZ,Under Review ,321629.320999999996275,4842930.032999999821186,Scarborough Centre,NO,NO,PASS,None
9566,25 233596 NNY 16 SA,Under Review ,316186.094999999972060,4845663.100999999791384,Don Valley East,NO,NO,PASS,None
9582,21 235162 STE 19 SB,Under Review ,319827.329000000027008,4836178.939000000245869,Beaches-East York,NO,NO,PASS,None
9585,22 202849 STE 13 SA,Under Review ,314693.880000000004657,4834021.717000000178814,Toronto Centre,NO,NO,PASS,None
9586,20 146488 WET 03 OZ,Under Review ,306170.117000000027474,4831321.207000000402331,Etobicoke-Lakeshore,NO,NO,PASS,None
9587,22 170531 NNY 08 OZ,Under Review ,312841.670999999972992,4840850.797000000253320,Eglinton-Lawrence,NO,NO,PASS,None
9604,16 211488 WET 05 SA,Under Review ,305753.880999999993946,4832866.194000000134110,Etobicoke-Lakeshore,NO,NO,PASS,None
9608,12 154597 STE 20 SA,Under Review ,313954.005000000004657,4833378.987999999895692,Spadina-Fort York,NO,NO,PASS,None
9614,21 169132 STE 13 SA,Under Review ,315390.297000000020489,4834653.615000000223517,Toronto Centre,NO,NO,PASS,None
9623,23 167857 STE 10 SA,Under Review ,315738.716000000014901,4833860.430999999865890,Spadina-Fort York,NO,NO,PASS,None
9632,20 205133 STE 12 SA,Under Review ,311114.538000000000466,4838167.430999999865890,Toronto-St. Paul's,NO,NO,PASS,None
9633,26 117227 STE 10 OZ,Under Review ,315738.716000000014901,4833860.430999999865890,Spadina-Fort York,NO,NO,PASS,None
9641,21 234394 STE 14 SB,Under Review ,317044.080000000016298,4835018.620000000111759,Toronto-Danforth,NO,NO,PASS,None
9642,21 234394 STE 14 SB,Under Review ,317057.917000000015832,4835269.764999999664724,Toronto-Danforth,NO,NO,PASS,None
9662,23 170161 STE 10 SB,Under Review ,315738.716000000014901,4833860.430999999865890,Spadina-Fort York,NO,NO,PASS,None
9669,19 262757 WET 07 SA,Under Review ,303704.516999999992549,4842479.158999999985099,Humber River-Black Creek,NO,NO,PASS,None
9695,21 201457 ESC 21 SB,Under Review ,326203.110999999975320,4844295.985000000335276,Scarborough Centre,NO,NO,PASS,None
9696,21 235291 STE 09 CD,Under Review ,309056.321999999985565,4835035.377000000327826,Davenport,NO,NO,PASS,None
9699,21 217139 STE 13 SB,Under Review ,314344.628000000026077,4834603.718000000342727,Toronto Centre,NO,NO,PASS,None
9700,21 252234 NNY 08 SA,Under Review ,308722.750999999989290,4839820.940999999642372,Eglinton-Lawrence,NO,NO,PASS,None
9701,23 120161 WET 03 SA,Under Review ,304674.587999999988824,4831662.716000000014901,Etobicoke-Lakeshore,NO,NO,PASS,None
9706,23 134682 WET 03 SB,Under Review ,302336.704000000027008,4827627.440999999642372,Etobicoke-Lakeshore,NO,NO,PASS,None
9708,19 265498 WET 02 SA,Under Review ,300105.728000000002794,4832984.025999999605119,Etobicoke Centre,NO,NO,PASS,None
9710,24 120678 NNY 15 OZ,Under Review ,314623.082999999984168,4841148.867999999783933,Don Valley West,NO,NO,PASS,None
9720,21 184321 STE 10 SB,Under Review ,313580.994000000006054,4834100.338000000454485,Toronto-Danforth,NO,NO,PASS,None
9721,21 184321 STE 10 SB,Under Review ,313573.979999999981374,4834123.424999999813735,Spadina-Fort York,NO,NO,PASS,None
9722,21 184321 STE 10 SB,Under Review ,313506.677000000025146,4834101.451999999582767,Spadina-Fort York,NO,NO,PASS,None
9724,24 226520 NNY 16 SA,Under Review ,316456.094999999972060,4845895.349999999627471,Don Valley East,NO,NO,PASS,None
9729,24 254930 ESC 20 OZ,Under Review ,322009.663000000000466,4838742.283999999985099,Scarborough Southwest,NO,NO,PASS,None
9755,19 264737 NNY 15 SA,Under Review ,313899.521000000007916,4840840.283999999985099,Don Valley West,NO,NO,PASS,None
9756,21 231206 NNY 08 SA,Under Review ,311416.358000000007451,4842741.354000000283122,Eglinton-Lawrence,NO,NO,PASS,None
9757,21 231206 NNY 08 SA,Under Review ,311420.788000000000466,4842770.894000000320375,Eglinton-Lawrence,NO,NO,PASS,None
9758,21 231206 NNY 08 SA,Under Review ,311399.809999999997672,4842760.788999999873340,Eglinton-Lawrence,NO,NO,PASS,None
9759,22 120573 NNY 15 PL,Under Review ,315720.777000000001863,4841294.016999999992549,Don Valley West,NO,NO,PASS,None
9760,22 139038 WET 03 SA,Under Review ,303323.119999999995343,4831164.899000000208616,Etobicoke-Lakeshore,NO,NO,PASS,None
9761,22 147264 WET 03 CD,Under Review ,305947.129000000015367,4832858.817999999970198,Etobicoke-Lakeshore,NO,NO,PASS,None
9766,08 145795 NNY 23 SA,Under Review ,311237.923000000009779,4849381.567999999970198,Willowdale,NO,NO,PASS,None
9772,24 118466 NNY 08 OZ,Under Review ,309971.303000000014435,4841748.506000000052154,Eglinton-Lawrence,NO,NO,PASS,None
9773,26 167726 STE 13 CD,Under Review ,315167.406000000017229,4834541.069000000134110,Toronto Centre,NO,NO,PASS,None
9774,22 196040 ESC 21 SB,Under Review ,321801.994000000006054,4842932.453999999910593,Scarborough Centre,NO,NO,PASS,None
9776,24 175201 WET 03 SA,Under Review ,312896.580000000016298,4833546.731999999843538,Spadina-Fort York,NO,NO,PASS,None
9782,21 251435 STE 10 SA,Under Review ,311899.146000000007916,4833427.330000000074506,Spadina-Fort York,NO,NO,PASS,None
9791,11 306997 ESC 39 SA,Under Review ,319400.434999999997672,4850747.543999999761581,Scarborough-Agincourt,NO,NO,PASS,None
9804,25 187962 STE 13 SA,Under Review ,315201.640000000013970,4835489.093999999575317,Toronto Centre,NO,NO,PASS,None
9806,22 175757 NNY 06 SA,Under Review ,309061.799999999988358,4845801.048000000417233,York Centre,NO,NO,PASS,None
9807,25 121712 STE 12 SA,Under Review ,313145.844999999972060,4838992.345999999903142,Toronto-St. Paul's,NO,NO,PASS,None
9812,23 174316 WET 05 SA,Under Review ,305340.423999999999069,4838547.525999999605119,York South-Weston,NO,NO,PASS,None
9833,12 142305 WET 06 SA,Under Review ,303401.032000000006519,4829286.542000000365078,Etobicoke-Lakeshore,NO,NO,PASS,None
9839,16 189765 ESC 42 OZ,Under Review,325823.371999999973923,4850282.794999999925494,Scarborough North,NO,NO,PASS,None
9852,25 180089 NNY 18 SA,Under Review ,313782.175999999977648,4847062.555999999865890,Willowdale,NO,NO,PASS,None
9862,20 179871 NNY 06 SA,Under Review ,309020.179999999993015,4849458.928000000305474,York Centre,NO,NO,PASS,None
9877,22 180773 STE 12 SA,Under Review ,313664.592999999993481,4840514.741999999620020,Toronto-St. Paul's,NO,NO,PASS,None
9878,26 166459 STE 13 SA,Under Review ,314352.000000000000000,4835332.413999999873340,Toronto Centre,NO,NO,PASS,None
9891,16 209876 ESC 44 OZ,Under Review ,332108.380999999993946,4849298.343000000342727,Scarborough-Rouge Park,NO,NO,PASS,None
9946,21 235333 STE 11 SB,Under Review ,314197.423000000009779,4834925.531999999657273,University-Rosedale,NO,NO,PASS,None
9961,21 235961 NNY 15 SB,Under Review ,316141.945999999996275,4841417.120000000111759,Don Valley West,NO,NO,PASS,None
9962,21 235961 NNY 15 SB,Under Review ,316150.928000000014435,4841419.458999999798834,Don Valley West,NO,NO,PASS,None
9966,22 139929 WET 02 SA,Under Review ,299550.125000000000000,4834837.713000000454485,Etobicoke Centre,NO,NO,PASS,None
9967,22 192577 STE 12 SA,Under Review ,311848.685999999986961,4838170.394000000320375,Toronto-St. Paul's,NO,NO,PASS,None
9972,21 249739 STE 14 SA,Under Review ,316208.135999999998603,4837735.105999999679625,Toronto-Danforth,NO,NO,PASS,None
9973,22 238620 NNY 18 OZ,Under Review ,310007.244000000006054,4848138.603000000119209,Willowdale,NO,NO,PASS,None
9982,21 222251 ESC 24 CD,Under Review ,326456.283999999985099,4848846.156000000424683,Scarborough-Guildwood,NO,NO,PASS,None
9983,21 211396 NNY 17 SB,Under Review ,316933.664999999979045,4848139.196000000461936,Don Valley North,NO,NO,PASS,None
9984,21 228750 STE 12 SB,Under Review ,311212.522999999986496,4837998.110999999567866,Toronto-St. Paul's,NO,NO,PASS,None
9987,21 225289 STE 10 SB,Under Review ,313812.070999999996275,4834073.104000000283122,Spadina-Fort York,NO,NO,PASS,None
9992,21 235361 STE 12 SB,Under Review ,313030.614000000001397,4839958.077999999746680,Toronto-St. Paul's,NO,NO,PASS,None
9993,21 235361 STE 12 SB,Under Review ,313041.346000000019558,4839942.144999999552965,Toronto-St. Paul's,NO,NO,PASS,None
9994,21 235361 STE 12 SB,Under Review ,313045.723999999987427,4839915.110000000335276,Toronto-St. Paul's,NO,NO,PASS,None
9995,21 226199 STE 11 SA,Under Review ,312219.153999999980442,4834832.536999999545515,University-Rosedale,NO,NO,PASS,None
9996,21 149517 ESC 24 SA,Under Review ,326456.283999999985099,4848846.156000000424683,Scarborough-Guildwood,NO,NO,PASS,None
9997,21 234491 STE 13 SB,Under Review ,314056.722999999998137,4836179.797000000253320,Toronto Centre,NO,NO,PASS,None
9998,21 234491 STE 13 SB,Under Review ,314044.775000000023283,4836149.506000000052154,Toronto Centre,NO,NO,PASS,None
9999,18 202629 ESC 39 SA,Under Review ,322126.873000000021420,4849300.702999999746680,Scarborough-Agincourt,NO,NO,PASS,None
10002,21 120673 ESC 24 SB,Under Review ,326426.749000000010710,4848207.990000000223517,Scarborough-Guildwood,NO,NO,PASS,None
10007,22 191957 ESC 24 SA,Under Review ,326426.749000000010710,4848207.990000000223517,Scarborough-Guildwood,NO,NO,PASS,None
10018,18 120060 NNY 15 SA,Under Review ,307783.966000000014901,4839840.508000000379980,Eglinton-Lawrence,NO,NO,PASS,None
10022,25 267189 WET 05 OZ,Under Review ,303202.181999999971595,4839839.274000000208616,York South-Weston,NO,NO,PASS,None
10029,26 129403 WET 03 SA,Under Review ,304708.844999999972060,4828834.946999999694526,Etobicoke-Lakeshore,NO,NO,PASS,None
10033,23 138551 STE 12 SA,Under Review ,309013.574000000022352,4839262.430999999865890,Toronto-St. Paul's,NO,NO,PASS,None
10040,25 131074 STE 19 OZ,Under Review ,320313.842000000004191,4836875.292999999597669,Beaches-East York,NO,NO,PASS,None
10042,22 194723 ESC 21 SA,Under Review ,321801.994000000006054,4842932.453999999910593,Scarborough Centre,NO,NO,PASS,None
10045,26 136937 STE 13 OZ,Under Review ,314954.711999999999534,4834921.048000000417233,Toronto Centre,NO,NO,PASS,None
10051,24 227509 NNY 18 SA,Under Review ,310747.745999999984633,4849299.416000000201166,Willowdale,NO,NO,PASS,None
10057,21 235160 STE 13 SB,Under Review ,315792.120999999984633,4834850.650000000372529,Toronto Centre,NO,NO,PASS,None
10058,21 235171 STE 13 SA,Under Review ,314664.838999999978114,4834136.591000000014901,Toronto Centre,NO,NO,PASS,None
10063,21 232282 STE 10 CD,Under Review ,313813.381999999983236,4833935.240000000223517,Spadina-Fort York,NO,NO,PASS,None
10078,21 203254 STE 13 SA,Under Review ,314125.113000000012107,4835726.169999999925494,Toronto Centre,NO,NO,PASS,None
10083,25 239940 STE 13 OZ,Under Review ,314933.803000000014435,4835333.790000000037253,Toronto Centre,NO,NO,PASS,None
10084,25 239940 STE 13 OZ,Under Review ,314929.604999999981374,4835348.839999999850988,Toronto Centre,NO,NO,PASS,None
10092,25 191688 WET 07 SA,Under Review ,304095.563000000023749,4841833.161999999545515,Humber River-Black Creek,NO,NO,PASS,None
10100,26 156627 WET 03 SA,Under Review,302834.455000000016298,4831103.616999999620020,Etobicoke-Lakeshore,NO,NO,PASS,None
10101,22 192792 NNY 08 SA,Under Review ,309846.148999999975786,4841716.919999999925494,Eglinton-Lawrence,NO,NO,PASS,None
10102,23 163207 NNY 15 SA,Under Review ,314623.082999999984168,4841148.867999999783933,Don Valley West,NO,NO,PASS,None
10118,17 112623 NNY 15 SB,Under Review ,309374.744999999995343,4842432.771999999880791,Eglinton-Lawrence,NO,NO,PASS,None
10119,17 112623 NNY 15 SB,Under Review ,309514.824000000022352,4842474.531000000424683,Eglinton-Lawrence,NO,NO,PASS,None
10120,17 112623 NNY 15 SB,Under Review ,309209.219999999972060,4842373.122999999672174,Eglinton-Lawrence,NO,NO,PASS,None
10121,17 112623 NNY 15 SB,Under Review ,309545.945000000006985,4842193.684000000357628,Eglinton-Lawrence,NO,NO,PASS,None
10122,17 112623 NNY 15 SB,Under Review ,309362.054999999993015,4842372.442999999970198,Eglinton-Lawrence,NO,NO,PASS,None
10134,22 138739 STE 10 SA,Under Review ,313208.283999999985099,4833780.713000000454485,Spadina-Fort York,NO,NO,PASS,None
10156,25 101390 NNY 08 OZ,Under Review ,309194.180999999982305,4841110.053000000305474,Eglinton-Lawrence,NO,NO,PASS,None
10160,21 250827 STE 10 SA,Under Review ,312610.635000000009313,4833835.319000000134110,Spadina-Fort York,NO,NO,PASS,None
10162,22 210126 ESC 22 SA,Under Review ,321061.532999999995809,4848686.872000000439584,Scarborough-Agincourt,NO,NO,PASS,None
10164,24 123437 ESC 22 SB,Under Review ,320862.454000000027008,4851735.137000000104308,Scarborough-Agincourt,NO,NO,PASS,None
10185,21 235455 STE 13 CD,Under Review ,314690.933000000019092,4834033.792999999597669,Toronto Centre,NO,NO,PASS,None
10223,24 171199 WET 07 SA,Under Review ,304596.115999999979977,4847939.019999999552965,Humber River-Black Creek,NO,NO,PASS,None
10224,25 115684 NNY 15 CD,Under Review ,315115.228000000002794,4839370.014999999664724,Don Valley West,NO,NO,PASS,None
10225,24 230989 WET 01 OZ,Under Review ,297058.080000000016298,4838292.320000000298023,Etobicoke North,NO,NO,PASS,None
10228,25 214767 NNY 18 OZ,Under Review ,310812.553000000014435,4846246.173999999649823,Willowdale,NO,NO,PASS,None
10259,21 235161 STE 19 SA,Under Review ,319827.329000000027008,4836178.939000000245869,Beaches-East York,NO,NO,PASS,None
10261,25 182140 STE 13 OZ,Under Review ,314183.666000000026543,4836271.025000000372529,Toronto Centre,NO,NO,PASS,None
10266,21 251322 NNY 18 SA,Under Review ,312186.935999999986961,4846379.168999999761581,Willowdale,NO,NO,PASS,None
10283,20 146806 WET 03 SA,Under Review ,303138.450000000011642,4828376.384999999776483,Etobicoke-Lakeshore,NO,NO,PASS,None
10288,26 145148 STE 13 SA,Application Received,315998.418000000005122,4834631.844999999739230,Toronto Centre,NO,NO,PASS,None
10293,21 226321 STE 13 SB,Under Review ,315514.496999999973923,4834436.213999999687076,Toronto Centre,NO,NO,PASS,None
10294,23 172335 ESC 21 OZ,Under Review,320894.506999999983236,4842911.689000000245869,Scarborough Centre,NO,NO,PASS,None
10301,22 150557 ESC 22 SA,Under Review ,321587.441999999980908,4851294.258000000379980,Scarborough-Agincourt,NO,NO,PASS,None
10302,22 150557 ESC 22 SA,Under Review ,321346.733999999996740,4851155.412999999709427,Scarborough-Agincourt,NO,NO,PASS,None
10311,22 204260 STE 14 OZ,Under Review ,316699.396999999997206,4835144.649000000208616,Toronto-Danforth,YES,NO,FAIL,Watercourse
10352,22 137869 STE 12 SA,Under Review ,313532.005000000004657,4837746.628999999724329,Toronto-St. Paul's,NO,NO,PASS,None
10361,21 235357 STE 12 SA,Under Review ,313041.346000000019558,4839942.144999999552965,Toronto-St. Paul's,NO,NO,PASS,None
10380,25 127362 WET 01 SA,Under Review ,298811.950000000011642,4838734.510999999940395,Etobicoke North,NO,NO,PASS,None
10383,21 235119 NNY 18 CD,Under Review ,312186.935999999986961,4846379.168999999761581,Willowdale,NO,NO,PASS,None
10384,22 156452 WET 07 SA,Under Review ,304596.115999999979977,4847939.019999999552965,Humber River-Black Creek,NO,NO,PASS,None
10385,22 193935 STE 12 SA,Under Review ,313129.356000000028871,4840003.418999999761581,Toronto-St. Paul's,NO,NO,PASS,None
10387,24 174546 WET 03 SA,Under Review ,312896.580000000016298,4833546.731999999843538,Spadina-Fort York,NO,NO,PASS,None
10389,25 115663 NNY 15 PL,Under Review ,315115.228000000002794,4839370.014999999664724,Don Valley West,NO,NO,PASS,None
10396,26 101457 ESC 22 OZ,Under Review ,321587.441999999980908,4851294.258000000379980,Scarborough-Agincourt,NO,NO,PASS,None
10397,25 265168 STE 13 SA,Under Review ,314561.163999999989755,4836377.690999999642372,Toronto Centre,NO,NO,PASS,None
10405,21 211651 ESC 23 OZ,Under Review ,322827.148999999975786,4849374.974000000394881,Scarborough North,NO,NO,PASS,None
10406,14 147899 STE 30 SA,Under Review ,317614.576999999990221,4836316.615000000223517,Toronto-Danforth,NO,NO,PASS,None
10416,21 235357 STE 12 SA,Under Review ,313045.723999999987427,4839915.110000000335276,Toronto-St. Paul's,NO,NO,PASS,None
10417,21 235357 STE 12 SA,Under Review ,313030.614000000001397,4839958.077999999746680,Toronto-St. Paul's,NO,NO,PASS,None
10418,21 225328 STE 13 CD,Under Review ,314411.147999999986496,4835830.644000000320375,Toronto Centre,NO,NO,PASS,None
10431,20 233673 NNY 17 OZ,Under Review ,314088.625999999989290,4847217.656999999657273,Don Valley North,NO,NO,PASS,None
10432,25 141826 NNY 08 OZ,Under Review ,309545.217999999993481,4840512.111999999731779,Eglinton-Lawrence,NO,NO,PASS,None
10435,22 196038 ESC 21 OZ,Under Review ,321801.994000000006054,4842932.453999999910593,Scarborough Centre,NO,NO,PASS,None
10442,26 212314 NNY 18 SA,Application Received,312232.565000000002328,4848872.672000000253320,Willowdale,NO,NO,PASS,None
10445,21 230126 STE 13 CD,Under Review ,315167.406000000017229,4834541.069000000134110,Toronto Centre,NO,NO,PASS,None
10461,22 177065 NNY 15 SA,Under Review ,314620.652999999991152,4841263.870000000111759,Don Valley West,NO,NO,PASS,None
10462,21 251885 STE 11 SA,Under Review ,313506.153999999980442,4837985.525999999605119,University-Rosedale,NO,NO,PASS,None
10464,22 133815 NNY 15 SA,Under Review ,314515.212999999988824,4840923.900999999605119,Don Valley West,NO,NO,PASS,None
10471,23 115001 WET 05 SA,Under Review ,303723.265000000013970,4839654.663999999873340,York South-Weston,NO,YES,FAIL,Wetland
10473,23 138753 STE 13 SA,Under Review ,314753.289999999979045,4836518.536000000312924,Toronto Centre,NO,NO,PASS,None
10475,21 172654 STE 10 OZ,Under Review ,312610.635000000009313,4833835.319000000134110,Spadina-Fort York,NO,NO,PASS,None
10483,21 193927 NNY 15 SA,Under Review ,312461.309999999997672,4844731.714999999850988,Don Valley West,YES,YES,FAIL,Both
10506,21 227502 NNY 18 SA,Under Review ,309138.731000000028871,4849428.731999999843538,Willowdale,NO,NO,PASS,None
10512,25 265168 STE 13 SA,Under Review ,314566.205000000016298,4836381.861999999731779,Toronto Centre,NO,NO,PASS,None
10513,25 265168 STE 13 SA,Under Review ,314576.596000000019558,4836409.951999999582767,Toronto Centre,NO,NO,PASS,None
10516,26 202543 STE 12 SA,Under Review ,311876.716000000014901,4838613.826000000350177,Toronto-St. Paul's,NO,NO,PASS,None
10523,21 213515 STE 12 SB,Under Review ,313173.809000000008382,4840635.504999999888241,Toronto-St. Paul's,NO,NO,PASS,None
10533,19 181636 ESC 23 OZ,Under Review ,324814.005999999993946,4854283.768000000156462,Scarborough North,NO,NO,PASS,None
10535,21 235119 NNY 18 CD,Under Review ,312241.804999999993015,4846341.696000000461936,Willowdale,NO,NO,PASS,None
10536,22 139784 NNY 06 PL,Under Review ,305445.898999999975786,4848372.433000000193715,York Centre,NO,NO,PASS,None
10537,22 192732 NNY 08 SA,Under Review ,308388.973999999987427,4841447.150999999605119,Eglinton-Lawrence,NO,NO,PASS,None
10539,25 186132 WET 05 SA,Under Review ,306961.833999999973457,4836312.252999999560416,York South-Weston,NO,NO,PASS,None
10540,26 101832 STE 11 OZ,Under Review ,314082.212999999988824,4835019.025000000372529,University-Rosedale,NO,NO,PASS,None
10541,26 101832 STE 11 OZ,Under Review ,314075.945000000006985,4835015.803999999538064,University-Rosedale,NO,NO,PASS,None
10563,18 266017 STE 19 SA,Under Review ,319392.974999999976717,4838039.076999999582767,Beaches-East York,NO,NO,PASS,None
10578,21 229300 WET 03 CD,Under Review ,303488.628000000026077,4833868.581000000238419,Etobicoke-Lakeshore,NO,NO,PASS,None
10586,17 112623 NNY 15 SB,Under Review ,309494.635999999998603,4842387.008000000379980,Eglinton-Lawrence,NO,NO,PASS,None
10587,17 112623 NNY 15 SB,Under Review ,309443.891999999992549,4842330.733000000007451,Eglinton-Lawrence,NO,NO,PASS,None
10601,18 214150 STE 18 SB,Under Review ,309481.375999999989290,4836175.615000000223517,Davenport,NO,NO,PASS,None
10607,24 252598 NNY 15 SA,Under Review ,316872.934999999997672,4840408.968000000342727,Don Valley West,NO,NO,PASS,None
10626,17 112623 NNY 15 SB,Under Review ,309034.315000000002328,4842282.063000000081956,Eglinton-Lawrence,NO,NO,PASS,None
10627,17 112623 NNY 15 SB,Under Review ,309557.237000000022817,4842184.089999999850988,Eglinton-Lawrence,NO,NO,PASS,None
10651,23 124806 WET 02 SA,Under Review ,299578.284999999974389,4834420.708999999798834,Etobicoke Centre,NO,NO,PASS,None
10652,23 179321 NNY 08 SA,Under Review ,312726.750000000000000,4840556.998999999836087,Eglinton-Lawrence,NO,NO,PASS,None
10656,26 134638 STE 09 SA,Under Review ,309481.375999999989290,4836175.615000000223517,Davenport,NO,NO,PASS,None
10657,26 185667 STE 12 SA,Under Review ,313287.413999999989755,4838667.849000000394881,Toronto-St. Paul's,NO,NO,PASS,None
10668,21 228750 STE 12 SB,Under Review ,311214.558000000019092,4837992.713999999687076,Toronto-St. Paul's,NO,NO,PASS,None
10670,22 226874 STE 19 SA,Under Review ,320828.467000000004191,4841927.456000000238419,Beaches-East York,NO,NO,PASS,None
10672,24 242228 STE 19 SA,Under Review ,320495.561999999976251,4841729.661000000312924,Beaches-East York,NO,NO,PASS,None
10673,25 270652 ESC 24 SA,Under Review ,326517.820999999996275,4848308.906999999657273,Scarborough-Guildwood,NO,NO,PASS,None
10674,21 144776 STE 19 OZ,Under Review ,320835.048999999999069,4837410.591000000014901,Beaches-East York,NO,NO,PASS,None
10675,21 234685 WET 03 SA,Under Review ,305194.592000000004191,4830815.575000000186265,Etobicoke-Lakeshore,NO,NO,PASS,None
10678,22 132974 STE 13 SA,Under Review ,314056.722999999998137,4836179.797000000253320,Toronto Centre,NO,NO,PASS,None
10688,19 240129 STE 09 SA,Under Review ,307984.668000000005122,4836881.446000000461936,Davenport,NO,NO,PASS,None
10692,21 230939 STE 13 CD,Under Review ,315236.858000000007451,4835501.049999999813735,Toronto Centre,NO,NO,PASS,None
10700,21 133565 WET 03 SA,Under Review ,303488.628000000026077,4833868.581000000238419,Etobicoke-Lakeshore,NO,NO,PASS,None
10701,21 172862 WET 03 SB,Under Review ,305191.890000000013970,4830743.762000000104308,Etobicoke-Lakeshore,NO,NO,PASS,None
10708,22 133815 NNY 15 SA,Under Review ,314530.851000000024214,4840952.032999999821186,Don Valley West,NO,NO,PASS,None
10722,21 226522 STE 12 SB,Under Review ,313287.413999999989755,4838667.849000000394881,Toronto-St. Paul's,NO,NO,PASS,None
10724,22 190797 STE 12 SA,Under Review ,313222.273999999975786,4840655.252000000327826,Toronto-St. Paul's,NO,NO,PASS,None
10745,21 231950 NNY 08 CD,Under Review ,312577.250999999989290,4842904.026999999769032,Eglinton-Lawrence,NO,NO,PASS,None
10750,24 216579 STE 13 SA,Under Review ,314643.820999999996275,4836310.324000000022352,Toronto Centre,NO,NO,PASS,None
10751,24 216579 STE 13 SA,Under Review ,314673.670999999972992,4836294.186999999918044,Toronto Centre,NO,NO,PASS,None
10759,24 175201 WET 03 SA,Under Review ,305191.890000000013970,4830743.762000000104308,Etobicoke-Lakeshore,NO,NO,PASS,None
10765,21 234394 STE 14 SB,Under Review ,316983.294999999983702,4835029.110999999567866,Toronto-Danforth,NO,NO,PASS,None
10766,21 234394 STE 14 SB,Under Review ,316968.140000000013970,4835066.578999999910593,Toronto-Danforth,NO,NO,PASS,None
10767,21 234394 STE 14 SB,Under Review ,317034.190000000002328,4835050.211000000126660,Toronto-Danforth,NO,NO,PASS,None
10771,21 144776 STE 19 OZ,Under Review ,320829.064000000013039,4837407.591000000014901,Beaches-East York,NO,NO,PASS,None
10777,25 250965 NNY 08 SA,Under Review ,309493.545999999972992,4840538.714999999850988,Eglinton-Lawrence,NO,NO,PASS,None
10794,25 269493 ESC 23 OZ,Under Review ,323511.358999999996740,4849521.549999999813735,Scarborough North,NO,NO,PASS,None
10795,26 206628 STE 11 SA,Under Review ,313848.229999999981374,4836583.160000000149012,University-Rosedale,NO,NO,PASS,None
10805,22 162241 STE 11 SA,Under Review ,313915.218999999982771,4834860.314000000245869,University-Rosedale,NO,NO,PASS,None
10809,22 198151 STE 11 SA,Under Review ,313819.737000000022817,4834887.156000000424683,University-Rosedale,NO,NO,PASS,None
10810,22 207922 STE 12 SA,Under Review ,309027.583999999973457,4839108.826999999582767,Toronto-St. Paul's,NO,NO,PASS,None
10812,24 174546 WET 03 SA,Under Review ,305191.890000000013970,4830743.762000000104308,Etobicoke-Lakeshore,NO,NO,PASS,None
10813,26 109087 STE 09 CD,Amend Drft Plan App,309481.375999999989290,4836175.615000000223517,Davenport,NO,NO,PASS,None
10814,25 220439 STE 11 SA,Under Review ,312289.108000000007451,4836317.377000000327826,University-Rosedale,NO,NO,PASS,None
10820,22 192722 NNY 08 SB,Under Review ,308388.973999999987427,4841447.150999999605119,Eglinton-Lawrence,NO,NO,PASS,None
10823,25 103941 STE 13 SA,Under Review ,315631.420999999972992,4835581.889000000432134,Toronto Centre,NO,NO,PASS,None
10825,25 133802 NNY 06 OZ,Under Review ,305930.342000000004191,4845463.178000000305474,York Centre,NO,NO,PASS,None
10827,21 201461 ESC 21 OZ,Under Review ,326203.110999999975320,4844295.985000000335276,Scarborough Centre,NO,NO,PASS,None
10831,22 188062 STE 09 OZ,Under Review ,309377.485999999975320,4835136.440000000409782,Davenport,NO,NO,PASS,None
10832,22 188062 STE 09 OZ,Under Review ,309366.025000000023283,4835123.360999999567866,Davenport,NO,NO,PASS,None
10833,22 188062 STE 09 OZ,Under Review ,309387.400000000023283,4835108.941999999806285,Davenport,NO,NO,PASS,None
10835,22 243062 STE 10 SA,Under Review ,313082.554000000003725,4834013.726999999955297,Spadina-Fort York,NO,NO,PASS,None
10851,23 172397 ESC 21 SB,Under Review ,320894.506999999983236,4842911.689000000245869,Scarborough Centre,NO,NO,PASS,None
10856,21 124972 NNY 18 SA,Under Review ,310267.239999999990687,4848445.196000000461936,Willowdale,NO,NO,PASS,None
10866,21 226317 STE 13 SA,Under Review ,315514.496999999973923,4834436.213999999687076,Toronto Centre,NO,NO,PASS,None
10870,24 208067 NNY 15 SA,Under Review ,314569.789999999979045,4841173.299999999813735,Don Valley West,NO,NO,PASS,None
10882,25 121712 STE 12 SA,Under Review ,313155.259000000020023,4838966.650000000372529,Toronto-St. Paul's,NO,NO,PASS,None
10886,25 187784 NNY 06 OZ,Under Review ,308100.707999999984168,4845601.574000000022352,York Centre,NO,NO,PASS,None
10893,22 202849 STE 13 SA,Under Review ,314690.933000000019092,4834033.792999999597669,Toronto Centre,NO,NO,PASS,None
10900,23 147005 STE 04 SA,Under Review ,309824.364999999990687,4833145.955000000074506,Parkdale-High Park,NO,NO,PASS,None
10912,25 179966 NNY 08 SA,Under Review ,309456.771000000007916,4840483.794999999925494,Eglinton-Lawrence,NO,NO,PASS,None
10914,21 205323 NNY 08 SA,Under Review ,309331.389000000024680,4840662.310999999754131,Eglinton-Lawrence,NO,NO,PASS,None
10919,25 257536 NNY 18 OZ,Under Review ,311266.132999999972526,4848607.669999999925494,Willowdale,NO,NO,PASS,None
10931,16 209876 ESC 44 OZ,Under Review ,330154.287000000011176,4849803.983000000007451,Scarborough-Rouge Park,NO,NO,PASS,None
10938,25 138195 NNY 18 SB,Under Review ,310267.239999999990687,4848445.196000000461936,Willowdale,NO,NO,PASS,None
10953,21 223797 NNY 16 SB,Under Review ,317526.800999999977648,4843446.279000000096858,Don Valley East,NO,NO,PASS,None
10992,22 188061 STE 09 SA,Under Review ,309377.485999999975320,4835136.440000000409782,Davenport,NO,NO,PASS,None
10997,21 228761 WET 05 SA,Under Review ,306148.288000000000466,4838054.961000000126660,York South-Weston,NO,NO,PASS,None
11008,21 227303 STE 13 SA,Under Review ,315464.705000000016298,4835210.580000000074506,Toronto Centre,NO,NO,PASS,None
11009,21 235904 STE 13 SB,Under Review ,314316.120999999984633,4836002.031000000424683,Toronto Centre,NO,NO,PASS,None
11010,22 204481 STE 10 SA,Under Review ,313608.946999999985565,4833808.752999999560416,Spadina-Fort York,NO,NO,PASS,None
11056,21 203254 STE 13 SA,Under Review ,314123.841000000014901,4835729.682000000029802,Toronto Centre,NO,NO,PASS,None
11064,25 103014 ESC 24 OZ,Under Review ,324818.427000000025146,4848096.351999999955297,Scarborough-Guildwood,NO,NO,PASS,None
11071,21 235027 NNY 18 CD,Under Review ,311701.190000000002328,4846474.429999999701977,Willowdale,NO,NO,PASS,None
11083,19 181643 ESC 23 SA,Under Review ,324814.005999999993946,4854283.768000000156462,Scarborough North,NO,NO,PASS,None
11087,21 223526 NNY 15 CD,Under Review ,315824.541000000026543,4840672.257000000216067,Don Valley West,NO,NO,PASS,None
11103,22 192733 NNY 08 OZ,Under Review ,308388.973999999987427,4841447.150999999605119,Eglinton-Lawrence,NO,NO,PASS,None
11108,24 245867 NNY 08 SA,Under Review ,312917.403999999980442,4840714.258000000379980,Eglinton-Lawrence,NO,NO,PASS,None
11116,21 129062 STE 09 PL,Under Review ,309481.375999999989290,4836175.615000000223517,Davenport,NO,NO,PASS,None
11120,21 230436 STE 10 CD,Under Review ,313317.173000000009779,4833879.815000000409782,Spadina-Fort York,NO,NO,PASS,None
11123,19 211950 WET 05 SA,Under Review ,307442.216000000014901,4836678.923999999649823,York South-Weston,NO,NO,PASS,None
11124,19 211950 WET 05 SA,Under Review ,307433.471000000019558,4836694.349999999627471,York South-Weston,NO,NO,PASS,None
11130,24 226520 NNY 16 SA,Under Review ,316443.655000000027940,4845841.514000000432134,Don Valley East,NO,NO,PASS,None
11146,19 109784 WET 05 OZ,Under Review ,307504.268999999971129,4838854.550999999977648,York South-Weston,NO,NO,PASS,None
11147,20 163635 NNY 15 SB,Under Review ,313930.006999999983236,4846047.890999999828637,Don Valley West,NO,NO,PASS,None
11163,24 141137 NNY 15 SA,Under Review ,316284.656000000017229,4840051.696999999694526,Don Valley West,NO,NO,PASS,None
11166,26 129403 WET 03 SA,Under Review ,304709.076000000000931,4828834.178999999538064,Etobicoke-Lakeshore,NO,NO,PASS,None
11177,21 232674 WET 05 SA,Under Review ,305669.321999999985565,4838447.781999999657273,York South-Weston,NO,NO,PASS,None
11179,21 251322 NNY 18 SA,Under Review ,312241.804999999993015,4846341.696000000461936,Willowdale,NO,NO,PASS,None
11189,20 163635 NNY 15 SB,Under Review ,313937.862000000022817,4846074.794999999925494,Don Valley West,NO,NO,PASS,None
11197,21 218559 STE 13 SA,Under Review ,315021.156000000017229,4835127.247000000439584,Toronto Centre,NO,NO,PASS,None
11204,21 234491 STE 13 SB,Under Review ,314043.701999999990221,4836152.723000000230968,Toronto Centre,NO,NO,PASS,None
11208,23 196849 STE 10 SA,Under Review ,313125.299999999988358,4833948.723000000230968,Spadina-Fort York,NO,NO,PASS,None
11220,21 198048 STE 10 SA,Under Review ,313317.173000000009779,4833879.815000000409782,Spadina-Fort York,NO,NO,PASS,None
11221,21 235160 STE 13 SB,Under Review ,315776.393999999971129,4834863.165000000037253,Toronto Centre,NO,NO,PASS,None
11223,23 138551 STE 12 SA,Under Review ,309020.068000000028405,4839224.042999999597669,Toronto-St. Paul's,NO,NO,PASS,None
11226,26 125774 ESC 20 OZ,Under Review ,322189.011999999987893,4838786.333999999798834,Scarborough Southwest,NO,NO,PASS,None
11242,20 159050 ESC 24 OZ,Under Review ,327121.134000000020023,4844577.279000000096858,Scarborough-Guildwood,NO,NO,PASS,None
11246,21 228750 STE 12 SB,Under Review ,311234.625000000000000,4837940.281999999657273,Toronto-St. Paul's,NO,NO,PASS,None
11258,21 236433 WET 03 OZ,Under Review ,300166.416000000026543,4830002.932000000029802,Etobicoke-Lakeshore,NO,NO,PASS,None
11262,26 147400 WET 05 OZ,Under Review ,304037.853999999992084,4839502.786000000312924,York South-Weston,NO,NO,PASS,None
11263,25 248864 NNY 08 SA,Under Review ,312730.536000000021886,4841668.786000000312924,Eglinton-Lawrence,NO,NO,PASS,None
11267,22 175915 STE 04 OZ,Under Review ,308657.180999999982305,4834828.389000000432134,Parkdale-High Park,NO,NO,PASS,None
11290,23 139212 NNY 16 SA,Under Review ,317526.800999999977648,4843446.279000000096858,Don Valley East,NO,NO,PASS,None
11294,21 242694 NNY 08 CD,Under Review ,309331.389000000024680,4840662.310999999754131,Eglinton-Lawrence,NO,NO,PASS,None
11297,25 241423 WET 02 SA,Under Review ,302856.266000000003260,4834737.248999999836087,Etobicoke Centre,NO,NO,PASS,None
11329,21 223837 STE 12 SA,Under Review ,313048.641999999992549,4839733.313000000081956,Toronto-St. Paul's,NO,NO,PASS,None
11338,12 295562 WET 13 SA,Under Review ,304765.130999999993946,4835892.808000000193715,Parkdale-High Park,NO,NO,PASS,None
11339,22 203141 NNY 17 SA,Under Review ,317027.662000000011176,4848519.473000000230968,Don Valley North,NO,NO,PASS,None
11372,22 180536 WET 05 SA,Under Review ,307433.471000000019558,4836694.349999999627471,York South-Weston,NO,NO,PASS,None
11373,22 180536 WET 05 SA,Under Review ,307442.216000000014901,4836678.923999999649823,York South-Weston,NO,NO,PASS,None
11399,21 236477 WET 03 SB,Under Review ,300166.416000000026543,4830002.932000000029802,Etobicoke-Lakeshore,NO,NO,PASS,None
11414,22 188735 STE 12 SA,Under Review ,312803.783999999985099,4838021.161000000312924,Toronto-St. Paul's,NO,NO,PASS,None
11423,26 129467 STE 04 SA,Under Review ,306349.516000000003260,4835980.922000000253320,Parkdale-High Park,NO,NO,PASS,None
11436,17 112623 NNY 15 SB,Under Review ,309487.913999999989755,4842408.668999999761581,Eglinton-Lawrence,NO,NO,PASS,None
11437,17 112623 NNY 15 SB,Under Review ,309282.841000000014901,4842351.158999999985099,Eglinton-Lawrence,NO,NO,PASS,None
11438,17 112623 NNY 15 SB,Under Review ,308963.947999999974854,4842302.807000000029802,Eglinton-Lawrence,NO,NO,PASS,None
11445,25 212846 WET 03 SA,Under Review ,301800.043000000005122,4833188.754999999888241,Etobicoke-Lakeshore,NO,NO,PASS,None
11449,21 228105 STE 13 SB,Under Review ,314820.652999999991152,4834471.601999999955297,Toronto Centre,NO,NO,PASS,None
11452,21 230120 STE 09 CD,Under Review ,308353.069000000017695,4837053.753999999724329,Davenport,NO,NO,PASS,None
11461,25 151165 NNY 15 OZ,Under Review ,313930.006999999983236,4846047.890999999828637,Don Valley West,NO,NO,PASS,None
11466,22 242145 STE 12 OZ,Under Review ,312975.501999999978580,4840250.162999999709427,Toronto-St. Paul's,NO,NO,PASS,None
11473,25 251663 NNY 08 SB,Under Review ,309378.646000000007916,4841977.122000000439584,Eglinton-Lawrence,NO,NO,PASS,None
11474,21 172862 WET 03 SB,Under Review ,305256.715000000025611,4830899.195000000298023,Etobicoke-Lakeshore,NO,NO,PASS,None
11484,21 235230 NNY 08 SA,Under Review ,308658.846000000019558,4839421.526999999769032,Eglinton-Lawrence,NO,NO,PASS,None
11485,21 235231 NNY 08 SB,Under Review ,308658.846000000019558,4839421.526999999769032,Eglinton-Lawrence,NO,NO,PASS,None
11487,22 177065 NNY 15 SA,Under Review ,314602.134000000020023,4841258.637000000104308,Don Valley West,NO,NO,PASS,None
11488,21 250763 STE 12 SA,Under Review ,309049.613000000012107,4839292.887000000104308,Toronto-St. Paul's,NO,NO,PASS,None
11490,22 133815 NNY 15 SA,Under Review ,314517.283999999985099,4840915.875000000000000,Don Valley West,NO,NO,PASS,None
11499,19 253732 WET 05 SA,Under Review ,305352.439000000013039,4836342.336000000126660,York South-Weston,NO,NO,PASS,None
11500,19 240129 STE 09 SA,Under Review ,307983.015000000013970,4836875.440000000409782,Davenport,NO,NO,PASS,None
11503,25 151165 NNY 15 OZ,Under Review ,313937.862000000022817,4846074.794999999925494,Don Valley West,NO,NO,PASS,None
11507,19 109790 WET 05 SA,Under Review ,307504.268999999971129,4838854.550999999977648,York South-Weston,NO,NO,PASS,None
11508,19 240059 NNY 06 SA,Under Review ,305861.870999999984633,4845916.098000000230968,York Centre,NO,NO,PASS,None
11517,22 139888 STE 11 SA,Under Review ,313626.511999999987893,4837539.387000000104308,University-Rosedale,NO,NO,PASS,None
11522,21 144776 STE 19 OZ,Under Review ,320830.000000000000000,4837420.400000000372529,Beaches-East York,NO,NO,PASS,None
11523,21 144776 STE 19 OZ,Under Review ,320844.099999999976717,4837425.900000000372529,Beaches-East York,NO,NO,PASS,None
11526,22 138885 STE 11 SA,Under Review ,312493.293999999994412,4836099.679999999701977,University-Rosedale,NO,NO,PASS,None
11527,22 138885 STE 11 SA,Under Review ,312489.780000000027940,4836098.870000000111759,University-Rosedale,NO,NO,PASS,None
11532,22 196930 STE 11 SA,Under Review ,313270.270000000018626,4835174.838000000454485,University-Rosedale,NO,NO,PASS,None
11542,22 204774 STE 13 SA,Under Review ,315735.500999999989290,4834619.855000000447035,Toronto Centre,NO,NO,PASS,None
11554,21 214202 STE 11 CD,Under Review ,314306.739000000001397,4835127.086000000126660,University-Rosedale,NO,NO,PASS,None
11583,24 106385 ESC 22 OZ,Under Review ,319756.711999999999534,4848358.055999999865890,Scarborough-Agincourt,NO,NO,PASS,None
11584,25 265168 STE 13 SA,Under Review ,314565.419999999983702,4836443.876000000163913,Toronto Centre,NO,NO,PASS,None
11585,26 210726 STE 09 SA,Application Received,309627.108000000007451,4836586.913999999873340,Davenport,NO,NO,PASS,None
11590,26 202543 STE 12 SA,Under Review ,311891.119000000006054,4838618.018000000156462,Toronto-St. Paul's,NO,NO,PASS,None
11600,26 185667 STE 12 SA,Under Review ,313292.655000000027940,4838656.575000000186265,Toronto-St. Paul's,NO,NO,PASS,None
11608,21 251000 STE 10 SA,Under Review ,310946.473999999987427,4832798.328999999910593,Spadina-Fort York,NO,NO,PASS,None
11624,20 215681 ESC 22 OZ,Under Review ,319756.711999999999534,4848358.055999999865890,Scarborough-Agincourt,NO,NO,PASS,None
11632,21 234394 STE 14 SB,Under Review ,317031.826000000000931,4835057.998999999836087,Toronto-Danforth,NO,NO,PASS,None
11642,24 175201 WET 03 SA,Under Review ,305256.715000000025611,4830899.195000000298023,Etobicoke-Lakeshore,NO,NO,PASS,None
11665,25 249562 ESC 21 OZ,Application Received,323077.759000000020023,4844871.434999999590218,Scarborough Centre,NO,NO,PASS,None
11679,24 166781 WET 07 SA,Under Review ,301835.134000000020023,4844972.968000000342727,Humber River-Black Creek,NO,NO,PASS,None
11680,24 171199 WET 07 SA,Under Review ,304769.598999999987427,4847490.243999999947846,Humber River-Black Creek,NO,NO,PASS,None
11689,22 227434 STE 13 SA,Under Review ,314518.106000000028871,4835393.407999999821186,Toronto Centre,NO,NO,PASS,None
11697,25 187784 NNY 06 OZ,Under Review ,308086.582999999984168,4845595.391999999992549,York Centre,NO,NO,PASS,None
11705,20 144978 STE 10 SA,Under Review ,314643.276000000012573,4833796.993999999947846,Spadina-Fort York,NO,NO,PASS,None
11730,23 165951 ESC 24 OZ,Under Review ,329689.952999999979511,4847284.212000000290573,Scarborough-Guildwood,NO,NO,PASS,None
11734,22 137869 STE 12 SA,Under Review ,313514.771999999997206,4837747.635999999940395,Toronto-St. Paul's,NO,NO,PASS,None
11736,21 232674 WET 05 SA,Under Review ,305660.199000000022352,4838427.690000000409782,York South-Weston,NO,NO,PASS,None
11740,22 140154 NNY 17 SA,Under Review ,318799.512999999977183,4847980.566999999806285,Don Valley North,NO,NO,PASS,None
11741,22 175297 WET 02 SA,Under Review ,299925.841000000014901,4832289.519000000320375,Etobicoke Centre,NO,NO,PASS,None
11747,26 165494 WET 03 OZ,Under Review ,304926.580000000016298,4830329.627999999560416,Etobicoke-Lakeshore,NO,NO,PASS,None
11756,25 267189 WET 05 OZ,Under Review ,303233.006999999983236,4839864.485999999567866,York South-Weston,NO,NO,PASS,None
11757,25 267189 WET 05 OZ,Under Review ,303205.373000000021420,4839855.489000000059605,York South-Weston,NO,NO,PASS,None
11763,26 124085 WET 05 OZ,Under Review ,306667.791000000026543,4836408.169999999925494,York South-Weston,NO,NO,PASS,None
11770,21 178726 STE 11 SA,Under Review ,313053.267999999981839,4836999.497999999672174,University-Rosedale,NO,NO,PASS,None
11771,21 233901 NNY 18 CD,Under Review ,311421.143999999971129,4849673.446999999694526,Willowdale,NO,NO,PASS,None
11801,21 204526 STE 13 SA,Under Review ,314519.017999999981839,4833967.084999999962747,Toronto Centre,NO,NO,PASS,None
11802,21 232987 STE 12 CD,Under Review ,311274.329000000027008,4837969.601999999955297,Toronto-St. Paul's,NO,NO,PASS,None
11804,25 138195 NNY 18 SB,Under Review ,310344.308000000019092,4848461.583999999798834,Willowdale,NO,NO,PASS,None
11818,22 170530 NNY 08 SA,Under Review ,312847.368000000016764,4840852.428000000305474,Eglinton-Lawrence,NO,NO,PASS,None
11842,22 170531 NNY 08 OZ,Under Review ,312847.368000000016764,4840852.428000000305474,Eglinton-Lawrence,NO,NO,PASS,None
11866,22 140277 NNY 06 SA,Under Review ,305651.775000000023283,4846841.468000000342727,York Centre,NO,NO,PASS,None
11867,22 163129 NNY 06 OZ,Under Review ,308771.131999999983236,4845647.850999999791384,York Centre,NO,NO,PASS,None
11876,26 161475 STE 14 SB,Under Review ,316605.359999999986030,4833804.055999999865890,Toronto-Danforth,NO,NO,PASS,None
11892,22 193935 STE 12 SA,Under Review ,313119.657999999995809,4840016.151999999769032,Toronto-St. Paul's,NO,NO,PASS,None
11917,20 159052 ESC 24 SA,Under Review ,327121.134000000020023,4844577.279000000096858,Scarborough-Guildwood,NO,NO,PASS,None
11934,21 234435 STE 10 CD,Under Review ,312990.686999999976251,4833446.131000000052154,Spadina-Fort York,NO,NO,PASS,None
11942,21 213475 STE 12 SA,Under Review ,311194.025000000023283,4838214.120000000111759,Toronto-St. Paul's,NO,NO,PASS,None
11944,21 220069 WET 05 SB,Under Review ,303233.006999999983236,4839864.485999999567866,York South-Weston,NO,NO,PASS,None
11945,21 226522 STE 12 SB,Under Review ,313292.655000000027940,4838656.575000000186265,Toronto-St. Paul's,NO,NO,PASS,None
11959,21 119572 NNY 06 SB,Under Review ,305878.132999999972526,4845048.065999999642372,York Centre,NO,NO,PASS,None
11974,21 235877 STE 09 SB,Under Review ,307502.788999999989755,4836922.355999999679625,Davenport,NO,NO,PASS,None
11978,25 136326 NNY 08 SA,Under Review ,309513.814000000013039,4840652.245000000111759,Eglinton-Lawrence,NO,NO,PASS,None
11997,21 235230 NNY 08 SA,Under Review ,308704.277000000001863,4839475.087000000290573,Eglinton-Lawrence,NO,NO,PASS,None
11998,21 235231 NNY 08 SB,Under Review ,308704.277000000001863,4839475.087000000290573,Eglinton-Lawrence,NO,NO,PASS,None
12000,21 124798 WET 02 SB,Under Review ,299578.284999999974389,4834420.708999999798834,Etobicoke Centre,NO,NO,PASS,None
12005,25 103941 STE 13 SA,Under Review ,316011.722000000008848,4835443.502999999560416,Toronto Centre,NO,NO,PASS,None
12011,20 225403 NNY 17 PL,Under Review ,318948.556999999971595,4848042.013000000268221,Don Valley North,NO,NO,PASS,None
12012,21 230230 STE 13 CD,Under Review ,315021.156000000017229,4835127.247000000439584,Toronto Centre,NO,NO,PASS,None
12032,23 110492 STE 13 SA,Under Review ,314521.135000000009313,4835449.254999999888241,Toronto Centre,NO,NO,PASS,None
12063,21 239179 STE 12 CD,Under Review ,313514.771999999997206,4837747.635999999940395,Toronto-St. Paul's,NO,NO,PASS,None
12074,23 126078 STE 13 SA,Under Review ,316459.206999999994878,4834744.645999999716878,Toronto Centre,NO,NO,PASS,None
12077,21 199636 STE 14 OZ,Under Review ,316246.945000000006985,4836961.615000000223517,Toronto-Danforth,NO,NO,PASS,None
12082,25 166443 STE 11 OZ,Under Review ,313626.511999999987893,4837539.387000000104308,University-Rosedale,NO,NO,PASS,None
12086,21 250999 STE 10 SA,Under Review ,310946.473999999987427,4832798.328999999910593,Spadina-Fort York,NO,NO,PASS,None
12089,22 188735 STE 12 SA,Under Review ,312785.318000000028405,4838020.355000000447035,Toronto-St. Paul's,NO,NO,PASS,None
12091,22 136574 STE 09 SA,Under Review ,308353.069000000017695,4837053.753999999724329,Davenport,NO,NO,PASS,None
12092,23 137642 WET 05 SA,Under Review ,303419.891000000003260,4839897.468999999575317,York South-Weston,NO,NO,PASS,None
12093,21 176811 WET 05 SA,Under Review ,307514.481000000028871,4836706.178999999538064,York South-Weston,NO,NO,PASS,None
12094,21 184321 STE 10 SB,Under Review ,313532.433000000019092,4834024.349000000394881,Spadina-Fort York,NO,NO,PASS,None
12096,25 187032 ESC 20 SA,Under Review ,327479.643999999971129,4843834.303999999538064,Scarborough Southwest,NO,NO,PASS,None
12100,21 195890 ESC 20 SA,Under Review ,322926.259000000020023,4838195.735000000335276,Scarborough Southwest,NO,NO,PASS,None
12135,24 123437 ESC 22 SB,Under Review ,320846.613000000012107,4851785.667000000365078,Scarborough-Agincourt,NO,NO,PASS,None
12137,26 121464 NNY 18 SA,Under Review ,313223.652999999991152,4850468.358000000007451,Willowdale,NO,NO,PASS,None
12149,25 173222 NNY 08 SA,Under Review ,307631.586999999999534,4842106.162999999709427,Eglinton-Lawrence,NO,NO,PASS,None
12151,22 241863 STE 13 SA,Under Review ,314013.155000000027940,4836104.463000000454485,Toronto Centre,NO,NO,PASS,None
12160,21 252331 NNY 18 SA,Under Review ,311280.969999999972060,4850194.250000000000000,Willowdale,NO,NO,PASS,None
12177,25 269493 ESC 23 OZ,Under Review ,323500.533999999985099,4849481.917999999597669,Scarborough North,NO,NO,PASS,None
12181,21 124972 NNY 18 SA,Under Review ,310344.308000000019092,4848461.583999999798834,Willowdale,NO,NO,PASS,None
12182,23 173470 STE 13 SA,Under Review ,315658.027999999991152,4834732.781000000424683,Toronto Centre,NO,NO,PASS,None
12204,12 295562 WET 13 SA,Under Review ,304699.387999999977183,4835866.237999999895692,Parkdale-High Park,NO,NO,PASS,None
12205,21 252331 NNY 18 SA,Under Review ,311213.566999999980908,4850164.376000000163913,Willowdale,NO,NO,PASS,None
12207,24 119453 WET 02 OZ,Under Review ,299578.284999999974389,4834420.708999999798834,Etobicoke Centre,NO,NO,PASS,None
12241,22 200231 NNY 16 OZ,Under Review ,316993.016999999992549,4841844.567999999970198,Don Valley East,YES,NO,FAIL,Watercourse
12245,22 239951 STE 09 SA,Under Review ,307502.788999999989755,4836922.355999999679625,Davenport,NO,NO,PASS,None
12274,22 138885 STE 11 SA,Under Review ,312512.271999999997206,4836085.046000000089407,University-Rosedale,NO,NO,PASS,None
12281,21 211001 STE 12 CD,Under Review ,313576.715000000025611,4840610.832999999634922,Toronto-St. Paul's,NO,NO,PASS,None
12282,19 261546 STE 10 SA,Under Review,314587.574000000022352,4833355.905000000260770,Spadina-Fort York,NO,NO,PASS,None
12284,21 226522 STE 12 SB,Under Review ,313369.228999999992084,4838688.132000000216067,Toronto-St. Paul's,NO,NO,PASS,None
12305,19 253732 WET 05 SA,Under Review ,305361.700000000011642,4836329.542000000365078,York South-Weston,NO,NO,PASS,None
12312,25 173222 NNY 08 SA,Under Review ,307613.304000000003725,4842205.053000000305474,Eglinton-Lawrence,NO,NO,PASS,None
12332,21 203361 STE 12 SA,Under Review ,308893.650000000023283,4839313.351999999955297,Toronto-St. Paul's,NO,NO,PASS,None
12333,20 191765 ESC 22 SA,Under Review ,319175.592999999993481,4847757.461000000126660,Scarborough-Agincourt,NO,NO,PASS,None
12335,22 133997 STE 14 SA,Under Review ,316177.881999999983236,4837445.184000000357628,Toronto-Danforth,NO,NO,PASS,None
12343,21 235119 NNY 18 CD,Under Review ,312155.994000000006054,4846369.450000000186265,Willowdale,NO,NO,PASS,None
12344,21 211001 STE 12 CD,Under Review ,313583.886999999987893,4840584.362999999895692,Toronto-St. Paul's,NO,NO,PASS,None
12345,21 211001 STE 12 CD,Under Review ,313580.666000000026543,4840597.150999999605119,Toronto-St. Paul's,NO,NO,PASS,None
12346,23 151381 ESC 23 SA,Under Review ,326131.044999999983702,4853878.248999999836087,Scarborough North,NO,NO,PASS,None
12347,20 114224 NNY 06 OZ,Under Review ,305651.775000000023283,4846841.468000000342727,York Centre,NO,NO,PASS,None
12353,20 229836 WET 03 SA,Under Review ,302671.864999999990687,4828218.769999999552965,Etobicoke-Lakeshore,NO,NO,PASS,None
12357,22 204278 STE 13 SA,Under Review ,314010.648999999975786,4836219.758999999612570,Toronto Centre,NO,NO,PASS,None
12376,23 129424 STE 09 SA,Under Review ,307888.342999999993481,4836365.635999999940395,Davenport,NO,NO,PASS,None
12377,23 179321 NNY 08 SA,Under Review ,312731.454000000027008,4840542.567999999970198,Eglinton-Lawrence,NO,NO,PASS,None
12392,25 126094 ESC 21 SA,Under Review ,321660.117000000027474,4844992.637000000104308,Scarborough Centre,NO,NO,PASS,None
12397,21 234402 STE 10 CD,Under Review ,312802.423999999999069,4833846.600999999791384,Spadina-Fort York,NO,NO,PASS,None
12404,22 135835 WET 05 SA,Under Review ,303685.228000000002794,4839719.053999999538064,York South-Weston,YES,NO,FAIL,Watercourse
12411,23 138692 ESC 21 SA,Under Review ,322498.675999999977648,4843108.179999999701977,Scarborough Centre,NO,NO,PASS,None
12419,22 120573 NNY 15 PL,Under Review ,315758.809000000008382,4841304.741000000387430,Don Valley West,NO,NO,PASS,None
12424,21 235601 NNY 08 CD,Under Review ,309601.661000000021886,4840126.515999999828637,Eglinton-Lawrence,NO,NO,PASS,None
12440,24 178208 STE 19 SA,Under Review ,320805.368000000016764,4839202.978000000119209,Beaches-East York,NO,NO,PASS,None
12441,24 226520 NNY 16 SA,Under Review ,316590.239000000001397,4846013.987999999895692,Don Valley East,NO,NO,PASS,None
12444,22 231961 NNY 06 SA,Under Review ,305568.194000000017695,4846763.592000000178814,York Centre,NO,NO,PASS,None
12457,21 251000 STE 10 SA,Under Review ,310996.060999999986961,4832848.884999999776483,Spadina-Fort York,NO,NO,PASS,None
12458,21 201846 STE 09 SA,Under Review ,308983.809000000008382,4834994.273000000044703,Davenport,NO,NO,PASS,None
12469,21 124972 NNY 18 SA,Under Review ,310278.950000000011642,4848374.125000000000000,Willowdale,NO,NO,PASS,None
12474,22 196927 ESC 25 SA,Under Review ,329100.956000000005588,4851013.974999999627471,Scarborough-Rouge Park,NO,NO,PASS,None
12483,24 128335 NNY 17 SA,Under Review ,315218.804999999993015,4847568.110999999567866,Don Valley North,NO,NO,PASS,None
12485,21 165270 NNY 17 SA,Under Review ,314309.011999999987893,4849554.898000000044703,Don Valley North,NO,YES,FAIL,Wetland
12486,26 182820 STE 04 SA,Under Review ,310136.271000000007916,4833229.586000000126660,Parkdale-High Park,NO,NO,PASS,None
12503,22 193935 STE 12 SA,Under Review ,313123.291000000026543,4840007.553999999538064,Toronto-St. Paul's,NO,NO,PASS,None
12504,22 193935 STE 12 SA,Under Review ,313114.901000000012573,4840021.309999999590218,Toronto-St. Paul's,NO,NO,PASS,None
12505,24 174546 WET 03 SA,Under Review ,305256.715000000025611,4830899.195000000298023,Etobicoke-Lakeshore,NO,NO,PASS,None
12506,25 141826 NNY 08 OZ,Under Review ,309568.152999999991152,4840480.861999999731779,Eglinton-Lawrence,NO,NO,PASS,None
12507,25 173237 STE 12 OZ,Under Review ,309566.963999999978114,4838999.234000000171363,Toronto-St. Paul's,NO,NO,PASS,None
12510,25 155953 STE 09 OZ,Under Review ,307770.914999999979045,4838967.570000000298023,Davenport,NO,NO,PASS,None
12511,25 200349 ESC 21 SA,Under Review ,321432.092000000004191,4847404.924999999813735,Scarborough Centre,NO,NO,PASS,None
12512,26 106480 ESC 22 SA,Application Received,317845.288000000000466,4852641.239000000059605,Scarborough-Agincourt,NO,NO,PASS,None
12515,21 231950 NNY 08 CD,Under Review ,312576.326999999990221,4842908.742999999783933,Eglinton-Lawrence,NO,NO,PASS,None
12530,22 185153 STE 13 SA,Under Review ,314787.283999999985099,4834271.292000000365078,Toronto Centre,NO,NO,PASS,None
12532,26 137976 STE 10 SA,Under Review ,311249.299999999988358,4834143.200000000186265,Spadina-Fort York,NO,NO,PASS,None
12542,21 216098 STE 13 SB,Under Review ,314228.960000000020955,4835519.235000000335276,Toronto Centre,NO,NO,PASS,None
12548,26 161475 STE 14 SB,Under Review ,316541.119999999995343,4833916.849999999627471,Toronto-Danforth,NO,NO,PASS,None
12549,25 251663 NNY 08 SB,Under Review ,309196.449000000022352,4842149.332000000402331,Eglinton-Lawrence,NO,NO,PASS,None
12556,21 178726 STE 11 SA,Under Review ,313094.391000000003260,4836989.855000000447035,University-Rosedale,NO,NO,PASS,None
12557,21 178726 STE 11 SA,Under Review ,313062.554999999993015,4837001.719999999739230,University-Rosedale,NO,NO,PASS,None
12562,25 138195 NNY 18 SB,Under Review ,310278.950000000011642,4848374.125000000000000,Willowdale,NO,NO,PASS,None
12567,21 247144 STE 09 SA,Under Review ,310656.406000000017229,4833522.939000000245869,Davenport,NO,NO,PASS,None
12606,21 201457 ESC 21 SB,Under Review ,326298.152999999991152,4844327.785000000149012,Scarborough Centre,NO,NO,PASS,None
12617,22 238619 NNY 18 SA,Under Review ,309930.320000000006985,4848106.084999999962747,Willowdale,NO,NO,PASS,None
12644,21 231206 NNY 08 SA,Under Review ,311424.074000000022352,4842709.550999999977648,Eglinton-Lawrence,NO,NO,PASS,None
12645,21 233006 STE 12 SB,Under Review ,313204.705000000016298,4839555.686999999918044,Toronto-St. Paul's,NO,NO,PASS,None
12646,22 132905 STE 12 SA,Under Review ,313384.038000000000466,4840727.799999999813735,Toronto-St. Paul's,NO,NO,PASS,None
12647,23 129522 WET 03 SA,Under Review ,301253.569000000017695,4828403.156000000424683,Etobicoke-Lakeshore,NO,NO,PASS,None
12694,23 173464 ESC 21 SA,Under Review ,325235.385999999998603,4845927.956000000238419,Scarborough Centre,NO,NO,PASS,None
12696,21 120368 STE 12 SA,Under Review ,311732.347000000008848,4840152.804999999701977,Toronto-St. Paul's,NO,NO,PASS,None
12697,21 120368 STE 12 SA,Under Review ,311751.667000000015832,4840156.906999999657273,Toronto-St. Paul's,NO,NO,PASS,None
12718,25 179966 NNY 08 SA,Under Review ,309480.979999999981374,4840433.372999999672174,Eglinton-Lawrence,NO,NO,PASS,None
12733,21 198048 STE 10 SA,Under Review ,313321.641999999992549,4833881.893000000156462,Spadina-Fort York,NO,NO,PASS,None
12740,21 223797 NNY 16 SB,Under Review ,317616.297000000020489,4843489.969999999739230,Don Valley East,NO,NO,PASS,None
12748,21 173843 WET 02 SA,Under Review ,303843.650000000023283,4835392.911999999545515,Etobicoke Centre,NO,NO,PASS,None
12749,25 250965 NNY 08 SA,Under Review ,309544.568000000028405,4840549.781000000424683,Eglinton-Lawrence,NO,NO,PASS,None
12762,20 212401 ESC 20 SA,Under Review ,323062.778999999980442,4838298.402999999932945,Scarborough Southwest,NO,NO,PASS,None
12764,21 206417 STE 14 SB,Under Review ,316246.945000000006985,4836961.615000000223517,Toronto-Danforth,NO,NO,PASS,None
12767,22 137068 WET 03 SA,Under Review ,304641.527000000001863,4829841.395999999716878,Etobicoke-Lakeshore,NO,NO,PASS,None
12774,21 171254 STE 10 SA,Under Review ,313631.983000000007451,4834096.347000000067055,Spadina-Fort York,NO,NO,PASS,None
12779,21 251885 STE 11 SA,Under Review ,313517.025000000023283,4837999.203999999910593,University-Rosedale,NO,NO,PASS,None
12782,21 235595 NNY 08 SA,Under Review ,309601.661000000021886,4840126.515999999828637,Eglinton-Lawrence,NO,NO,PASS,None
12784,25 153975 NNY 18 SA,Under Review ,312203.091000000014901,4846331.439000000245869,Willowdale,NO,NO,PASS,None
12789,24 166781 WET 07 SA,Under Review ,301908.098999999987427,4844929.673000000417233,Humber River-Black Creek,NO,NO,PASS,None
12792,26 125774 ESC 20 OZ,Under Review ,322173.645000000018626,4838782.168999999761581,Scarborough Southwest,NO,NO,PASS,None
12804,26 165289 NNY 08 OZ,Under Review ,310618.188000000023749,4841141.025000000372529,Eglinton-Lawrence,NO,NO,PASS,None
12812,21 229987 STE 11 SA,Under Review ,313126.548999999999069,4837036.782999999821186,University-Rosedale,NO,NO,PASS,None
12816,22 137783 STE 12 SA,Under Review ,313301.412000000011176,4838431.111999999731779,Toronto-St. Paul's,NO,NO,PASS,None
12817,22 205972 STE 11 SA,Under Review ,313966.054999999993015,4836368.859000000171363,University-Rosedale,NO,NO,PASS,None
12819,25 265168 STE 13 SA,Under Review ,314573.436999999976251,4836381.167999999597669,Toronto Centre,NO,NO,PASS,None
12820,26 179698 NNY 18 SA,Under Review ,311258.878000000026077,4848790.033999999985099,Willowdale,NO,NO,PASS,None
12838,25 222153 WET 05 OZ,Under Review ,305938.606000000028871,4838208.913999999873340,York South-Weston,NO,NO,PASS,None
12840,26 113198 STE 04 SA,Under Review ,305925.212999999988824,4835991.496000000275671,Parkdale-High Park,NO,NO,PASS,None
12856,24 253468 WET 02 OZ,Under Review ,299789.615999999979977,4833925.234000000171363,Etobicoke Centre,NO,NO,PASS,None
12862,21 235027 NNY 18 CD,Under Review ,311728.456999999994878,4846528.598000000230968,Willowdale,NO,NO,PASS,None
12865,26 150790 STE 04 OZ,Application Received,309295.907000000006519,4832993.718999999575317,Parkdale-High Park,NO,NO,PASS,None
12869,20 232714 STE 12 OZ,Under Review ,312975.501999999978580,4840250.162999999709427,Toronto-St. Paul's,NO,NO,PASS,None
12875,23 170868 ESC 23 SA,Under Review ,324174.168999999994412,4849976.137000000104308,Scarborough North,NO,NO,PASS,None
12888,21 224777 STE 09 CD,Under Review ,310239.060999999986961,4834246.922000000253320,Davenport,NO,NO,PASS,None
12911,24 254930 ESC 20 OZ,Under Review ,321927.985999999975320,4838685.498999999836087,Scarborough Southwest,NO,NO,PASS,None
12915,18 271208 STE 10 SA,Under Review ,313918.065000000002328,4833194.683000000193715,Spadina-Fort York,NO,NO,PASS,None
12923,22 204779 STE 13 SA,Under Review ,315199.369000000006054,4835063.240000000223517,Toronto Centre,NO,NO,PASS,None
12964,22 242090 WET 05 SA,Under Review ,303647.106000000028871,4839691.246000000275671,York South-Weston,YES,NO,FAIL,Watercourse
12965,23 129424 STE 09 SA,Under Review ,307877.348999999987427,4836411.554999999701977,Davenport,NO,NO,PASS,None
12966,23 129424 STE 09 SA,Under Review ,307968.608000000007451,4836278.853000000119209,Davenport,NO,NO,PASS,None
12967,25 210259 STE 04 SA,Under Review ,307474.728000000002794,4834614.731999999843538,Parkdale-High Park,NO,NO,PASS,None
12968,25 179288 STE 13 SA,Under Review ,314228.960000000020955,4835519.235000000335276,Toronto Centre,NO,NO,PASS,None
12986,22 131509 NNY 15 SA,Under Review ,313318.780000000027940,4841109.634999999776483,Don Valley West,NO,NO,PASS,None
12987,22 133815 NNY 15 SA,Under Review ,314503.978000000002794,4840944.758999999612570,Don Valley West,NO,NO,PASS,None
13000,22 200230 NNY 16 SA,Under Review ,316993.016999999992549,4841844.567999999970198,Don Valley East,YES,NO,FAIL,Watercourse
13033,26 185667 STE 12 SA,Under Review ,313369.228999999992084,4838688.132000000216067,Toronto-St. Paul's,NO,NO,PASS,None
13055,17 112623 NNY 15 SB,Under Review ,309080.300999999977648,4842395.116000000387430,Eglinton-Lawrence,NO,NO,PASS,None
13056,17 112623 NNY 15 SB,Under Review ,309562.724999999976717,4842407.679999999701977,Eglinton-Lawrence,NO,NO,PASS,None
13057,17 112623 NNY 15 SB,Under Review ,309379.901000000012573,4842264.076000000350177,Eglinton-Lawrence,NO,NO,PASS,None
13069,21 234525 STE 13 SB,Under Review ,314324.428000000014435,4835328.775999999605119,Toronto Centre,NO,NO,PASS,None
13085,26 138552 STE 14 SA,Application Received,316405.717000000004191,4838272.333999999798834,Toronto-Danforth,NO,NO,PASS,None
13086,26 164282 STE 04 SA,Under Review ,307211.831999999994878,4832926.496000000275671,Parkdale-High Park,YES,NO,FAIL,Watercourse
13087,26 202543 STE 12 SA,Under Review ,311864.378000000026077,4838615.984000000171363,Toronto-St. Paul's,NO,NO,PASS,None
13120,21 251322 NNY 18 SA,Under Review ,312155.994000000006054,4846369.450000000186265,Willowdale,NO,NO,PASS,None
13128,20 114230 NNY 06 SB,Under Review ,305651.775000000023283,4846841.468000000342727,York Centre,NO,NO,PASS,None
13139,22 139929 WET 02 SA,Under Review ,299369.918999999994412,4834905.292999999597669,Etobicoke Centre,NO,NO,PASS,None
13140,21 234388 STE 13 CD,Under Review ,316258.364000000001397,4835431.667999999597669,Toronto Centre,NO,NO,PASS,None
13141,17 263267 NNY 23 SA,Under Review ,311148.009000000020023,4846397.314000000245869,Willowdale,NO,NO,PASS,None
13144,20 232714 STE 12 OZ,Under Review ,312967.462999999988824,4840471.308000000193715,Toronto-St. Paul's,NO,NO,PASS,None
13145,20 232714 STE 12 OZ,Under Review ,312902.132999999972526,4840240.771999999880791,Toronto-St. Paul's,NO,NO,PASS,None
13156,24 248357 STE 19 SA,Under Review ,319424.170999999972992,4838050.985999999567866,Beaches-East York,NO,NO,PASS,None
13161,21 251435 STE 10 SA,Under Review ,311891.500000000000000,4833468.700000000186265,Spadina-Fort York,NO,NO,PASS,None
13166,18 272239 ESC 22 SB,Under Review ,322009.753000000026077,4848709.957000000402331,Scarborough-Agincourt,NO,NO,PASS,None
13196,26 202543 STE 12 SA,Under Review ,311852.612000000022817,4838606.956000000238419,Toronto-St. Paul's,NO,NO,PASS,None
13199,21 169132 STE 13 SA,Under Review ,315387.070000000006985,4834732.779000000096858,Toronto Centre,NO,NO,PASS,None
13203,21 226317 STE 13 SA,Under Review ,315565.800999999977648,4834455.439000000245869,Toronto Centre,NO,NO,PASS,None
13212,26 185667 STE 12 SA,Under Review ,313379.018999999971129,4838624.222000000067055,Toronto-St. Paul's,NO,NO,PASS,None
13213,26 214467 WET 03 CD,Application Received,304093.351000000024214,4835438.572999999858439,Etobicoke-Lakeshore,NO,NO,PASS,None
13216,21 230437 ESC 24 CD,Under Review ,329260.114000000001397,4847159.167999999597669,Scarborough-Guildwood,NO,NO,PASS,None
13233,16 189275 STE 20 SA,Under Review ,313628.833999999973457,4833905.912999999709427,Spadina-Fort York,NO,NO,PASS,None
13245,21 235230 NNY 08 SA,Under Review ,308712.777000000001863,4839432.224000000394881,Eglinton-Lawrence,NO,NO,PASS,None
13246,21 235231 NNY 08 SB,Under Review ,308712.777000000001863,4839432.224000000394881,Eglinton-Lawrence,NO,NO,PASS,None
13259,22 179762 NNY 18 SA,Under Review ,311599.083999999973457,4850011.240000000223517,Willowdale,NO,NO,PASS,None
13313,26 179698 NNY 18 SA,Under Review ,311233.216000000014901,4848782.192999999970198,Willowdale,NO,NO,PASS,None
13339,26 127882 WET 05 OZ,Under Review ,304443.476000000024214,4840422.776999999769032,York South-Weston,NO,NO,PASS,None
13343,23 158820 ESC 20 SA,Under Review ,323673.017999999981839,4838780.121000000275671,Scarborough Southwest,NO,NO,PASS,None
13357,17 112623 NNY 15 SB,Under Review ,309315.542000000015832,4842379.911000000312924,Eglinton-Lawrence,NO,NO,PASS,None
13358,17 112623 NNY 15 SB,Under Review ,309414.918999999994412,4842448.631000000052154,Eglinton-Lawrence,NO,NO,PASS,None
13359,17 112623 NNY 15 SB,Under Review ,309300.211999999999534,4842383.083999999798834,Eglinton-Lawrence,NO,NO,PASS,None
13360,17 112623 NNY 15 SB,Under Review ,309480.494999999995343,4842239.456000000238419,Eglinton-Lawrence,NO,NO,PASS,None
13365,22 208860 STE 11 OZ,Under Review ,314241.896000000007916,4835111.595999999903142,University-Rosedale,NO,NO,PASS,None
13366,24 166177 ESC 24 OZ,Under Review ,325111.487000000022817,4848552.378999999724329,Scarborough-Guildwood,NO,NO,PASS,None
13381,22 112333 ESC 21 OZ,Under Review ,321745.586000000010245,4846401.082999999634922,Scarborough Centre,NO,NO,PASS,None
13394,16 242481 ESC 37 SA,Under Review ,322142.973999999987427,4845155.173000000417233,Scarborough Centre,NO,NO,PASS,None
13395,21 201461 ESC 21 OZ,Under Review ,326298.152999999991152,4844327.785000000149012,Scarborough Centre,NO,NO,PASS,None
13398,22 135825 STE 12 SA,Under Review ,313204.705000000016298,4839555.686999999918044,Toronto-St. Paul's,NO,NO,PASS,None
13399,26 185171 NNY 17 OZ,Under Review ,313608.593999999982771,4848544.775000000372529,Don Valley North,NO,NO,PASS,None
13400,21 235162 STE 19 SB,Under Review ,319871.809999999997672,4836166.848000000230968,Beaches-East York,NO,NO,PASS,None
13402,21 229241 WET 03 CD,Under Review ,302512.226000000024214,4834038.735999999567866,Etobicoke-Lakeshore,NO,NO,PASS,None
13406,21 210066 WET 03 SA,Under Review ,302489.137999999977183,4830910.729000000283122,Etobicoke-Lakeshore,NO,NO,PASS,None
13409,21 217139 STE 13 SB,Under Review ,314231.115999999979977,4834709.293999999761581,Toronto Centre,NO,NO,PASS,None
13414,22 204654 STE 10 SA,Under Review ,313927.146000000007916,4834789.826999999582767,Spadina-Fort York,NO,NO,PASS,None
13435,23 115001 WET 05 SA,Under Review ,303732.386999999987893,4839644.582000000402331,York South-Weston,NO,YES,FAIL,Wetland
13483,21 211696 STE 12 SA,Under Review ,313337.086999999999534,4838337.117999999783933,Toronto-St. Paul's,NO,NO,PASS,None
13486,16 204453 WET 02 SA,Under Review ,297466.110999999975320,4840877.224000000394881,Etobicoke North,NO,NO,PASS,None
13493,26 138158 NNY 06 OZ,Under Review ,307259.119999999995343,4848025.521999999880791,York Centre,NO,NO,PASS,None
13497,26 127354 STE 19 SA,Under Review ,321069.471000000019558,4838603.737999999895692,Beaches-East York,NO,NO,PASS,None
13508,25 155953 STE 09 OZ,Under Review ,307750.536000000021886,4838959.251000000163913,Davenport,NO,NO,PASS,None
13510,21 236504 NNY 17 CD,Under Review ,314309.011999999987893,4849554.898000000044703,Don Valley North,NO,YES,FAIL,Wetland
13514,25 187784 NNY 06 OZ,Under Review ,308055.314000000013039,4845587.269000000320375,York Centre,NO,NO,PASS,None
13519,22 204198 STE 10 SA,Under Review ,312597.707999999984168,4833517.343999999575317,Spadina-Fort York,NO,NO,PASS,None
13529,19 240129 STE 09 SA,Under Review ,307969.320999999996275,4836878.758000000379980,Davenport,NO,NO,PASS,None
13537,23 238626 WET 07 OZ,Under Review ,305463.287000000011176,4846729.440000000409782,Humber River-Black Creek,NO,NO,PASS,None
13538,26 136937 STE 13 OZ,Under Review ,314964.266999999992549,4834878.695000000298023,Toronto Centre,NO,NO,PASS,None
13540,24 195190 NNY 18 OZ,Under Review ,313066.973999999987427,4849075.019000000320375,Willowdale,NO,NO,PASS,None
13548,21 235019 STE 10 CD,Under Review ,313631.983000000007451,4834096.347000000067055,Spadina-Fort York,NO,NO,PASS,None
13550,21 227617 STE 04 SB,Under Review ,307713.135999999998603,4834967.660000000149012,Parkdale-High Park,NO,NO,PASS,None
13551,21 235601 NNY 08 CD,Under Review ,309636.983000000007451,4840090.504999999888241,Eglinton-Lawrence,NO,NO,PASS,None
13580,20 232602 ESC 22 SA,Under Review ,322025.507999999972526,4850811.474999999627471,Scarborough-Agincourt,NO,NO,PASS,None
13582,25 269493 ESC 23 OZ,Under Review ,323518.147999999986496,4849523.384999999776483,Scarborough North,NO,NO,PASS,None
13587,22 191099 NNY 18 OZ,Under Review ,311377.424999999988358,4850449.491000000387430,Willowdale,NO,NO,PASS,None
13594,18 267718 ESC 24 SA,Under Review ,328064.613000000012107,4845683.531999999657273,Scarborough-Guildwood,NO,NO,PASS,None
13596,22 175297 WET 02 SA,Under Review ,299935.102000000013504,4832258.854000000283122,Etobicoke Centre,NO,NO,PASS,None
13614,21 227802 STE 12 SB,Under Review ,313491.603000000002794,4838372.997000000439584,Toronto-St. Paul's,NO,NO,PASS,None
13633,22 186083 STE 13 SA,Under Review ,303541.462999999988824,4840536.055999999865890,York South-Weston,NO,NO,PASS,None
13634,23 228013 NNY 08 SA,Under Review ,310128.895000000018626,4843537.492999999783933,Eglinton-Lawrence,NO,NO,PASS,None
13635,21 251000 STE 10 SA,Under Review ,310934.483999999996740,4832836.395999999716878,Spadina-Fort York,NO,NO,PASS,None
13658,21 235595 NNY 08 SA,Under Review ,309636.983000000007451,4840090.504999999888241,Eglinton-Lawrence,NO,NO,PASS,None
13660,22 165978 STE 12 SA,Under Review ,313536.445999999996275,4839698.450000000186265,Toronto-St. Paul's,NO,NO,PASS,None
13661,22 238620 NNY 18 OZ,Under Review ,309930.320000000006985,4848106.084999999962747,Willowdale,NO,NO,PASS,None
13667,22 194920 ESC 20 SA,Under Review ,323195.194000000017695,4841290.963000000454485,Scarborough Southwest,NO,NO,PASS,None
13699,21 226321 STE 13 SB,Under Review ,315565.800999999977648,4834455.439000000245869,Toronto Centre,NO,NO,PASS,None
13705,21 231681 STE 19 CD,Under Review ,321173.691999999980908,4838548.192999999970198,Beaches-East York,NO,NO,PASS,None
13706,21 250159 ESC 24 SB,Under Review ,326652.135000000009313,4846472.645999999716878,Scarborough-Guildwood,NO,NO,PASS,None
13721,21 251865 STE 04 SA,Under Review ,306526.244000000006054,4835935.866000000387430,Parkdale-High Park,NO,NO,PASS,None
13775,21 250827 STE 10 SA,Under Review ,312596.088999999978114,4833781.974000000394881,Spadina-Fort York,NO,NO,PASS,None
13779,25 239940 STE 13 OZ,Under Review ,314951.130999999993946,4835240.231999999843538,Toronto Centre,NO,NO,PASS,None
13782,25 222153 WET 05 OZ,Under Review ,305947.481000000028871,4838198.523000000044703,York South-Weston,NO,NO,PASS,None
13784,22 138885 STE 11 SA,Under Review ,312478.282000000006519,4836135.106999999843538,University-Rosedale,NO,NO,PASS,None
13786,21 235477 NNY 18 CD,Under Review ,311654.451999999990221,4848082.071999999694526,Willowdale,NO,NO,PASS,None
13787,22 138373 STE 10 SA,Application Received,314900.390000000013970,4833524.101999999955297,Spadina-Fort York,NO,NO,PASS,None
13794,24 236202 NNY 06 SB,Under Review ,306195.762999999977183,4845174.763000000268221,York Centre,NO,NO,PASS,None
13798,24 106262 STE 09 CD,Under Review ,310750.034999999974389,4833522.794999999925494,Davenport,NO,NO,PASS,None
13815,26 213803 STE 04 SA,Application Received,310181.145000000018626,4832440.833999999798834,Parkdale-High Park,NO,NO,PASS,None
13823,25 222153 WET 05 OZ,Under Review ,305904.673999999999069,4838226.464999999850988,York South-Weston,NO,NO,PASS,None
13827,21 250999 STE 10 SA,Under Review ,310934.483999999996740,4832836.395999999716878,Spadina-Fort York,NO,NO,PASS,None
13830,19 261154 STE 11 SA,Under Review ,312782.424999999988358,4837004.120000000111759,University-Rosedale,NO,NO,PASS,None
13831,26 117110 ESC 21 SA,Under Review ,323417.580000000016298,4848048.766999999992549,Scarborough Centre,NO,NO,PASS,None
13834,12 112660 NNY 16 SA,Under Review ,310865.635999999998603,4840380.768000000156462,Eglinton-Lawrence,NO,NO,PASS,None
13835,21 178726 STE 11 SA,Under Review ,313073.184999999997672,4836993.839999999850988,University-Rosedale,NO,NO,PASS,None
13846,25 230811 STE 14 SA,Under Review ,318571.789999999979045,4834730.972000000067055,Toronto-Danforth,NO,NO,PASS,None
13847,26 121277 NNY 17 SA,Under Review ,318869.373000000021420,4848073.798000000417233,Don Valley North,NO,NO,PASS,None
13884,21 245328 STE 12 SA,Under Review ,310898.309000000008382,4837452.067999999970198,Toronto-St. Paul's,NO,NO,PASS,None
13886,21 235161 STE 19 SA,Under Review ,319871.809999999997672,4836166.848000000230968,Beaches-East York,NO,NO,PASS,None
13888,22 242145 STE 12 OZ,Under Review ,312967.462999999988824,4840471.308000000193715,Toronto-St. Paul's,NO,NO,PASS,None
13889,22 242145 STE 12 OZ,Under Review ,312902.132999999972526,4840240.771999999880791,Toronto-St. Paul's,NO,NO,PASS,None
13898,21 231736 STE 12 CD,Under Review ,312996.859999999986030,4840174.468999999575317,Toronto-St. Paul's,NO,NO,PASS,None
13899,21 191009 NNY 16 SB,Application Received,317812.911000000021886,4842041.384999999776483,Don Valley East,NO,NO,PASS,None
13900,21 251831 NNY 08 SA,Under Review ,308256.738000000012107,4842167.969999999739230,Eglinton-Lawrence,NO,NO,PASS,None
13908,22 191234 ESC 20 SA,Under Review ,326884.396999999997206,4844421.793999999761581,Scarborough Southwest,NO,NO,PASS,None
13909,24 226520 NNY 16 SA,Under Review ,316613.864999999990687,4846071.105999999679625,Don Valley East,NO,NO,PASS,None
13910,26 120711 STE 19 CD,Under Review ,320748.472999999998137,4838421.366999999620020,Beaches-East York,NO,NO,PASS,None
13914,24 224540 NNY 08 SA,Under Review ,308166.338999999978114,4842198.509999999776483,Eglinton-Lawrence,NO,NO,PASS,None
13921,21 172654 STE 10 OZ,Under Review ,312596.088999999978114,4833781.974000000394881,Spadina-Fort York,NO,NO,PASS,None
13931,25 214767 NNY 18 OZ,Under Review ,310849.152000000001863,4846256.519000000320375,Willowdale,NO,NO,PASS,None
13947,24 229071 STE 10 OZ,Under Review ,314040.184000000008382,4833797.361999999731779,Spadina-Fort York,NO,NO,PASS,None
13956,25 269028 NNY 18 OZ,Under Review ,311654.451999999990221,4848082.071999999694526,Willowdale,NO,NO,PASS,None
13970,21 213552 STE 12 SB,Under Review ,313384.038000000000466,4840727.799999999813735,Toronto-St. Paul's,NO,NO,PASS,None
13972,21 206371 STE 11 SA,Under Review ,310515.951000000000931,4836514.661999999545515,University-Rosedale,NO,NO,PASS,None
13977,26 127948 STE 09 CD,Amend Drft Plan App,308317.563000000023749,4838793.563000000081956,Davenport,NO,NO,PASS,None
13978,23 139212 NNY 16 SA,Under Review ,317616.297000000020489,4843489.969999999739230,Don Valley East,NO,NO,PASS,None
14007,25 197312 WET 01 OZ,Under Review ,295538.059000000008382,4843285.542000000365078,Etobicoke North,NO,NO,PASS,None
14010,21 232443 STE 11 SA,Under Review ,312001.155000000027940,4836936.939000000245869,University-Rosedale,NO,NO,PASS,None
14021,22 238619 NNY 18 SA,Under Review ,309967.043000000005122,4848122.998999999836087,Willowdale,NO,NO,PASS,None
14050,15 215969 ESC 41 SA,Under Review ,321669.478999999992084,4851311.350999999791384,Scarborough-Agincourt,NO,NO,PASS,None
14055,21 249739 STE 14 SA,Under Review ,316238.173000000009779,4837750.570000000298023,Toronto-Danforth,NO,NO,PASS,None
14059,22 238620 NNY 18 OZ,Under Review ,309967.043000000005122,4848122.998999999836087,Willowdale,NO,NO,PASS,None
14072,23 126078 STE 13 SA,Under Review ,316396.495999999984633,4834724.623999999836087,Toronto Centre,NO,NO,PASS,None
14073,22 221902 NNY 15 SA,Under Review ,314724.227000000013504,4840954.540000000037253,Don Valley West,NO,NO,PASS,None
14076,26 214532 WET 07 OZ,Application Received,305508.471000000019558,4846106.794999999925494,Humber River-Black Creek,NO,NO,PASS,None
14077,25 139649 NNY 15 SA,Under Review ,313036.379000000015367,4840921.741000000387430,Don Valley West,NO,NO,PASS,None
14083,21 250160 ESC 24 SA,Under Review ,326652.135000000009313,4846472.645999999716878,Scarborough-Guildwood,NO,NO,PASS,None
14084,21 252097 WET 03 SA,Under Review ,304940.070000000006985,4830254.338000000454485,Etobicoke-Lakeshore,NO,NO,PASS,None
14094,21 214174 STE 13 SA,Under Review ,314221.103000000002794,4835628.792999999597669,Toronto Centre,NO,NO,PASS,None
14099,21 235856 WET 07 CD,Under Review ,305515.869000000006054,4846193.987999999895692,Humber River-Black Creek,NO,NO,PASS,None
14109,26 209400 WET 02 SA,Under Review ,302570.580000000016298,4837827.671000000089407,Etobicoke Centre,NO,NO,PASS,None
14126,21 193524 NNY 06 PL,Under Review ,308527.854999999981374,4843827.207999999634922,York Centre,NO,NO,PASS,None
14133,22 139830 WET 03 SA,Under Review ,303175.390000000013970,4832396.850999999791384,Etobicoke-Lakeshore,NO,NO,PASS,None
14137,20 173796 WET 02 SA,Under Review ,298900.744000000006054,4836181.569000000134110,Etobicoke Centre,NO,NO,PASS,None
14138,21 226522 STE 12 SB,Under Review ,313379.018999999971129,4838624.222000000067055,Toronto-St. Paul's,NO,NO,PASS,None
14141,22 191094 NNY 08 OZ,Under Review ,308176.391999999992549,4842531.452999999746680,Eglinton-Lawrence,NO,NO,PASS,None
14142,26 104352 NNY 15 OZ,Under Review ,314308.575000000011642,4844173.929999999701977,Don Valley West,NO,NO,PASS,None
14144,22 241863 STE 13 SA,Under Review ,314010.994000000006054,4836109.809999999590218,Toronto Centre,NO,NO,PASS,None
14147,25 191649 STE 12 SA,Under Review ,312950.795999999972992,4840206.967000000178814,Toronto-St. Paul's,NO,NO,PASS,None
14158,19 263722 ESC 24 SA,Under Review ,329260.114000000001397,4847159.167999999597669,Scarborough-Guildwood,NO,NO,PASS,None
14162,08 215022 ESC 42 SA,Under Review ,326900.517999999981839,4850173.183000000193715,Scarborough North,YES,NO,FAIL,Watercourse
14174,21 245354 STE 10 SA,Under Review ,314900.390000000013970,4833524.101999999955297,Spadina-Fort York,NO,NO,PASS,None
14175,22 177701 NNY 08 CD,Under Review ,309394.496999999973923,4840787.360000000335276,Eglinton-Lawrence,NO,NO,PASS,None
14179,25 159447 STE 10 CD,Under Review ,313025.255000000004657,4833636.383000000379980,Spadina-Fort York,NO,NO,PASS,None
14186,25 173237 STE 12 OZ,Under Review ,309554.881999999983236,4839026.843000000342727,Toronto-St. Paul's,NO,NO,PASS,None
14190,21 250334 STE 11 SA,Under Review ,313568.978999999992084,4837512.923999999649823,University-Rosedale,NO,NO,PASS,None
14192,25 236949 STE 13 OZ,Under Review ,316326.735999999975320,4835487.269999999552965,Toronto Centre,NO,NO,PASS,None
14223,26 116598 ESC 25 OZ,Under Review ,327341.956000000005588,4851875.072999999858439,Scarborough-Rouge Park,NO,NO,PASS,None
14259,22 207193 WET 03 OZ,Under Review ,304940.070000000006985,4830254.338000000454485,Etobicoke-Lakeshore,NO,NO,PASS,None
14260,22 205739 NNY 15 SA,Under Review ,313162.064000000013039,4841052.906999999657273,Don Valley West,NO,NO,PASS,None
14261,23 138551 STE 12 SA,Under Review ,309004.310999999986961,4839233.791000000201166,Toronto-St. Paul's,NO,NO,PASS,None
14275,21 204526 STE 13 SA,Under Review ,314504.685999999986961,4833959.383000000379980,Toronto Centre,NO,NO,PASS,None
14287,16 189765 ESC 42 OZ,Under Review,325788.664999999979045,4850335.888000000268221,Scarborough North,NO,NO,PASS,None
14311,15 258619 WET 12 SA,Under Review ,306603.581000000005588,4840610.825000000186265,York South-Weston,NO,NO,PASS,None
14320,19 261154 STE 11 SA,Under Review ,312787.911000000021886,4836999.669999999925494,University-Rosedale,NO,NO,PASS,None
14321,25 133899 NNY 06 SA,Under Review ,306195.762999999977183,4845174.763000000268221,York Centre,NO,NO,PASS,None
14324,24 248822 NNY 08 OZ,Under Review ,308166.338999999978114,4842198.509999999776483,Eglinton-Lawrence,NO,NO,PASS,None
14332,22 179830 STE 11 SA,Under Review ,312305.042000000015832,4836295.553999999538064,University-Rosedale,NO,NO,PASS,None
14339,21 234491 STE 13 SB,Under Review ,314047.278999999980442,4836141.457999999634922,Toronto Centre,NO,NO,PASS,None
14341,22 139831 WET 03 OZ,Under Review ,303175.390000000013970,4832396.850999999791384,Etobicoke-Lakeshore,NO,NO,PASS,None
14365,17 278488 NNY 15 SA,Under Review ,309429.016000000003260,4839453.109000000171363,Toronto-St. Paul's,NO,NO,PASS,None
14378,17 112623 NNY 15 SB,Under Review ,309492.768999999971129,4842392.236999999731779,Eglinton-Lawrence,NO,NO,PASS,None
14390,25 186182 ESC 21 OZ,Under Review ,323907.197999999974854,4847870.552000000141561,Scarborough Centre,NO,NO,PASS,None
14391,26 194894 ESC 22 SA,Under Review ,319436.344999999972060,4851930.884999999776483,Scarborough-Agincourt,NO,NO,PASS,None
14394,21 247607 ESC 20 SA,Under Review ,321992.655000000027940,4838852.592000000178814,Scarborough Southwest,NO,NO,PASS,None
14406,21 180095 STE 13 SA,Under Review ,314573.717999999993481,4834959.375000000000000,Toronto Centre,NO,NO,PASS,None
14413,17 112623 NNY 15 SB,Under Review ,309235.657999999995809,4842381.665000000037253,Eglinton-Lawrence,NO,NO,PASS,None
14414,17 112623 NNY 15 SB,Under Review ,309361.308000000019092,4842360.865000000223517,Eglinton-Lawrence,NO,NO,PASS,None
14415,17 112623 NNY 15 SB,Under Review ,309530.784999999974389,4842335.053000000305474,Eglinton-Lawrence,NO,NO,PASS,None
14421,23 154398 STE 10 SA,Under Review ,311200.990999999979977,4832654.355999999679625,Spadina-Fort York,NO,NO,PASS,None
14422,25 239940 STE 13 OZ,Under Review ,314925.602000000013504,4835341.504999999888241,Toronto Centre,NO,NO,PASS,None
14439,21 228105 STE 13 SB,Under Review ,314790.843999999982771,4834474.998999999836087,Toronto Centre,NO,NO,PASS,None
14440,21 251865 STE 04 SA,Under Review ,306558.592000000004191,4835935.572999999858439,Parkdale-High Park,NO,NO,PASS,None
14441,21 251865 STE 04 SA,Under Review ,306539.815000000002328,4835935.258999999612570,Parkdale-High Park,NO,NO,PASS,None
14448,22 191098 NNY 18 SA,Under Review ,311377.424999999988358,4850449.491000000387430,Willowdale,NO,NO,PASS,None
14452,22 196927 ESC 25 SA,Under Review ,329193.641000000003260,4850971.236999999731779,Scarborough-Rouge Park,NO,NO,PASS,None
14463,21 228761 WET 05 SA,Under Review ,306210.740999999979977,4838008.867999999783933,York South-Weston,NO,NO,PASS,None
14465,21 234491 STE 13 SB,Under Review ,314028.913000000000466,4836177.985999999567866,Toronto Centre,NO,NO,PASS,None
14467,17 112623 NNY 15 SB,Under Review ,309378.836999999999534,4842244.571000000461936,Eglinton-Lawrence,NO,NO,PASS,None
14480,16 126144 WET 03 SA,Under Review ,296432.103999999992084,4834237.696000000461936,Etobicoke Centre,NO,NO,PASS,None
14493,21 236297 WET 03 SB,Under Review ,304940.070000000006985,4830254.338000000454485,Etobicoke-Lakeshore,NO,NO,PASS,None
14495,25 124540 ESC 24 OZ,Application Received,325111.487000000022817,4848552.378999999724329,Scarborough-Guildwood,NO,NO,PASS,None
14502,21 252336 NNY 06 OZ,Under Review ,306968.444000000017695,4847237.151999999769032,York Centre,NO,NO,PASS,None
14509,23 114252 STE 09 SA,Under Review ,310324.788000000000466,4834206.298000000417233,Davenport,NO,NO,PASS,None
14516,22 101190 ESC 21 SA,Under Review ,322585.940000000002328,4846283.604000000283122,Scarborough Centre,NO,NO,PASS,None
14520,24 187222 STE 04 SA,Under Review ,308518.021999999997206,4835278.281999999657273,Parkdale-High Park,NO,NO,PASS,None
14531,21 217377 STE 12 CD,Under Review ,313337.086999999999534,4838337.117999999783933,Toronto-St. Paul's,NO,NO,PASS,None
14549,24 232020 NNY 06 OZ,Under Review ,306195.762999999977183,4845174.763000000268221,York Centre,NO,NO,PASS,None
14554,23 134151 WET 05 SA,Under Review ,306487.924999999988358,4836814.401999999769032,York South-Weston,NO,NO,PASS,None
14557,25 222153 WET 05 OZ,Under Review ,305992.391000000003260,4838167.871000000275671,York South-Weston,NO,NO,PASS,None
14563,26 180009 ESC 21 SA,Under Review ,319890.098999999987427,4846142.608000000007451,Scarborough Centre,NO,NO,PASS,None
14571,25 250965 NNY 08 SA,Under Review ,309502.984999999986030,4840601.788999999873340,Eglinton-Lawrence,NO,NO,PASS,None
14577,17 180289 STE 28 SB,Amend Drft Plan App,315515.009000000020023,4833754.904000000096858,Spadina-Fort York,NO,NO,PASS,None
14586,23 140846 NNY 08 SA,Under Review ,307302.021999999997206,4841377.082000000402331,Eglinton-Lawrence,NO,NO,PASS,None
14588,25 111318 ESC 21 SA,Under Review ,320899.818000000028405,4846353.742999999783933,Scarborough Centre,NO,NO,PASS,None
14590,21 172654 STE 10 OZ,Under Review ,312587.079000000027008,4833811.529000000096858,Spadina-Fort York,NO,NO,PASS,None
14591,22 138578 WET 05 SA,Under Review ,306655.930999999982305,4836467.138000000268221,York South-Weston,NO,NO,PASS,None
14595,26 101832 STE 11 OZ,Under Review ,314090.609999999986030,4835020.583999999798834,University-Rosedale,NO,NO,PASS,None
14600,25 204025 NNY 06 OZ,Under Review ,309978.405000000027940,4846056.552000000141561,York Centre,NO,NO,PASS,None
14616,25 248864 NNY 08 SA,Under Review ,312786.322999999974854,4841654.334999999962747,Eglinton-Lawrence,NO,NO,PASS,None
14625,19 186975 STE 19 OZ,Under Review ,319424.170999999972992,4838050.985999999567866,Beaches-East York,NO,NO,PASS,None
14639,21 234414 STE 12 CD,Under Review ,313369.974999999976717,4838396.480999999679625,Toronto-St. Paul's,NO,NO,PASS,None
14643,23 129424 STE 09 SA,Under Review ,307954.063000000023749,4836274.735999999567866,Davenport,NO,NO,PASS,None
14645,25 242829 STE 13 SA,Under Review ,316218.960000000020955,4834754.560999999754131,Toronto Centre,NO,NO,PASS,None
14646,26 151476 ESC 20 OZ,Under Review ,323324.647999999986496,4843309.848000000230968,Scarborough Southwest,NO,NO,PASS,None
14659,16 126393 STE 28 SB,Amend Drft Plan App,314900.390000000013970,4833524.101999999955297,Spadina-Fort York,NO,NO,PASS,None
14693,26 214481 WET 03 PL,Application Received,304093.351000000024214,4835438.572999999858439,Etobicoke-Lakeshore,NO,NO,PASS,None
14694,26 206628 STE 11 SA,Under Review ,313864.141999999992549,4836597.997999999672174,University-Rosedale,NO,NO,PASS,None
14703,25 271127 NNY 15 OZ,Application Received,314308.575000000011642,4844173.929999999701977,Don Valley West,NO,NO,PASS,None
14704,25 251663 NNY 08 SB,Under Review ,309501.288000000000466,4842004.172000000253320,Eglinton-Lawrence,NO,NO,PASS,None
14712,25 189666 STE 12 CD,Under Review ,311015.799999999988358,4839227.000000000000000,Toronto-St. Paul's,NO,NO,PASS,None
14715,22 191093 NNY 08 SA,Under Review ,308176.391999999992549,4842531.452999999746680,Eglinton-Lawrence,NO,NO,PASS,None
14718,21 178726 STE 11 SA,Under Review ,313066.516000000003260,4836996.707999999634922,University-Rosedale,NO,NO,PASS,None
14732,21 252165 NNY 18 SA,Under Review ,311654.451999999990221,4848082.071999999694526,Willowdale,NO,NO,PASS,None
14752,21 232674 WET 05 SA,Under Review ,305672.930999999982305,4838453.808000000193715,York South-Weston,NO,NO,PASS,None
14754,21 251322 NNY 18 SA,Under Review ,312194.903999999980442,4846382.922000000253320,Willowdale,NO,NO,PASS,None
14755,21 251322 NNY 18 SA,Under Review ,312164.538999999989755,4846374.597000000067055,Willowdale,NO,NO,PASS,None
14758,22 175297 WET 02 SA,Under Review ,299913.231000000028871,4832328.423000000417233,Etobicoke Centre,NO,NO,PASS,None
14759,22 204481 STE 10 SA,Under Review ,313631.074000000022352,4833806.266999999992549,Spadina-Fort York,NO,NO,PASS,None
14779,22 139825 WET 03 SA,Under Review ,302503.982000000018161,4834200.381000000052154,Etobicoke-Lakeshore,NO,NO,PASS,None
14808,26 135283 ESC 24 OZ,Application Received,326652.135000000009313,4846472.645999999716878,Scarborough-Guildwood,NO,NO,PASS,None
14835,24 248345 STE 19 OZ,Under Review ,319424.170999999972992,4838050.985999999567866,Beaches-East York,NO,NO,PASS,None
14841,21 219409 STE 12 SA,Under Review ,312607.215000000025611,4838241.730000000447035,Toronto-St. Paul's,NO,NO,PASS,None
14842,21 219409 STE 12 SA,Under Review ,312623.987000000022817,4838249.946000000461936,Toronto-St. Paul's,NO,NO,PASS,None
14844,22 101191 ESC 21 OZ,Under Review ,322585.940000000002328,4846283.604000000283122,Scarborough Centre,NO,NO,PASS,None
14847,21 230765 STE 13 CD,Under Review ,315091.362000000022817,4835394.775000000372529,Toronto Centre,NO,NO,PASS,None
14848,21 235160 STE 13 SB,Under Review ,315794.389000000024680,4834843.708999999798834,Toronto Centre,NO,NO,PASS,None
14850,21 250827 STE 10 SA,Under Review ,312587.079000000027008,4833811.529000000096858,Spadina-Fort York,NO,NO,PASS,None
14853,23 167792 STE 10 OZ,Under Review ,316060.206000000005588,4833988.847000000067055,Spadina-Fort York,NO,NO,PASS,None
14857,26 167772 STE 13 SA,Under Review ,315590.838999999978114,4835622.344999999739230,Toronto Centre,NO,NO,PASS,None
14898,18 133775 NNY 26 SA,Under Review ,318680.501999999978580,4842572.780000000260770,Don Valley East,NO,NO,PASS,None
14917,12 295562 WET 13 SA,Under Review ,304698.917000000015832,4835837.798000000417233,Parkdale-High Park,NO,NO,PASS,None
14918,12 295562 WET 13 SA,Under Review ,304694.982000000018161,4835847.134999999776483,Parkdale-High Park,NO,NO,PASS,None
14928,19 155807 STE 12 SA,Under Review ,313369.974999999976717,4838396.480999999679625,Toronto-St. Paul's,NO,NO,PASS,None
14941,23 129529 ESC 22 SA,Under Review ,320486.357000000018161,4848598.839999999850988,Scarborough-Agincourt,NO,NO,PASS,None
14943,21 124972 NNY 18 SA,Under Review ,310320.526000000012573,4848451.724999999627471,Willowdale,NO,NO,PASS,None
14949,24 195190 NNY 18 OZ,Under Review ,313053.689000000013039,4849071.033999999985099,Willowdale,NO,NO,PASS,None
14958,25 250965 NNY 08 SA,Under Review ,309515.206999999994878,4840606.466000000014901,Eglinton-Lawrence,NO,NO,PASS,None
14962,22 168204 WET 03 SA,Under Review ,305647.146999999997206,4830105.008000000379980,Etobicoke-Lakeshore,NO,NO,PASS,None
14970,22 196930 STE 11 SA,Under Review ,313268.112000000022817,4835170.896999999880791,University-Rosedale,NO,NO,PASS,None
14971,24 118466 NNY 08 OZ,Under Review ,309960.819000000017695,4841708.097000000067055,Eglinton-Lawrence,NO,NO,PASS,None
14973,25 159447 STE 10 CD,Under Review ,313052.880000000004657,4833636.958999999798834,Spadina-Fort York,NO,NO,PASS,None
14974,25 159447 STE 10 CD,Under Review ,312994.172000000020489,4833633.775999999605119,Spadina-Fort York,NO,NO,PASS,None
14975,25 159447 STE 10 CD,Under Review ,312989.293000000005122,4833638.029000000096858,Spadina-Fort York,NO,NO,PASS,None
14976,26 167726 STE 13 CD,Under Review ,315197.141000000003260,4834535.258000000379980,Toronto Centre,NO,NO,PASS,None
14978,21 232841 STE 11 CD,Under Review ,313568.978999999992084,4837512.923999999649823,University-Rosedale,NO,NO,PASS,None
14979,21 235119 NNY 18 CD,Under Review ,312194.903999999980442,4846382.922000000253320,Willowdale,NO,NO,PASS,None
14980,21 235119 NNY 18 CD,Under Review ,312164.538999999989755,4846374.597000000067055,Willowdale,NO,NO,PASS,None
14982,22 192732 NNY 08 SA,Under Review ,308393.330000000016298,4841363.928999999538064,Eglinton-Lawrence,NO,NO,PASS,None
14983,22 194884 WET 07 SA,Under Review ,305515.869000000006054,4846193.987999999895692,Humber River-Black Creek,NO,NO,PASS,None
14997,25 174797 NNY 18 SA,Under Review ,311254.298999999999069,4848745.002999999560416,Willowdale,NO,NO,PASS,None
14998,25 174797 NNY 18 SA,Under Review ,311292.447999999974854,4848755.722000000067055,Willowdale,NO,NO,PASS,None
15013,22 199272 STE 12 SB,Under Review ,313363.071999999985565,4838236.978000000119209,Toronto-St. Paul's,NO,NO,PASS,None
15014,25 101390 NNY 08 OZ,Under Review ,309206.331999999994878,4841066.083999999798834,Eglinton-Lawrence,NO,NO,PASS,None
15025,22 136574 STE 09 SA,Under Review ,308396.227000000013504,4837078.404000000096858,Davenport,NO,NO,PASS,None
15027,23 137642 WET 05 SA,Under Review ,303410.652999999991152,4839922.968000000342727,York South-Weston,NO,NO,PASS,None
15031,24 118466 NNY 08 OZ,Under Review ,309983.413000000000466,4841716.282999999821186,Eglinton-Lawrence,NO,NO,PASS,None
15035,24 237031 STE 13 SA,Under Review ,314091.233000000007451,4835833.425999999977648,Toronto Centre,NO,NO,PASS,None
15039,21 231415 ESC 20 CD,Under Review ,323159.871999999973923,4841337.273000000044703,Scarborough Southwest,NO,NO,PASS,None
15040,21 248821 NNY 15 OZ,Under Review ,314308.575000000011642,4844173.929999999701977,Don Valley West,NO,NO,PASS,None
15042,23 115001 WET 05 SA,Under Review ,303731.988000000012107,4839649.416000000201166,York South-Weston,NO,YES,FAIL,Wetland
15048,26 168379 NNY 18 OZ,Under Review ,311254.298999999999069,4848745.002999999560416,Willowdale,NO,NO,PASS,None
15049,26 168379 NNY 18 OZ,Under Review ,311292.447999999974854,4848755.722000000067055,Willowdale,NO,NO,PASS,None
15051,22 180773 STE 12 SA,Under Review ,313622.512999999977183,4840462.946999999694526,Toronto-St. Paul's,NO,NO,PASS,None
15066,23 113779 STE 09 SA,Under Review ,310270.715000000025611,4834258.167999999597669,Davenport,NO,NO,PASS,None
15067,25 188115 WET 05 OZ,Under Review ,305644.227000000013504,4838381.201000000350177,York South-Weston,NO,NO,PASS,None
15091,21 226522 STE 12 SB,Under Review ,313312.516000000003260,4838588.234000000171363,Toronto-St. Paul's,NO,NO,PASS,None
15121,21 172654 STE 10 OZ,Under Review ,312604.873000000021420,4833833.779000000096858,Spadina-Fort York,NO,NO,PASS,None
15125,25 222153 WET 05 OZ,Under Review ,305976.384000000020023,4838178.731999999843538,York South-Weston,NO,NO,PASS,None
15142,25 206929 WET 05 OZ,Under Review ,306603.581000000005588,4840610.825000000186265,York South-Weston,NO,NO,PASS,None
15144,26 129467 STE 04 SA,Under Review ,306393.200000000011642,4835989.010999999940395,Parkdale-High Park,NO,NO,PASS,None
15163,21 235477 NNY 18 CD,Under Review ,311607.233999999996740,4848081.093000000342727,Willowdale,NO,NO,PASS,None
15183,17 112623 NNY 15 SB,Under Review ,309473.347999999998137,4842338.831000000238419,Eglinton-Lawrence,NO,NO,PASS,None
15184,17 112623 NNY 15 SB,Under Review ,309346.728999999992084,4842424.314000000245869,Eglinton-Lawrence,NO,NO,PASS,None
15185,17 112623 NNY 15 SB,Under Review ,309248.673999999999069,4842369.870000000111759,Eglinton-Lawrence,NO,NO,PASS,None
15186,17 112623 NNY 15 SB,Under Review ,308969.641999999992549,4842286.537999999709427,Eglinton-Lawrence,NO,NO,PASS,None
15187,17 112623 NNY 15 SB,Under Review ,309013.978000000002794,4842275.962000000290573,Eglinton-Lawrence,NO,NO,PASS,None
15190,22 192722 NNY 08 SB,Under Review ,308393.330000000016298,4841363.928999999538064,Eglinton-Lawrence,NO,NO,PASS,None
15202,25 140832 ESC 20 SA,Under Review ,322565.798000000009779,4839079.589999999850988,Scarborough Southwest,NO,NO,PASS,None
15210,18 223433 WET 11 SA,Under Review ,304032.635999999998603,4839514.020999999716878,York South-Weston,NO,NO,PASS,None
15223,23 129424 STE 09 SA,Under Review ,307976.292000000015832,4836280.497999999672174,Davenport,NO,NO,PASS,None
15224,26 124085 WET 05 OZ,Under Review ,306678.354999999981374,4836411.071000000461936,York South-Weston,NO,NO,PASS,None
15229,17 112623 NNY 15 SB,Under Review ,309587.999000000010710,4842465.830000000074506,Eglinton-Lawrence,NO,NO,PASS,None
15230,17 112623 NNY 15 SB,Under Review ,309380.255999999993946,4842269.395999999716878,Eglinton-Lawrence,NO,NO,PASS,None
15231,17 112623 NNY 15 SB,Under Review ,309412.527999999991152,4842291.739000000059605,Eglinton-Lawrence,NO,NO,PASS,None
15240,25 121712 STE 12 SA,Under Review ,313169.392999999981839,4838939.655000000260770,Toronto-St. Paul's,NO,NO,PASS,None
15251,18 202629 ESC 39 SA,Under Review ,322112.886999999987893,4849193.672000000253320,Scarborough-Agincourt,NO,NO,PASS,None
15252,14 143954 ESC 42 SA,Under Review ,327193.830000000016298,4855741.026999999769032,Scarborough-Rouge Park,NO,NO,PASS,None
15267,21 144776 STE 19 OZ,Under Review ,320825.810999999986961,4837431.000000000000000,Beaches-East York,NO,NO,PASS,None
15269,26 151476 ESC 20 OZ,Under Review ,323295.659999999974389,4843300.291000000201166,Scarborough Southwest,NO,NO,PASS,None
15291,21 203254 STE 13 SA,Under Review ,314112.757999999972526,4835741.777999999932945,Toronto Centre,NO,NO,PASS,None
15296,21 235374 STE 13 CD,Under Review ,314930.184000000008382,4835871.309999999590218,Toronto Centre,NO,NO,PASS,None
15297,21 250708 STE 10 SA,Under Review ,313022.443000000028405,4833950.520999999716878,Spadina-Fort York,NO,NO,PASS,None
15303,22 112137 ESC 21 OZ,Under Review ,320829.117000000027474,4843649.449000000022352,Scarborough Centre,NO,NO,PASS,None
15312,25 267189 WET 05 OZ,Under Review ,303221.765000000013970,4839874.105999999679625,York South-Weston,NO,NO,PASS,None
15314,25 173118 NNY 08 OZ,Under Review ,310400.375999999989290,4841977.641999999992549,Eglinton-Lawrence,NO,NO,PASS,None
15317,25 138195 NNY 18 SB,Under Review ,310320.526000000012573,4848451.724999999627471,Willowdale,NO,NO,PASS,None
15319,22 143092 ESC 24 SA,Under Review ,329327.695000000006985,4849627.082999999634922,Scarborough-Guildwood,NO,NO,PASS,None
15333,21 252165 NNY 18 SA,Under Review ,311607.233999999996740,4848081.093000000342727,Willowdale,NO,NO,PASS,None
15334,23 121048 WET 02 SA,Under Review ,301012.373000000021420,4837528.656999999657273,Etobicoke Centre,NO,NO,PASS,None
15361,26 121464 NNY 18 SA,Under Review ,313232.598999999987427,4850521.203999999910593,Willowdale,NO,NO,PASS,None
15362,26 121464 NNY 18 SA,Under Review ,313225.094999999972060,4850537.697999999858439,Willowdale,NO,NO,PASS,None
15364,22 139700 STE 12 SA,Under Review ,313681.239000000001397,4839529.371000000275671,Toronto-St. Paul's,NO,NO,PASS,None
15369,21 206959 STE 11 SA,Under Review ,313560.537000000011176,4835235.189000000245869,University-Rosedale,NO,NO,PASS,None
15370,21 223797 NNY 16 SB,Under Review ,317534.200000000011642,4843519.240000000223517,Don Valley East,NO,NO,PASS,None
15371,21 213763 WET 03 SA,Under Review ,300668.550999999977648,4832099.273000000044703,Etobicoke-Lakeshore,NO,NO,PASS,None
15374,22 101192 WET 05 SA,Under Review,303994.463999999978114,4838836.200000000186265,York South-Weston,NO,NO,PASS,None
15375,23 124235 STE 13 SA,Under Review ,315238.113000000012107,4834835.384999999776483,Toronto Centre,NO,NO,PASS,None
15378,25 211872 NNY 08 SA,Under Review ,309837.793000000005122,4839710.644999999552965,Eglinton-Lawrence,NO,NO,PASS,None
15382,18 271208 STE 10 SA,Under Review ,314031.293999999994412,4833316.050999999977648,Spadina-Fort York,NO,NO,PASS,None
15386,21 235164 STE 13 SA,Under Review ,314930.184000000008382,4835871.309999999590218,Toronto Centre,NO,NO,PASS,None
15400,23 114992 WET 03 SA,Under Review ,304423.767999999981839,4832498.911999999545515,Etobicoke-Lakeshore,NO,NO,PASS,None
15403,26 112909 NNY 17 SA,Under Review ,317302.020000000018626,4848431.717000000178814,Don Valley North,NO,NO,PASS,None
15416,25 269673 NNY 08 OZ,Under Review ,312800.333999999973457,4840911.144999999552965,Eglinton-Lawrence,NO,NO,PASS,None
15418,26 183365 NNY 08 SA,Under Review ,309501.288000000000466,4842004.172000000253320,Eglinton-Lawrence,NO,NO,PASS,None
15419,26 185171 NNY 17 OZ,Under Review ,313609.577999999979511,4848514.735999999567866,Don Valley North,NO,NO,PASS,None
15427,24 175733 STE 11 SA,Under Review ,314204.772999999986496,4836400.400999999605119,University-Rosedale,NO,NO,PASS,None
15435,21 188740 STE 13 SA,Under Review ,313956.330000000016298,4836274.832999999634922,Toronto Centre,NO,NO,PASS,None
15479,14 122781 STE 20 SA,Under Review ,314103.933000000019092,4833638.548999999649823,Spadina-Fort York,NO,NO,PASS,None
15487,20 212401 ESC 20 SA,Under Review ,323074.343999999982771,4838320.475999999791384,Scarborough Southwest,NO,NO,PASS,None
15489,25 120045 NNY 17 SA,Under Review ,313386.913000000000466,4850108.608000000007451,Don Valley North,NO,NO,PASS,None
15492,23 139212 NNY 16 SA,Under Review ,317534.200000000011642,4843519.240000000223517,Don Valley East,NO,NO,PASS,None
15493,17 278508 NNY 15 SA,Under Review ,308407.168999999994412,4839629.531999999657273,Eglinton-Lawrence,NO,NO,PASS,None
15497,26 163627 STE 09 SA,Under Review ,308546.683000000019092,4837120.111999999731779,Davenport,NO,NO,PASS,None
15498,26 185667 STE 12 SA,Under Review ,313312.516000000003260,4838588.234000000171363,Toronto-St. Paul's,NO,NO,PASS,None
15521,22 200231 NNY 16 OZ,Under Review ,317029.729999999981374,4841913.709999999962747,Don Valley East,NO,NO,PASS,None
15522,24 251716 STE 19 SA,Under Review ,319899.686999999976251,4838240.184000000357628,Beaches-East York,NO,NO,PASS,None
15537,26 130671 NNY 17 CD,Under Review ,315383.278999999980442,4847705.127000000327826,Don Valley North,NO,NO,PASS,None
15538,26 182820 STE 04 SA,Under Review ,310115.443000000028405,4833212.439000000245869,Parkdale-High Park,NO,NO,PASS,None
15548,25 252382 NNY 18 SA,Under Review ,311927.163000000000466,4846405.838000000454485,Willowdale,NO,NO,PASS,None
15549,21 248820 NNY 15 SA,Under Review ,314308.575000000011642,4844173.929999999701977,Don Valley West,NO,NO,PASS,None
15551,24 246714 NNY 08 SA,Under Review ,309501.288000000000466,4842004.172000000253320,Eglinton-Lawrence,NO,NO,PASS,None
15555,25 264514 NNY 08 OZ,Under Review ,309557.267999999981839,4840411.901999999769032,Eglinton-Lawrence,NO,NO,PASS,None
15559,25 269028 NNY 18 OZ,Under Review ,311607.233999999996740,4848081.093000000342727,Willowdale,NO,NO,PASS,None
15577,21 251322 NNY 18 SA,Under Review ,312227.756999999983236,4846390.419999999925494,Willowdale,NO,NO,PASS,None
15589,26 107153 ESC 23 SA,Under Review ,325449.706000000005588,4852205.248999999836087,Scarborough North,NO,NO,PASS,None
15604,25 250107 NNY 06 SA,Under Review ,305570.183000000019092,4842581.182000000029802,York Centre,NO,NO,PASS,None
15608,22 140335 NNY 18 SA,Under Review ,311488.630000000004657,4850030.447999999858439,Willowdale,NO,NO,PASS,None
15615,24 250878 NNY 16 CD,Under Review ,318241.038000000000466,4841705.520999999716878,Don Valley East,NO,NO,PASS,None
15649,25 265168 STE 13 SA,Under Review ,314592.688000000023749,4836386.682000000029802,Toronto Centre,NO,NO,PASS,None
15659,26 202543 STE 12 SA,Under Review ,311869.066999999980908,4838611.625000000000000,Toronto-St. Paul's,NO,NO,PASS,None
15694,22 124107 NNY 17 OZ,Under Review ,314865.906000000017229,4847691.211000000126660,Don Valley North,NO,NO,PASS,None
15698,21 218559 STE 13 SA,Under Review ,314988.585000000020955,4835117.998999999836087,Toronto Centre,NO,NO,PASS,None
15699,21 235404 STE 13 SB,Under Review ,314385.218999999982771,4835050.873999999836087,Toronto Centre,NO,NO,PASS,None
15700,26 137976 STE 10 SA,Under Review ,311191.734999999986030,4834151.927000000141561,Spadina-Fort York,NO,NO,PASS,None
15708,24 187222 STE 04 SA,Under Review ,308511.527999999991152,4835300.461000000126660,Parkdale-High Park,NO,NO,PASS,None
15709,22 204481 STE 10 SA,Under Review ,313621.983999999996740,4833816.794999999925494,Spadina-Fort York,NO,NO,PASS,None
15721,24 211388 ESC 24 SA,Under Review ,327270.184000000008382,4845288.627000000327826,Scarborough-Guildwood,NO,NO,PASS,None
15787,22 175915 STE 04 OZ,Under Review ,308670.568000000028405,4834793.031999999657273,Parkdale-High Park,NO,NO,PASS,None
15788,23 110492 STE 13 SA,Under Review ,314499.443000000028405,4835463.046000000089407,Toronto Centre,NO,NO,PASS,None
15789,23 110492 STE 13 SA,Under Review ,314517.955000000016298,4835470.041000000201166,Toronto Centre,NO,NO,PASS,None
15790,25 131074 STE 19 OZ,Under Review ,320302.059000000008382,4836878.015999999828637,Beaches-East York,NO,NO,PASS,None
15804,23 138797 WET 03 SA,Under Review ,305121.489999999990687,4830673.384999999776483,Etobicoke-Lakeshore,NO,NO,PASS,None
15816,21 223837 STE 12 SA,Under Review ,313033.815000000002328,4839731.799999999813735,Toronto-St. Paul's,NO,NO,PASS,None
15830,26 147400 WET 05 OZ,Under Review ,304032.635999999998603,4839514.020999999716878,York South-Weston,NO,NO,PASS,None
15832,25 250965 NNY 08 SA,Under Review ,309518.195999999996275,4840548.906999999657273,Eglinton-Lawrence,NO,NO,PASS,None
15834,25 239940 STE 13 OZ,Under Review ,314936.952999999979511,4835325.040000000037253,Toronto Centre,NO,NO,PASS,None
15837,21 235961 NNY 15 SB,Under Review ,316110.304000000003725,4841409.690999999642372,Don Valley West,NO,NO,PASS,None
15838,23 146497 STE 19 CD,Under Review ,320794.031000000017229,4837303.059999999590218,Beaches-East York,NO,NO,PASS,None
15841,26 151476 ESC 20 OZ,Under Review ,323313.005999999993946,4843306.006000000052154,Scarborough Southwest,NO,NO,PASS,None
15848,25 267189 WET 05 OZ,Under Review ,303216.119000000006054,4839856.186999999918044,York South-Weston,NO,NO,PASS,None
15858,22 138739 STE 10 SA,Under Review ,313219.048999999999069,4833747.338999999687076,Spadina-Fort York,NO,NO,PASS,None
15865,22 218694 NNY 16 SA,Under Review ,317082.759000000020023,4843678.378999999724329,Don Valley East,NO,NO,PASS,None
15869,25 248864 NNY 08 SA,Under Review ,312779.193000000028405,4841656.826000000350177,Eglinton-Lawrence,NO,NO,PASS,None
15877,20 163635 NNY 15 SB,Under Review ,313928.841000000014901,4846007.547000000253320,Don Valley West,NO,NO,PASS,None
15883,23 167792 STE 10 OZ,Under Review ,315925.461999999999534,4833889.423999999649823,Spadina-Fort York,NO,NO,PASS,None
15899,21 230126 STE 13 CD,Under Review ,315197.141000000003260,4834535.258000000379980,Toronto Centre,NO,NO,PASS,None
15926,25 266344 NNY 15 SA,Under Review ,314875.049999999988358,4841120.095999999903142,Don Valley West,NO,NO,PASS,None
15932,23 158820 ESC 20 SA,Under Review ,323718.010999999998603,4838812.555999999865890,Scarborough Southwest,NO,NO,PASS,None
15935,26 148240 STE 11 OZ,Under Review ,314046.141000000003260,4836547.910000000149012,University-Rosedale,NO,NO,PASS,None
15938,20 232714 STE 12 OZ,Under Review ,312975.646999999997206,4840387.940000000409782,Toronto-St. Paul's,NO,NO,PASS,None
15944,21 201465 NNY 16 SB,Under Review ,318680.501999999978580,4842572.780000000260770,Don Valley East,NO,NO,PASS,None
15946,21 239143 NNY 15 SB,Under Review ,317940.367000000027474,4841805.466000000014901,Don Valley East,NO,NO,PASS,None
15952,25 190864 ESC 21 OZ,Application Received,324327.227000000013504,4847908.225999999791384,Scarborough Centre,NO,NO,PASS,None
15964,21 235027 NNY 18 CD,Under Review ,311730.083999999973457,4846481.870000000111759,Willowdale,NO,NO,PASS,None
16007,23 174343 WET 05 SA,Under Review ,305384.336000000010245,4838526.673000000417233,York South-Weston,NO,NO,PASS,None
16024,21 245218 ESC 20 SA,Under Review ,326003.923999999999069,4844079.645999999716878,Scarborough Southwest,NO,NO,PASS,None
16033,26 120711 STE 19 CD,Under Review ,320757.742000000027474,4838410.433000000193715,Beaches-East York,NO,NO,PASS,None
16040,25 151165 NNY 15 OZ,Under Review ,313928.841000000014901,4846007.547000000253320,Don Valley West,NO,NO,PASS,None
16067,26 149609 WET 05 SA,Application Received,305275.548000000009779,4838480.052000000141561,York South-Weston,NO,NO,PASS,None
16076,16 172094 ESC 41 SA,Under Review ,322880.012999999977183,4849507.605000000447035,Scarborough North,NO,NO,PASS,None
16103,21 230230 STE 13 CD,Under Review ,314988.585000000020955,4835117.998999999836087,Toronto Centre,NO,NO,PASS,None
16113,21 204526 STE 13 SA,Under Review ,314575.250999999989290,4834002.190999999642372,Toronto Centre,NO,NO,PASS,None
16131,20 147756 STE 12 SA,Under Review ,309804.936999999976251,4839572.911999999545515,Toronto-St. Paul's,NO,NO,PASS,None
16133,21 235230 NNY 08 SA,Under Review ,308711.249000000010710,4839447.313000000081956,Eglinton-Lawrence,NO,NO,PASS,None
16134,21 235231 NNY 08 SB,Under Review ,308711.249000000010710,4839447.313000000081956,Eglinton-Lawrence,NO,NO,PASS,None
16136,22 177065 NNY 15 SA,Under Review ,314583.521999999997206,4841254.194000000134110,Don Valley West,NO,NO,PASS,None
16143,17 112623 NNY 15 SB,Under Review ,309393.053000000014435,4842392.609000000171363,Eglinton-Lawrence,NO,NO,PASS,None
16144,17 112623 NNY 15 SB,Under Review ,309414.606000000028871,4842338.053999999538064,Eglinton-Lawrence,NO,NO,PASS,None
16145,17 112623 NNY 15 SB,Under Review ,309368.642999999981839,4842342.526999999769032,Eglinton-Lawrence,NO,NO,PASS,None
16155,21 211651 ESC 23 OZ,Under Review ,322834.643999999971129,4849418.260999999940395,Scarborough North,NO,NO,PASS,None
16158,22 140249 NNY 08 SA,Under Review ,312861.804000000003725,4840526.234000000171363,Eglinton-Lawrence,NO,NO,PASS,None
16163,21 235119 NNY 18 CD,Under Review ,312235.998000000021420,4846387.896999999880791,Willowdale,NO,NO,PASS,None
16166,22 200230 NNY 16 SA,Under Review ,317029.729999999981374,4841913.709999999962747,Don Valley East,NO,NO,PASS,None
16182,22 221902 NNY 15 SA,Under Review ,314726.804999999993015,4840938.885999999940395,Don Valley West,NO,NO,PASS,None
16183,22 242145 STE 12 OZ,Under Review ,312975.646999999997206,4840387.940000000409782,Toronto-St. Paul's,NO,NO,PASS,None
16194,22 138718 NNY 08 SA,Under Review ,309118.131999999983236,4841368.581000000238419,Eglinton-Lawrence,NO,NO,PASS,None
16200,25 124181 ESC 20 OZ,Under Review ,326956.742000000027474,4843541.300999999977648,Scarborough Southwest,NO,NO,PASS,None
16206,22 126234 ESC 20 SA,Under Review ,322674.891999999992549,4838648.196000000461936,Scarborough Southwest,NO,NO,PASS,None
16207,22 133815 NNY 15 SA,Under Review ,314538.558000000019092,4840954.213000000454485,Don Valley West,NO,NO,PASS,None
16209,25 159447 STE 10 CD,Under Review ,312997.118000000016764,4833639.847000000067055,Spadina-Fort York,NO,NO,PASS,None
16210,25 159447 STE 10 CD,Under Review ,312975.603000000002794,4833630.764999999664724,Spadina-Fort York,NO,NO,PASS,None
16211,25 184923 STE 04 SA,Under Review ,308579.032000000006519,4835242.059999999590218,Parkdale-High Park,NO,NO,PASS,None
16216,21 239179 STE 12 CD,Under Review ,313512.949000000022352,4837761.202999999746680,Toronto-St. Paul's,NO,NO,PASS,None
16224,21 235160 STE 13 SB,Under Review ,315793.309000000008382,4834864.973000000230968,Toronto Centre,NO,NO,PASS,None
16225,21 235160 STE 13 SB,Under Review ,315745.684999999997672,4834845.689000000245869,Toronto Centre,NO,NO,PASS,None
16226,21 250827 STE 10 SA,Under Review ,312604.873000000021420,4833833.779000000096858,Spadina-Fort York,NO,NO,PASS,None
16235,25 267267 STE 10 SA,Under Review ,311277.090000000025611,4832861.128999999724329,Spadina-Fort York,NO,NO,PASS,None
16244,23 137812 STE 10 SA,Under Review ,311295.156000000017229,4833099.836000000126660,Spadina-Fort York,NO,NO,PASS,None
16250,22 200445 WET 03 SA,Under Review ,306034.139000000024680,4830996.851999999955297,Etobicoke-Lakeshore,NO,NO,PASS,None
16255,22 138772 ESC 20 SA,Under Review ,323518.739999999990687,4842979.297000000253320,Scarborough Southwest,YES,NO,FAIL,Watercourse
16256,23 170161 STE 10 SB,Under Review ,316060.206000000005588,4833988.847000000067055,Spadina-Fort York,NO,NO,PASS,None
16258,21 231950 NNY 08 CD,Under Review ,312583.222999999998137,4842864.071000000461936,Eglinton-Lawrence,NO,NO,PASS,None
16262,22 136133 STE 11 SA,Under Review ,312784.693000000028405,4835198.385999999940395,University-Rosedale,NO,NO,PASS,None
16263,26 204746 NNY 15 OZ,Under Review ,314203.978999999992084,4844838.275999999605119,Don Valley West,NO,NO,PASS,None
16264,20 198309 STE 13 SA,Under Review ,314885.820999999996275,4835040.661999999545515,Toronto Centre,NO,NO,PASS,None
16278,09 172870 WET 11 SA,Under Review ,302455.391000000003260,4840297.877000000327826,York South-Weston,YES,NO,FAIL,Watercourse
16298,24 226147 NNY 18 CD,Under Review ,311465.599999999976717,4849528.950000000186265,Willowdale,NO,NO,PASS,None
16299,22 179762 NNY 18 SA,Under Review ,311578.895000000018626,4850007.730999999679625,Willowdale,NO,NO,PASS,None
16301,21 201846 STE 09 SA,Under Review ,308974.594999999972060,4835011.788999999873340,Davenport,NO,NO,PASS,None
16302,21 201846 STE 09 SA,Under Review ,308940.141000000003260,4835005.972000000067055,Davenport,NO,NO,PASS,None
16308,21 234388 STE 13 CD,Under Review ,316256.761999999987893,4835436.627999999560416,Toronto Centre,NO,NO,PASS,None
16309,21 234388 STE 13 CD,Under Review ,316257.271999999997206,4835469.463000000454485,Toronto Centre,NO,NO,PASS,None
16313,25 252700 WET 05 SA,Under Review ,302152.685999999986961,4840622.287999999709427,York South-Weston,NO,NO,PASS,None
16318,23 115001 WET 05 SA,Under Review ,303696.521000000007916,4839663.680999999865890,York South-Weston,NO,NO,PASS,None
16322,24 208067 NNY 15 SA,Under Review ,314574.961999999999534,4841156.182000000029802,Don Valley West,NO,NO,PASS,None
16324,23 174343 WET 05 SA,Under Review ,305390.202999999979511,4838533.049999999813735,York South-Weston,NO,NO,PASS,None
16329,21 224777 STE 09 CD,Under Review ,310270.715000000025611,4834258.167999999597669,Davenport,NO,NO,PASS,None
16330,22 138740 STE 10 OZ,Under Review ,313219.048999999999069,4833747.338999999687076,Spadina-Fort York,NO,NO,PASS,None
16331,21 236578 STE 10 SA,Under Review ,313206.520000000018626,4834020.264000000432134,Spadina-Fort York,NO,NO,PASS,None
16334,24 238004 STE 12 OZ,Under Review ,313622.512999999977183,4840462.946999999694526,Toronto-St. Paul's,NO,NO,PASS,None
16336,21 214202 STE 11 CD,Under Review ,314306.211999999999534,4835128.711000000126660,University-Rosedale,NO,NO,PASS,None
16339,21 230120 STE 09 CD,Under Review ,308396.227000000013504,4837078.404000000096858,Davenport,NO,NO,PASS,None
16368,24 106375 STE 13 SA,Under Review ,315238.113000000012107,4834835.384999999776483,Toronto Centre,NO,NO,PASS,None
16395,22 199264 STE 12 SA,Under Review ,313363.071999999985565,4838236.978000000119209,Toronto-St. Paul's,NO,NO,PASS,None
16396,24 172858 STE 11 CD,Under Review ,313312.506999999983236,4836441.245000000111759,University-Rosedale,NO,NO,PASS,None
16401,17 231670 ESC 41 SB,Under Review ,322880.012999999977183,4849507.605000000447035,Scarborough North,NO,NO,PASS,None
16418,21 228750 STE 12 SB,Under Review ,311219.445000000006985,4837976.328999999910593,Toronto-St. Paul's,NO,NO,PASS,None
16421,23 120642 NNY 15 SA,Under Review ,317940.367000000027474,4841805.466000000014901,Don Valley East,NO,NO,PASS,None
16423,23 192792 STE 10 CD,Under Review ,313613.041000000026543,4833740.292000000365078,Spadina-Fort York,NO,NO,PASS,None
16424,25 259679 STE 13 OZ,Under Review ,314840.268999999971129,4834331.712000000290573,Toronto Centre,NO,NO,PASS,None
16427,22 200446 WET 03 OZ,Under Review ,306034.139000000024680,4830996.851999999955297,Etobicoke-Lakeshore,NO,NO,PASS,None
16446,16 189765 ESC 42 OZ,Under Review,325769.338999999978114,4850328.633999999612570,Scarborough North,NO,NO,PASS,None
16474,21 233007 STE 10 CD,Under Review ,312954.684000000008382,4832731.916000000201166,Spadina-Fort York,NO,NO,PASS,None
16485,21 235119 NNY 18 CD,Under Review ,312227.756999999983236,4846390.419999999925494,Willowdale,NO,NO,PASS,None
16509,21 137958 STE 10 SA,Under Review ,316334.438000000023749,4834318.322999999858439,Spadina-Fort York,NO,NO,PASS,None
16511,16 162386 WET 13 SA,Under Review,307787.162000000011176,4835288.896999999880791,Parkdale-High Park,NO,NO,PASS,None
16519,16 271213 STE 31 SA,Under Review ,320181.012999999977183,4841526.332999999634922,Beaches-East York,NO,NO,PASS,None
16523,21 251322 NNY 18 SA,Under Review ,312235.998000000021420,4846387.896999999880791,Willowdale,NO,NO,PASS,None
16526,22 188062 STE 09 OZ,Under Review ,309389.920999999972992,4835096.876000000163913,Davenport,NO,NO,PASS,None
16531,23 125661 NNY 16 SA,Under Review ,317981.094999999972060,4841574.866000000387430,Don Valley East,NO,NO,PASS,None
16535,22 243062 STE 10 SA,Under Review ,313072.196999999985565,4834011.057000000029802,Spadina-Fort York,NO,NO,PASS,None
16536,25 184214 STE 04 SA,Under Review ,308579.032000000006519,4835242.059999999590218,Parkdale-High Park,NO,NO,PASS,None
16550,21 234394 STE 14 SB,Under Review ,317039.173000000009779,4835040.269000000320375,Toronto-Danforth,NO,NO,PASS,None
16558,26 122516 STE 12 PL,Under Review ,312276.104999999981374,4837801.139999999664724,Toronto-St. Paul's,NO,NO,PASS,None
16563,23 115001 WET 05 SA,Under Review ,303706.798999999999069,4839656.996000000275671,York South-Weston,NO,YES,FAIL,Wetland
16564,24 208067 NNY 15 SA,Under Review ,314568.494999999995343,4841182.021999999880791,Don Valley West,NO,NO,PASS,None
16573,22 170531 NNY 08 OZ,Under Review ,312776.474999999976717,4840833.616999999620020,Eglinton-Lawrence,NO,NO,PASS,None
16574,22 193935 STE 12 SA,Under Review ,313081.005000000004657,4839985.991999999620020,Toronto-St. Paul's,NO,NO,PASS,None
16580,20 111505 STE 09 SA,Under Review ,309655.624000000010710,4834273.839999999850988,Davenport,NO,NO,PASS,None
16582,21 234394 STE 14 SB,Under Review ,317036.809999999997672,4835025.190000000409782,Toronto-Danforth,NO,NO,PASS,None
16586,16 161258 STE 28 SA,Under Review ,315555.657999999995809,4834794.934000000357628,Toronto Centre,NO,NO,PASS,None
16592,24 252128 ESC 22 SA,Under Review ,318867.129000000015367,4848759.382000000216067,Scarborough-Agincourt,NO,NO,PASS,None
16593,25 200375 ESC 21 OZ,Under Review ,321911.309000000008382,4845085.800999999977648,Scarborough Centre,NO,NO,PASS,None
16599,22 180773 STE 12 SA,Under Review ,313602.732000000018161,4840484.321999999694526,Toronto-St. Paul's,NO,NO,PASS,None
16620,17 153483 WET 06 SA,Under Review ,304673.558000000019092,4830347.961000000126660,Etobicoke-Lakeshore,NO,NO,PASS,None
16626,25 141826 NNY 08 OZ,Under Review ,309540.530000000027940,4840456.156000000424683,Eglinton-Lawrence,NO,NO,PASS,None
16627,25 173237 STE 12 OZ,Under Review ,309568.625000000000000,4839010.182000000029802,Toronto-St. Paul's,NO,NO,PASS,None
16628,26 128829 NNY 06 OZ,Under Review ,308672.983999999996740,4843544.328999999910593,York Centre,NO,NO,PASS,None
16629,21 230126 STE 13 CD,Under Review ,315289.184999999997672,4834132.191999999806285,Toronto Centre,NO,NO,PASS,None
16631,17 215108 STE 20 SA,Under Review ,312830.495999999984633,4833743.067999999970198,Spadina-Fort York,NO,NO,PASS,None
16633,25 200349 ESC 21 SA,Under Review ,321432.940000000002328,4847489.001000000163913,Scarborough Centre,NO,NO,PASS,None
16652,22 241863 STE 13 SA,Under Review ,314006.983000000007451,4836093.700000000186265,Toronto Centre,NO,NO,PASS,None
16653,22 106787 STE 10 OZ,Under Review ,315521.913000000000466,4833677.427000000141561,Spadina-Fort York,NO,NO,PASS,None
16666,22 136574 STE 09 SA,Under Review ,308376.869999999995343,4837131.951999999582767,Davenport,NO,NO,PASS,None
16686,26 145877 STE 12 OZ,Under Review ,313652.155000000027940,4840565.309000000357628,Toronto-St. Paul's,NO,NO,PASS,None
16687,25 260672 NNY 15 PL,Under Review ,314006.286000000021886,4846205.843999999575317,Don Valley West,NO,NO,PASS,None
16688,26 135022 WET 01 SA,Under Review ,297465.936999999976251,4837399.781999999657273,Etobicoke North,NO,NO,PASS,None
16718,22 133669 STE 11 SA,Under Review ,313466.023999999975786,4838083.639999999664724,University-Rosedale,NO,NO,PASS,None
16733,26 150819 ESC 24 OZ,Under Review ,326430.185999999986961,4848279.402999999932945,Scarborough-Guildwood,NO,NO,PASS,None
16738,25 121712 STE 12 SA,Under Review ,313145.168000000005122,4838996.029000000096858,Toronto-St. Paul's,NO,NO,PASS,None
16750,21 193524 NNY 06 PL,Under Review ,308672.983999999996740,4843544.328999999910593,York Centre,NO,NO,PASS,None
16757,22 139336 ESC 20 SA,Under Review ,325418.892999999981839,4843969.747999999672174,Scarborough Southwest,NO,NO,PASS,None
16760,24 252584 NNY 16 SA,Under Review ,317077.500000000000000,4844111.463999999687076,Don Valley East,NO,NO,PASS,None
16761,25 129096 STE 12 SA,Under Review ,313574.010000000009313,4839507.021999999880791,Toronto-St. Paul's,NO,NO,PASS,None
16763,26 122518 STE 12 CD,Under Review ,312276.104999999981374,4837801.139999999664724,Toronto-St. Paul's,NO,NO,PASS,None
16765,25 166552 NNY 18 OZ,Under Review ,312643.581999999994878,4848943.100999999791384,Willowdale,NO,NO,PASS,None
16778,21 229987 STE 11 SA,Under Review ,313137.090000000025611,4837061.071000000461936,University-Rosedale,NO,NO,PASS,None
16788,25 250107 NNY 06 SA,Under Review ,305553.810999999986961,4842574.809000000357628,York Centre,NO,NO,PASS,None
16792,22 139700 STE 12 SA,Under Review ,313660.909999999974389,4839533.701000000350177,Toronto-St. Paul's,NO,NO,PASS,None
16840,19 263255 WET 07 SB,Under Review ,301885.566999999980908,4841976.491999999620020,Humber River-Black Creek,NO,NO,PASS,None
16844,24 240873 ESC 20 SA,Under Review ,322124.408999999985099,4842048.851999999955297,Scarborough Southwest,NO,NO,PASS,None
16850,23 138551 STE 12 SA,Under Review ,309008.697999999974854,4839236.867999999783933,Toronto-St. Paul's,NO,NO,PASS,None
16851,25 269679 WET 02 SA,Under Review ,301814.440999999991618,4833600.134999999776483,Etobicoke Centre,NO,NO,PASS,None
16879,24 238004 STE 12 OZ,Under Review ,313602.732000000018161,4840484.321999999694526,Toronto-St. Paul's,NO,NO,PASS,None
16954,22 175915 STE 04 OZ,Under Review ,308677.762999999977183,4834745.125000000000000,Parkdale-High Park,NO,NO,PASS,None
16960,21 235174 STE 13 CD,Under Review ,314343.235999999975320,4836043.150000000372529,Toronto Centre,NO,NO,PASS,None
16963,20 205173 WET 01 SA,Under Review ,296270.946999999985565,4840789.166000000201166,Etobicoke North,NO,NO,PASS,None
16965,21 234759 STE 10 SB,Under Review ,313945.764000000024680,4833977.167000000365078,Spadina-Fort York,NO,NO,PASS,None
16982,21 193927 NNY 15 SA,Under Review ,312325.941999999980908,4844776.040000000037253,Don Valley West,YES,NO,FAIL,Watercourse
16984,22 139825 WET 03 SA,Under Review ,302473.668000000005122,4834174.525000000372529,Etobicoke-Lakeshore,NO,NO,PASS,None
16985,22 139878 STE 13 SA,Under Review ,314596.482000000018161,4836504.974999999627471,Toronto Centre,NO,NO,PASS,None
17009,26 195461 WET 02 SA,Application Received,304000.471000000019558,4835489.093999999575317,Etobicoke Centre,NO,NO,PASS,None
17015,21 231950 NNY 08 CD,Under Review ,312573.430999999982305,4842919.230999999679625,Eglinton-Lawrence,NO,NO,PASS,None
17018,24 242246 NNY 08 OZ,Under Review ,307705.363000000012107,4839388.273000000044703,Eglinton-Lawrence,NO,NO,PASS,None
17023,22 109282 ESC 21 SA,Under Review ,320883.800999999977648,4842602.608000000007451,Scarborough Centre,NO,NO,PASS,None
17024,22 170530 NNY 08 SA,Under Review ,312776.474999999976717,4840833.616999999620020,Eglinton-Lawrence,NO,NO,PASS,None
17035,25 140807 STE 13 SA,Under Review ,314635.667000000015832,4834044.803000000305474,Toronto Centre,NO,NO,PASS,None
17038,25 238308 ESC 23 SA,Under Review ,322726.577999999979511,4851608.770999999716878,Scarborough North,NO,NO,PASS,None
17041,19 261101 STE 11 SA,Under Review ,314218.816999999980908,4835172.519999999552965,University-Rosedale,NO,NO,PASS,None
17043,21 228596 STE 09 SB,Under Review ,307333.869000000006054,4837369.907999999821186,Davenport,NO,NO,PASS,None
17052,15 247232 WET 06 OZ,Under Review ,304673.558000000019092,4830347.961000000126660,Etobicoke-Lakeshore,NO,NO,PASS,None
17056,17 112623 NNY 15 SB,Under Review ,309416.955000000016298,4842398.957999999634922,Eglinton-Lawrence,NO,NO,PASS,None
17057,17 112623 NNY 15 SB,Under Review ,309485.298999999999069,4842421.366999999620020,Eglinton-Lawrence,NO,NO,PASS,None
17060,25 152231 ESC 25 SA,Under Review ,333171.994000000006054,4850802.513000000268221,Scarborough-Rouge Park,NO,NO,PASS,None
17070,21 235961 NNY 15 SB,Under Review ,316160.489999999990687,4841422.786000000312924,Don Valley West,NO,NO,PASS,None
17072,26 161475 STE 14 SB,Under Review ,316809.663000000000466,4833823.444000000134110,Toronto-Danforth,NO,NO,PASS,None
17075,23 179321 NNY 08 SA,Under Review ,312723.077999999979511,4840559.775000000372529,Eglinton-Lawrence,NO,NO,PASS,None
17076,23 152222 ESC 24 SA,Under Review ,328343.227000000013504,4848925.973000000230968,Scarborough-Guildwood,NO,NO,PASS,None
17095,17 112623 NNY 15 SB,Under Review ,309485.536000000021886,4842221.980999999679625,Eglinton-Lawrence,NO,NO,PASS,None
17096,17 112623 NNY 15 SB,Under Review ,309388.766999999992549,4842293.510999999940395,Eglinton-Lawrence,NO,NO,PASS,None
17104,22 137869 STE 12 SA,Under Review ,313515.146999999997206,4837757.290000000037253,Toronto-St. Paul's,NO,NO,PASS,None
17106,26 185667 STE 12 SA,Under Review ,313309.847999999998137,4838574.359000000171363,Toronto-St. Paul's,NO,NO,PASS,None
17110,22 132571 NNY 15 SA,Under Review ,313117.972999999998137,4840975.000000000000000,Don Valley West,NO,NO,PASS,None
17136,13 173064 NNY 34 SA,Under Review ,317912.349999999976717,4843181.404000000096858,Don Valley East,NO,NO,PASS,None
17143,22 139121 STE 12 SA,Under Review ,313590.675999999977648,4840789.269999999552965,Toronto-St. Paul's,NO,NO,PASS,None
17147,22 196930 STE 11 SA,Under Review ,313260.555999999982305,4835196.684999999590218,University-Rosedale,NO,NO,PASS,None
17155,22 110353 ESC 21 SA,Under Review ,320883.800999999977648,4842602.608000000007451,Scarborough Centre,NO,NO,PASS,None
17168,17 112623 NNY 15 SB,Under Review ,309491.275000000023283,4842397.838000000454485,Eglinton-Lawrence,NO,NO,PASS,None
17169,17 112623 NNY 15 SB,Under Review ,309222.641999999992549,4842380.445000000298023,Eglinton-Lawrence,NO,NO,PASS,None
17170,17 112623 NNY 15 SB,Under Review ,309027.806999999971595,4842319.483000000007451,Eglinton-Lawrence,NO,NO,PASS,None
17171,17 112623 NNY 15 SB,Under Review ,309516.315999999991618,4842323.186999999918044,Eglinton-Lawrence,NO,NO,PASS,None
17172,17 112623 NNY 15 SB,Under Review ,309378.836999999999534,4842250.599999999627471,Eglinton-Lawrence,NO,NO,PASS,None
17173,17 112623 NNY 15 SB,Under Review ,309379.191999999980908,4842257.694000000134110,Eglinton-Lawrence,NO,NO,PASS,None
17178,24 246087 WET 05 SA,Under Review ,304506.858000000007451,4840060.733000000007451,York South-Weston,NO,NO,PASS,None
17201,24 112872 ESC 23 SA,Under Review ,325600.456000000005588,4850174.610000000335276,Scarborough North,NO,NO,PASS,None
17205,21 239179 STE 12 CD,Under Review ,313515.146999999997206,4837757.290000000037253,Toronto-St. Paul's,NO,NO,PASS,None
17239,18 130567 ESC 35 SA,Under Review ,322124.408999999985099,4842048.851999999955297,Scarborough Southwest,NO,NO,PASS,None
17242,21 223673 STE 12 SB,Under Review ,313590.675999999977648,4840789.269999999552965,Toronto-St. Paul's,NO,NO,PASS,None
17260,18 272239 ESC 22 SB,Under Review ,321967.186999999976251,4848797.810999999754131,Scarborough-Agincourt,NO,NO,PASS,None
17264,16 209876 ESC 44 OZ,Under Review ,329746.734999999986030,4849823.918999999761581,Scarborough-Rouge Park,NO,NO,PASS,None
17267,24 237031 STE 13 SA,Under Review ,314075.186999999976251,4835802.831000000238419,Toronto Centre,NO,NO,PASS,None
17271,22 139459 WET 03 OZ,Under Review ,304084.876999999978580,4833980.739000000059605,Etobicoke-Lakeshore,NO,NO,PASS,None
17272,22 227398 WET 03 SA,Under Review ,302376.052000000025146,4828088.865000000223517,Etobicoke-Lakeshore,NO,NO,PASS,None
17273,22 186083 STE 13 SA,Under Review ,303578.517999999981839,4840552.253999999724329,York South-Weston,NO,NO,PASS,None
17284,21 217377 STE 12 CD,Under Review ,313336.027000000001863,4838302.401999999769032,Toronto-St. Paul's,NO,NO,PASS,None
17286,21 251000 STE 10 SA,Under Review ,310971.326999999990221,4832851.734000000171363,Spadina-Fort York,NO,NO,PASS,None
17295,21 232455 NNY 15 SB,Under Review ,313117.972999999998137,4840975.000000000000000,Don Valley West,NO,NO,PASS,None
17299,22 145504 STE 14 SA,Under Review ,319490.694000000017695,4836128.098000000230968,Toronto-Danforth,NO,NO,PASS,None
17301,22 139736 NNY 18 SA,Under Review ,312481.303000000014435,4846317.020999999716878,Willowdale,NO,NO,PASS,None
17303,22 130490 ESC 24 SA,Under Review ,326430.185999999986961,4848279.402999999932945,Scarborough-Guildwood,NO,NO,PASS,None
17306,22 203668 NNY 08 SA,Under Review ,308312.842000000004191,4842288.031000000424683,Eglinton-Lawrence,NO,NO,PASS,None
17307,23 154171 ESC 20 OZ,Under Review ,325779.756999999983236,4842029.508999999612570,Scarborough Southwest,NO,NO,PASS,None
17310,24 218595 NNY 18 SA,Under Review ,311540.353000000002794,4848171.502000000327826,Willowdale,NO,NO,PASS,None
17311,24 218595 NNY 18 SA,Under Review ,311547.106000000028871,4848172.725999999791384,Willowdale,NO,NO,PASS,None
17326,25 259679 STE 13 OZ,Under Review ,314830.880000000004657,4834333.902999999932945,Toronto Centre,NO,NO,PASS,None
17331,22 162247 STE 13 SA,Under Review ,314312.691999999980908,4835269.622999999672174,Toronto Centre,NO,NO,PASS,None
17333,18 171352 NNY 23 SA,Under Review ,311547.106000000028871,4848172.725999999791384,Willowdale,NO,NO,PASS,None
17334,18 171352 NNY 23 SA,Under Review ,311540.353000000002794,4848171.502000000327826,Willowdale,NO,NO,PASS,None
17350,21 228750 STE 12 SB,Under Review ,311221.552000000025146,4837965.586000000126660,Toronto-St. Paul's,NO,NO,PASS,None
17363,22 188735 STE 12 SA,Under Review ,312791.617000000027474,4838008.913999999873340,Toronto-St. Paul's,NO,NO,PASS,None
17364,23 119677 WET 03 SA,Under Review ,304744.748000000021420,4830963.242999999783933,Etobicoke-Lakeshore,NO,NO,PASS,None
17371,26 190856 STE 12 SA,Under Review ,311058.689000000013039,4838156.019999999552965,Toronto-St. Paul's,NO,NO,PASS,None
17389,26 206628 STE 11 SA,Under Review ,313858.493000000016764,4836608.717000000178814,University-Rosedale,NO,NO,PASS,None
17392,21 124972 NNY 18 SA,Under Review ,310298.963999999978114,4848444.054999999701977,Willowdale,NO,NO,PASS,None
17408,21 235082 WET 03 CD,Under Review ,302482.765000000013970,4834094.059000000357628,Etobicoke-Lakeshore,NO,NO,PASS,None
17413,25 136326 NNY 08 SA,Under Review ,309473.018999999971129,4840639.889999999664724,Eglinton-Lawrence,NO,NO,PASS,None
17420,22 163129 NNY 06 OZ,Under Review ,308792.118000000016764,4845652.959999999962747,York Centre,NO,NO,PASS,None
17424,25 166590 STE 09 SA,Under Review ,309982.760999999998603,4835455.501000000163913,Davenport,NO,NO,PASS,None
17434,25 153975 NNY 18 SA,Under Review ,312180.815999999991618,4846322.508000000379980,Willowdale,NO,NO,PASS,None
17462,17 112623 NNY 15 SB,Under Review ,309382.738000000012107,4842294.219999999739230,Eglinton-Lawrence,NO,NO,PASS,None
17471,17 112623 NNY 15 SB,Under Review ,309542.460000000020955,4842231.467000000178814,Eglinton-Lawrence,NO,NO,PASS,None
17477,21 206417 STE 14 SB,Under Review ,316189.235999999975320,4837079.946999999694526,Toronto-Danforth,NO,NO,PASS,None
17484,22 140277 NNY 06 SA,Under Review ,305716.123000000021420,4846779.548999999649823,York Centre,NO,NO,PASS,None
17508,21 234509 STE 11 SB,Under Review ,312547.074000000022352,4836118.094999999739230,University-Rosedale,NO,NO,PASS,None
17509,21 235856 WET 07 CD,Under Review ,305481.822999999974854,4846305.269999999552965,Humber River-Black Creek,NO,NO,PASS,None
17512,24 232412 WET 05 SA,Under Review ,303897.159999999974389,4839549.919999999925494,York South-Weston,NO,NO,PASS,None
17521,22 139955 WET 02 SA,Under Review ,300130.803000000014435,4837178.873999999836087,Etobicoke Centre,NO,NO,PASS,None
17534,22 204654 STE 10 SA,Under Review ,313923.548999999999069,4834783.161000000312924,Spadina-Fort York,NO,NO,PASS,None
17535,22 204654 STE 10 SA,Under Review ,313925.259000000020023,4834767.916000000201166,Spadina-Fort York,NO,NO,PASS,None
17537,22 139459 WET 03 OZ,Under Review ,304097.717999999993481,4833981.957000000402331,Etobicoke-Lakeshore,NO,NO,PASS,None
17538,22 186083 STE 13 SA,Under Review ,314837.684999999997672,4834562.680999999865890,Toronto Centre,NO,NO,PASS,None
17539,23 103955 WET 03 SA,Under Review ,303148.300999999977648,4828007.331000000238419,Etobicoke-Lakeshore,NO,NO,PASS,None
17540,25 180089 NNY 18 SA,Under Review ,313791.566999999980908,4847012.167999999597669,Willowdale,NO,NO,PASS,None
17541,26 130807 STE 13 OZ,Under Review ,314211.655000000027940,4836210.378999999724329,Toronto Centre,NO,NO,PASS,None
17543,25 149980 NNY 08 SA,Under Review ,309416.102000000013504,4840628.356999999843538,Eglinton-Lawrence,NO,NO,PASS,None
17544,22 191025 STE 09 SA,Under Review ,309142.941999999980908,4834740.061999999918044,Davenport,NO,NO,PASS,None
17545,22 204181 ESC 21 SA,Under Review ,321388.048999999999069,4842856.632000000216067,Scarborough Centre,NO,NO,PASS,None
17547,24 254502 NNY 17 OZ,Under Review ,319082.466000000014901,4847975.336000000126660,Don Valley North,NO,NO,PASS,None
17559,21 219445 STE 12 SB,Under Review ,312982.939000000013039,4840711.242999999783933,Toronto-St. Paul's,NO,NO,PASS,None
17565,21 180813 WET 03 SA,Under Review ,305131.370999999984633,4830786.143000000156462,Etobicoke-Lakeshore,NO,NO,PASS,None
17567,21 250763 STE 12 SA,Under Review ,309054.825000000011642,4839262.175999999977648,Toronto-St. Paul's,NO,NO,PASS,None
17579,25 215644 ESC 22 OZ,Under Review ,321094.862000000022817,4848742.240000000223517,Scarborough-Agincourt,NO,NO,PASS,None
17580,25 215644 ESC 22 OZ,Under Review ,321120.329000000027008,4848799.559999999590218,Scarborough-Agincourt,NO,NO,PASS,None
17590,21 231950 NNY 08 CD,Under Review ,312575.233000000007451,4842914.322999999858439,Eglinton-Lawrence,NO,NO,PASS,None
17591,22 179762 NNY 18 SA,Under Review ,311624.259000000020023,4850014.485000000335276,Willowdale,NO,NO,PASS,None
17598,22 230896 ESC 22 SA,Under Review ,318884.395000000018626,4850246.228000000119209,Scarborough-Agincourt,NO,NO,PASS,None
17604,16 189765 ESC 42 OZ,Under Review,325849.792000000015832,4850350.839999999850988,Scarborough North,NO,NO,PASS,None
17612,23 174316 WET 05 SA,Under Review ,305359.342999999993481,4838571.427000000141561,York South-Weston,NO,NO,PASS,None
17619,19 234471 ESC 23 SA,Under Review ,322485.678000000014435,4852111.372999999672174,Scarborough North,NO,NO,PASS,None
17633,25 166552 NNY 18 OZ,Under Review ,312630.363000000012107,4848941.258000000379980,Willowdale,NO,NO,PASS,None
17657,21 173843 WET 02 SA,Under Review ,303818.505000000004657,4835393.435999999754131,Etobicoke Centre,NO,NO,PASS,None
17665,21 166710 STE 10 SA,Under Review ,313918.700000000011642,4833954.059000000357628,Spadina-Fort York,NO,NO,PASS,None
17673,25 193975 STE 12 SA,Under Review ,310545.066999999980908,4838961.168999999761581,Toronto-St. Paul's,NO,NO,PASS,None
17674,25 265168 STE 13 SA,Under Review ,314585.349999999976717,4836384.593999999575317,Toronto Centre,NO,NO,PASS,None
17678,22 139459 WET 03 OZ,Under Review ,304125.045999999972992,4833989.065999999642372,Etobicoke-Lakeshore,NO,NO,PASS,None
17680,23 140846 NNY 08 SA,Under Review ,307382.028999999980442,4841461.951999999582767,Eglinton-Lawrence,NO,NO,PASS,None
17693,26 186130 NNY 08 OZ,Under Review ,309316.277999999991152,4841079.375000000000000,Eglinton-Lawrence,NO,NO,PASS,None
17695,21 251435 STE 10 SA,Under Review ,311873.451000000000931,4833485.860000000335276,Spadina-Fort York,NO,NO,PASS,None
17705,16 101440 ESC 42 SA,Under Review ,328762.520000000018626,4851900.027999999932945,Scarborough-Rouge Park,NO,NO,PASS,None
17731,22 241863 STE 13 SA,Under Review ,314020.335000000020955,4836097.640999999828637,Toronto Centre,NO,NO,PASS,None
17735,21 201457 ESC 21 SB,Under Review ,326262.570999999996275,4844290.656999999657273,Scarborough Centre,NO,NO,PASS,None
17742,21 201846 STE 09 SA,Under Review ,308927.993000000016764,4835001.809999999590218,Davenport,NO,NO,PASS,None
17743,25 259679 STE 13 OZ,Under Review ,314827.125000000000000,4834335.156000000424683,Toronto Centre,NO,NO,PASS,None
17768,21 242694 NNY 08 CD,Under Review ,309301.407999999995809,4840650.387000000104308,Eglinton-Lawrence,NO,NO,PASS,None
17776,25 233596 NNY 16 SA,Under Review ,316118.961999999999534,4845617.075000000186265,Don Valley East,NO,NO,PASS,None
17783,21 228228 WET 03 CD,Under Review ,305131.370999999984633,4830786.143000000156462,Etobicoke-Lakeshore,NO,NO,PASS,None
17825,21 249606 STE 10 SA,Under Review ,313255.728999999992084,4833843.446999999694526,Spadina-Fort York,NO,NO,PASS,None
17841,14 216820 NNY 26 SA,Under Review ,316081.560999999986961,4840632.792999999597669,Don Valley West,NO,NO,PASS,None
17844,21 205323 NNY 08 SA,Under Review ,309301.407999999995809,4840650.387000000104308,Eglinton-Lawrence,NO,NO,PASS,None
17846,22 191099 NNY 18 OZ,Under Review ,311404.441999999980908,4850457.760999999940395,Willowdale,NO,NO,PASS,None
17851,22 195273 STE 09 SA,Under Review ,307414.603999999992084,4837191.316999999806285,Davenport,NO,NO,PASS,None
17861,21 231415 ESC 20 CD,Under Review ,323127.518999999971129,4841322.468000000342727,Scarborough Southwest,NO,NO,PASS,None
17874,22 138439 NNY 18 SA,Under Review ,312630.363000000012107,4848941.258000000379980,Willowdale,NO,NO,PASS,None
17876,21 245851 STE 11 SA,Under Review ,312547.074000000022352,4836118.094999999739230,University-Rosedale,NO,NO,PASS,None
17879,21 226317 STE 13 SA,Under Review ,315523.615999999979977,4834437.964999999850988,Toronto Centre,NO,NO,PASS,None
17885,16 161258 STE 28 SA,Under Review ,315574.507999999972526,4834798.953999999910593,Toronto Centre,NO,NO,PASS,None
17901,26 114386 NNY 18 OZ,Under Review ,311927.229999999981374,4846310.349000000394881,Willowdale,NO,NO,PASS,None
17903,21 235119 NNY 18 CD,Under Review ,312229.598999999987427,4846338.252999999560416,Willowdale,NO,NO,PASS,None
17904,21 235119 NNY 18 CD,Under Review ,312129.507999999972526,4846356.544999999925494,Willowdale,NO,NO,PASS,None
17905,21 235119 NNY 18 CD,Under Review ,312253.347000000008848,4846345.942999999970198,Willowdale,NO,NO,PASS,None
17906,22 194884 WET 07 SA,Under Review ,305481.822999999974854,4846305.269999999552965,Humber River-Black Creek,NO,NO,PASS,None
17907,23 138662 WET 03 SA,Under Review ,301657.516999999992549,4833147.680999999865890,Etobicoke-Lakeshore,NO,NO,PASS,None
17915,22 192523 STE 13 SA,Under Review ,314605.423999999999069,4836301.582000000402331,Toronto Centre,NO,NO,PASS,None
17918,23 224338 STE 09 SA,Under Review ,310893.309000000008382,4833243.457999999634922,Davenport,NO,NO,PASS,None
17943,17 277479 ESC 38 SB,Under Review ,325036.978999999992084,4848473.058000000193715,Scarborough-Guildwood,NO,NO,PASS,None
17951,22 140243 STE 09 SA,Under Review ,307303.722999999998137,4837507.138000000268221,Davenport,NO,NO,PASS,None
17954,26 127354 STE 19 SA,Under Review ,321080.831999999994878,4838610.644999999552965,Beaches-East York,NO,NO,PASS,None
17955,26 109669 NNY 15 SA,Under Review ,316739.043000000005122,4841338.532999999821186,Don Valley West,NO,NO,PASS,None
17964,21 219447 STE 12 SA,Under Review ,312982.939000000013039,4840711.242999999783933,Toronto-St. Paul's,NO,NO,PASS,None
17967,20 225403 NNY 17 PL,Under Review ,318854.727000000013504,4848028.515999999828637,Don Valley North,NO,NO,PASS,None
17969,15 199682 WET 05 SA,Under Review ,304097.717999999993481,4833981.957000000402331,Etobicoke-Lakeshore,NO,NO,PASS,None
17973,22 191098 NNY 18 SA,Under Review ,311404.441999999980908,4850457.760999999940395,Willowdale,NO,NO,PASS,None
17982,21 214202 STE 11 CD,Under Review ,314306.153999999980442,4835132.742999999783933,University-Rosedale,NO,NO,PASS,None
18005,22 208392 ESC 20 SA,Under Review ,321232.250999999989290,4842573.666000000201166,Scarborough Southwest,NO,NO,PASS,None
18007,21 133565 WET 03 SA,Under Review ,303541.782000000006519,4833893.963999999687076,Etobicoke-Lakeshore,YES,NO,FAIL,Watercourse
18008,22 133997 STE 14 SA,Under Review ,316184.369999999995343,4837436.280000000260770,Toronto-Danforth,NO,NO,PASS,None
18010,22 139121 STE 12 SA,Under Review ,313589.717000000004191,4840832.969999999739230,Toronto-St. Paul's,NO,NO,PASS,None
18011,22 160402 NNY 15 SA,Under Review ,315946.186999999976251,4841269.832000000402331,Don Valley West,NO,NO,PASS,None
18012,22 196930 STE 11 SA,Under Review ,313255.335000000020955,4835194.218999999575317,University-Rosedale,NO,NO,PASS,None
18035,21 241239 WET 05 SA,Under Review ,306853.006999999983236,4838791.144000000320375,York South-Weston,NO,NO,PASS,None
18036,21 241239 WET 05 SA,Under Review ,306846.820000000006985,4838808.538999999873340,York South-Weston,NO,NO,PASS,None
18045,25 269673 NNY 08 OZ,Under Review ,312805.619000000006054,4840892.672000000253320,Eglinton-Lawrence,NO,NO,PASS,None
18050,21 234506 STE 11 OZ,Under Review ,312547.074000000022352,4836118.094999999739230,University-Rosedale,NO,NO,PASS,None
18059,11 326392 ESC 38 SA,Under Review,327122.880000000004657,4848490.120000000111759,Scarborough-Guildwood,NO,NO,PASS,None
18063,25 121712 STE 12 SA,Under Review ,313162.755000000004657,4838958.245000000111759,Toronto-St. Paul's,NO,NO,PASS,None
18064,25 159447 STE 10 CD,Under Review ,313089.102000000013504,4833612.612999999895692,Spadina-Fort York,NO,NO,PASS,None
18066,24 237031 STE 13 SA,Under Review ,314099.359999999986030,4835809.212000000290573,Toronto Centre,NO,NO,PASS,None
18081,24 229459 STE 14 SA,Under Review ,316942.309000000008382,4838624.276999999769032,Toronto-Danforth,NO,NO,PASS,None
18101,25 260672 NNY 15 PL,Under Review ,313988.222000000008848,4846171.581000000238419,Don Valley West,NO,NO,PASS,None
18111,22 227434 STE 13 SA,Under Review ,314543.074000000022352,4835390.888000000268221,Toronto Centre,NO,NO,PASS,None
18134,22 215279 STE 10 SA,Under Review ,312570.531000000017229,4833514.633000000379980,Spadina-Fort York,NO,NO,PASS,None
18184,23 138797 WET 03 SA,Under Review ,305124.520000000018626,4830674.317999999970198,Etobicoke-Lakeshore,NO,NO,PASS,None
18186,25 145654 ESC 21 SA,Under Review ,322173.966000000014901,4845053.251000000163913,Scarborough Centre,NO,NO,PASS,None
18190,25 256564 WET 03 OZ,Under Review ,304888.255999999993946,4834195.724999999627471,Etobicoke-Lakeshore,NO,NO,PASS,None
18191,26 148240 STE 11 OZ,Under Review ,314013.395000000018626,4836536.889999999664724,University-Rosedale,NO,NO,PASS,None
18209,17 112623 NNY 15 SB,Under Review ,309398.281000000017229,4842394.103000000119209,Eglinton-Lawrence,NO,NO,PASS,None
18210,17 112623 NNY 15 SB,Under Review ,309460.651000000012573,4842413.525000000372529,Eglinton-Lawrence,NO,NO,PASS,None
18211,17 112623 NNY 15 SB,Under Review ,309467.373000000021420,4842329.492999999783933,Eglinton-Lawrence,NO,NO,PASS,None
18212,17 112623 NNY 15 SB,Under Review ,309252.742000000027474,4842354.413999999873340,Eglinton-Lawrence,NO,NO,PASS,None
18213,17 112623 NNY 15 SB,Under Review ,309391.559000000008382,4842368.334999999962747,Eglinton-Lawrence,NO,NO,PASS,None
18238,26 153706 NNY 15 SA,Under Review ,314129.402000000001863,4844571.635999999940395,Don Valley West,NO,NO,PASS,None
18239,22 138740 STE 10 OZ,Under Review ,313180.235999999975320,4833738.980000000447035,Spadina-Fort York,NO,NO,PASS,None
18248,24 254930 ESC 20 OZ,Under Review ,321964.936999999976251,4838693.425999999977648,Scarborough Southwest,NO,NO,PASS,None
18249,24 254930 ESC 20 OZ,Under Review ,321958.033999999985099,4838723.382000000216067,Scarborough Southwest,NO,NO,PASS,None
18270,21 228750 STE 12 SB,Under Review ,311234.603999999992084,4837947.190999999642372,Toronto-St. Paul's,NO,NO,PASS,None
18271,22 115308 WET 05 CD,Under Review ,303897.159999999974389,4839549.919999999925494,York South-Weston,NO,NO,PASS,None
18277,21 229300 WET 03 CD,Under Review ,303541.782000000006519,4833893.963999999687076,Etobicoke-Lakeshore,YES,NO,FAIL,Watercourse
18288,21 234392 STE 11 CD,Under Review ,313619.961000000010245,4838162.916000000201166,University-Rosedale,NO,NO,PASS,None
18292,22 168973 STE 12 SA,Under Review ,313304.282000000006519,4840737.923000000417233,Toronto-St. Paul's,NO,NO,PASS,None
18295,25 176290 STE 13 SA,Under Review ,314139.679999999993015,4835841.542000000365078,Toronto Centre,NO,NO,PASS,None
18296,26 131938 ESC 22 OZ,Under Review ,321090.764000000024680,4848789.069000000134110,Scarborough-Agincourt,NO,NO,PASS,None
18305,21 173932 ESC 20 SA,Under Review ,323887.836999999999534,4838946.940000000409782,Scarborough Southwest,NO,NO,PASS,None
18308,23 148273 ESC 22 OZ,Under Review ,322565.606000000028871,4849170.149000000208616,Scarborough-Agincourt,NO,NO,PASS,None
18315,21 144776 STE 19 OZ,Under Review ,320839.451000000000931,4837439.030000000260770,Beaches-East York,NO,NO,PASS,None
18319,22 139700 STE 12 SA,Under Review ,313691.407999999995809,4839544.406999999657273,Toronto-St. Paul's,NO,NO,PASS,None
18327,17 112623 NNY 15 SB,Under Review ,309561.598999999987427,4842391.472000000067055,Eglinton-Lawrence,NO,NO,PASS,None
18343,17 254908 NNY 34 OZ,Under Review ,316797.083999999973457,4846144.394999999552965,Don Valley East,NO,NO,PASS,None
18347,24 175201 WET 03 SA,Under Review ,305357.742000000027474,4830902.224000000394881,Etobicoke-Lakeshore,NO,NO,PASS,None
18350,25 148966 ESC 22 SA,Under Review ,318386.311999999976251,4850223.605000000447035,Scarborough-Agincourt,NO,NO,PASS,None
18362,25 121712 STE 12 SA,Under Review ,313178.938000000023749,4838922.084999999962747,Toronto-St. Paul's,NO,NO,PASS,None
18374,25 267189 WET 05 OZ,Under Review ,303220.669999999983702,4839875.809999999590218,York South-Weston,NO,NO,PASS,None
18391,21 201846 STE 09 SA,Under Review ,308928.150000000023283,4835005.089999999850988,Davenport,NO,NO,PASS,None
18404,23 127950 WET 03 SA,Under Review ,302370.788999999989755,4833218.150999999605119,Etobicoke-Lakeshore,NO,NO,PASS,None
18408,26 147400 WET 05 OZ,Under Review ,304003.819000000017695,4839533.076999999582767,York South-Weston,NO,NO,PASS,None
18411,20 233189 STE 10 SA,Under Review ,313412.012999999977183,4833478.678999999538064,Spadina-Fort York,NO,NO,PASS,None
18412,25 173118 NNY 08 OZ,Under Review ,310407.690000000002328,4841941.004999999888241,Eglinton-Lawrence,NO,NO,PASS,None
18415,21 251925 WET 07 OZ,Under Review ,304657.050999999977648,4846626.400000000372529,Humber River-Black Creek,NO,NO,PASS,None
18418,25 138195 NNY 18 SB,Under Review ,310290.586000000010245,4848319.180999999865890,Willowdale,NO,NO,PASS,None
18428,18 223433 WET 11 SA,Under Review ,304003.819000000017695,4839533.076999999582767,York South-Weston,NO,NO,PASS,None
18442,25 215644 ESC 22 OZ,Under Review ,321135.299999999988358,4848803.787999999709427,Scarborough-Agincourt,NO,NO,PASS,None
18452,22 139831 WET 03 OZ,Under Review ,303186.690999999991618,4832338.934000000357628,Etobicoke-Lakeshore,NO,NO,PASS,None
18480,21 223579 WET 03 SB,Under Review ,302370.788999999989755,4833218.150999999605119,Etobicoke-Lakeshore,NO,NO,PASS,None
18485,22 115308 WET 05 CD,Under Review ,303878.727000000013504,4839562.849000000394881,York South-Weston,NO,NO,PASS,None
18488,20 219253 ESC 20 SA,Under Review ,327131.721000000019558,4843625.604000000283122,Scarborough Southwest,NO,NO,PASS,None
18492,21 233289 ESC 22 SB,Under Review ,322077.822999999974854,4848483.781999999657273,Scarborough-Agincourt,NO,NO,PASS,None
18493,21 234749 STE 11 SB,Under Review ,313673.564000000013039,4834768.934000000357628,University-Rosedale,NO,NO,PASS,None
18500,19 130429 NNY 15 SA,Under Review ,314221.853000000002794,4844592.286999999545515,Don Valley West,NO,NO,PASS,None
18502,22 137336 STE 09 SA,Under Review ,309173.124000000010710,4834724.939000000245869,Davenport,NO,NO,PASS,None
18504,21 215481 NNY 16 SA,Under Review ,317070.433000000019092,4842336.769999999552965,Don Valley East,NO,NO,PASS,None
18524,22 133669 STE 11 SA,Under Review ,313478.542000000015832,4838044.151999999769032,University-Rosedale,NO,NO,PASS,None
18525,20 161239 ESC 21 SA,Under Review ,321588.559999999997672,4842873.521999999880791,Scarborough Centre,NO,NO,PASS,None
18531,21 243769 STE 13 SA,Under Review ,314618.690000000002328,4834798.591000000014901,Toronto Centre,NO,NO,PASS,None
18536,22 216344 STE 11 SA,Under Review ,312452.484999999986030,4836033.117999999783933,University-Rosedale,NO,NO,PASS,None
18542,21 219409 STE 12 SA,Under Review ,312594.103000000002794,4838238.166000000201166,Toronto-St. Paul's,NO,NO,PASS,None
18543,21 239771 STE 10 SA,Under Review ,312375.048000000009779,4833201.407999999821186,Spadina-Fort York,NO,NO,PASS,None
18545,26 200864 WET 01 SA,Under Review ,298055.319000000017695,4838625.864000000059605,Etobicoke North,NO,NO,PASS,None
18546,22 101192 WET 05 SA,Under Review,304019.229999999981374,4838786.433000000193715,York South-Weston,NO,NO,PASS,None
18547,24 241983 WET 01 SA,Under Review ,295369.217000000004191,4845040.218000000342727,Etobicoke North,NO,NO,PASS,None
18548,24 232412 WET 05 SA,Under Review ,303878.727000000013504,4839562.849000000394881,York South-Weston,NO,NO,PASS,None
18549,26 126924 STE 10 SA,Application Received,312872.038000000000466,4833326.224000000394881,Spadina-Fort York,NO,NO,PASS,None
18550,23 174316 WET 05 SA,Under Review ,305351.412000000011176,4838558.308000000193715,York South-Weston,NO,NO,PASS,None
18555,22 108031 NNY 18 SA,Under Review ,311374.466000000014901,4850157.810999999754131,Willowdale,NO,NO,PASS,None
18557,25 183450 NNY 16 SA,Under Review ,317541.058000000019092,4842310.622999999672174,Don Valley East,NO,NO,PASS,None
18558,25 185206 ESC 22 OZ,Under Review ,321707.614999999990687,4848974.082000000402331,Scarborough-Agincourt,NO,NO,PASS,None
18588,21 232987 STE 12 CD,Under Review ,311281.208999999973457,4837953.487999999895692,Toronto-St. Paul's,NO,NO,PASS,None
18589,21 232987 STE 12 CD,Under Review ,311279.733000000007451,4837957.669999999925494,Toronto-St. Paul's,NO,NO,PASS,None
18591,25 147885 WET 03 SA,Under Review ,304930.353000000002794,4830508.773000000044703,Etobicoke-Lakeshore,NO,NO,PASS,None
18598,26 161475 STE 14 SB,Under Review ,316930.195000000006985,4833894.383999999612570,Toronto-Danforth,NO,NO,PASS,None
18605,26 110980 STE 11 CD,Under Review ,313713.469999999972060,4836605.105000000447035,University-Rosedale,NO,NO,PASS,None
18606,26 190620 ESC 24 SA,Application Received,325786.788000000000466,4848673.349000000394881,Scarborough-Guildwood,YES,YES,FAIL,Both
18609,23 139212 NNY 16 SA,Under Review ,317590.117000000027474,4843465.218999999575317,Don Valley East,NO,NO,PASS,None
18611,26 101832 STE 11 OZ,Under Review ,314099.234999999986030,4835020.684000000357628,University-Rosedale,NO,NO,PASS,None
18614,25 101390 NNY 08 OZ,Under Review ,309179.885999999998603,4841138.308000000193715,Eglinton-Lawrence,NO,NO,PASS,None
18628,21 251865 STE 04 SA,Under Review ,306551.489999999990687,4835935.679999999701977,Parkdale-High Park,NO,NO,PASS,None
18629,23 138797 WET 03 SA,Under Review ,305120.005999999993946,4830675.916000000201166,Etobicoke-Lakeshore,NO,NO,PASS,None
18630,25 241113 NNY 15 SA,Under Review ,314334.783999999985099,4843935.882000000216067,Don Valley West,NO,NO,PASS,None
18639,21 239771 STE 10 SA,Under Review ,312436.291000000026543,4833262.622000000439584,Spadina-Fort York,NO,NO,PASS,None
18640,22 138027 STE 12 SA,Under Review ,312078.650000000023283,4837090.593999999575317,Toronto-St. Paul's,NO,NO,PASS,None
18641,22 132905 STE 12 SA,Under Review ,313387.483000000007451,4840713.628999999724329,Toronto-St. Paul's,NO,NO,PASS,None
18656,21 188740 STE 13 SA,Under Review ,313953.781000000017229,4836270.060999999754131,Toronto Centre,NO,NO,PASS,None
18678,21 235361 STE 12 SB,Under Review ,313043.054999999993015,4839920.211000000126660,Toronto-St. Paul's,NO,NO,PASS,None
18679,21 228761 WET 05 SA,Under Review ,306118.115999999979977,4838058.894000000320375,York South-Weston,NO,NO,PASS,None
18691,21 203254 STE 13 SA,Under Review ,314122.359999999986030,4835734.717000000178814,Toronto Centre,NO,NO,PASS,None
18734,21 235027 NNY 18 CD,Under Review ,311706.621999999973923,4846521.986999999731779,Willowdale,NO,NO,PASS,None
18767,21 235230 NNY 08 SA,Under Review ,308672.824000000022352,4839427.059000000357628,Eglinton-Lawrence,NO,NO,PASS,None
18778,18 261350 NNY 08 SA,Under Review ,306569.148999999975786,4847090.969999999739230,York Centre,NO,NO,PASS,None
18782,21 172654 STE 10 OZ,Under Review ,312587.646000000007916,4833819.694000000134110,Spadina-Fort York,NO,NO,PASS,None
18797,20 234545 ESC 25 SA,Under Review ,331932.206000000005588,4848973.718999999575317,Scarborough-Rouge Park,NO,NO,PASS,None
18799,23 216296 ESC 21 OZ,Under Review ,324133.409999999974389,4847935.849999999627471,Scarborough Centre,NO,NO,PASS,None
18803,21 223797 NNY 16 SB,Under Review ,317590.117000000027474,4843465.218999999575317,Don Valley East,NO,NO,PASS,None
18809,26 110385 NNY 15 SA,Application Received,314078.298999999999069,4845637.838000000454485,Don Valley West,NO,NO,PASS,None
18816,22 139736 NNY 18 SA,Under Review ,312404.347999999998137,4846301.832999999634922,Willowdale,NO,NO,PASS,None
18818,21 235231 NNY 08 SB,Under Review ,308672.824000000022352,4839427.059000000357628,Eglinton-Lawrence,NO,NO,PASS,None
18821,21 233472 STE 10 CD,Under Review ,314325.516999999992549,4833178.061999999918044,Spadina-Fort York,NO,NO,PASS,None
18822,22 150557 ESC 22 SA,Under Review ,321660.045999999972992,4851094.876000000163913,Scarborough-Agincourt,NO,NO,PASS,None
18823,21 250763 STE 12 SA,Under Review ,309048.968999999982771,4839279.491000000387430,Toronto-St. Paul's,NO,NO,PASS,None
18827,24 220078 STE 13 SB,Under Review ,315147.721000000019558,4836236.530000000260770,Toronto Centre,NO,NO,PASS,None
18833,25 210259 STE 04 SA,Under Review ,307463.059000000008382,4834610.763000000268221,Parkdale-High Park,NO,NO,PASS,None
18834,25 261353 NNY 17 OZ,Under Review ,318332.311999999976251,4847672.175999999977648,Don Valley North,NO,NO,PASS,None
18839,25 242829 STE 13 SA,Under Review ,316221.233999999996740,4834745.774000000208616,Toronto Centre,NO,NO,PASS,None
18840,25 242829 STE 13 SA,Under Review ,316229.180999999982305,4834726.844999999739230,Toronto Centre,NO,NO,PASS,None
18843,21 213552 STE 12 SB,Under Review ,313387.483000000007451,4840713.628999999724329,Toronto-St. Paul's,NO,NO,PASS,None
18844,23 168385 NNY 08 SA,Under Review ,307711.070000000006985,4842640.816999999806285,Eglinton-Lawrence,NO,NO,PASS,None
18845,21 109901 ESC 25 SB,Under Review ,331298.438000000023749,4851909.065000000409782,Scarborough-Rouge Park,NO,NO,PASS,None
18848,22 139780 ESC 22 SA,Under Review ,321725.430999999982305,4849250.186999999918044,Scarborough-Agincourt,NO,NO,PASS,None
18856,23 138783 WET 03 SA,Under Review ,304930.353000000002794,4830508.773000000044703,Etobicoke-Lakeshore,NO,NO,PASS,None
18857,23 187327 STE 11 SA,Under Review ,313638.759000000020023,4836443.697999999858439,University-Rosedale,NO,NO,PASS,None
18860,24 238004 STE 12 OZ,Under Review ,313606.737000000022817,4840458.285000000149012,Toronto-St. Paul's,NO,NO,PASS,None
18865,21 230765 STE 13 CD,Under Review ,315089.929999999993015,4835401.666000000201166,Toronto Centre,NO,NO,PASS,None
18870,23 138551 STE 12 SA,Under Review ,309018.918999999994412,4839255.754999999888241,Toronto-St. Paul's,NO,NO,PASS,None
18871,25 120160 NNY 06 SA,Under Review ,309390.893999999971129,4845827.464999999850988,York Centre,NO,NO,PASS,None
18875,25 206673 NNY 16 OZ,Under Review ,317541.058000000019092,4842310.622999999672174,Don Valley East,NO,NO,PASS,None
18880,25 104642 ESC 22 OZ,Under Review ,319887.610999999975320,4848412.583999999798834,Scarborough-Agincourt,NO,NO,PASS,None
18881,26 179698 NNY 18 SA,Under Review ,311245.640000000013970,4848785.866999999620020,Willowdale,NO,NO,PASS,None
18895,21 178726 STE 11 SA,Under Review ,313055.257999999972526,4836990.140999999828637,University-Rosedale,NO,NO,PASS,None
18911,22 138445 STE 14 SA,Under Review ,316508.719999999972060,4838483.281000000424683,Toronto-Danforth,NO,NO,PASS,None
18913,26 125774 ESC 20 OZ,Under Review ,322181.017999999981839,4838781.436999999918044,Scarborough Southwest,NO,NO,PASS,None
18917,25 131074 STE 19 OZ,Under Review ,320309.228000000002794,4836879.172000000253320,Beaches-East York,NO,NO,PASS,None
18925,22 139638 WET 07 SA,Under Review ,304657.050999999977648,4846626.400000000372529,Humber River-Black Creek,NO,NO,PASS,None
18929,21 242229 STE 04 SA,Under Review ,310409.021999999997206,4833402.742999999783933,Parkdale-High Park,NO,NO,PASS,None
18941,23 138247 STE 10 SA,Under Review ,312669.746999999973923,4833594.156999999657273,Spadina-Fort York,NO,NO,PASS,None
18947,21 235119 NNY 18 CD,Under Review ,312133.098999999987427,4846342.906000000424683,Willowdale,NO,NO,PASS,None
18948,21 235119 NNY 18 CD,Under Review ,312246.101000000024214,4846399.941999999806285,Willowdale,NO,NO,PASS,None
18968,21 235323 STE 13 CD,Under Review ,315568.124000000010710,4834663.549999999813735,Toronto Centre,NO,NO,PASS,None
18970,26 185667 STE 12 SA,Under Review ,313359.731000000028871,4838686.086000000126660,Toronto-St. Paul's,NO,NO,PASS,None
18986,21 234525 STE 13 SB,Under Review ,314304.217999999993481,4835322.292999999597669,Toronto Centre,NO,NO,PASS,None
18987,21 251322 NNY 18 SA,Under Review ,312133.098999999987427,4846342.906000000424683,Willowdale,NO,NO,PASS,None
18988,21 251322 NNY 18 SA,Under Review ,312246.101000000024214,4846399.941999999806285,Willowdale,NO,NO,PASS,None
18989,21 184321 STE 10 SB,Under Review ,313523.940999999991618,4834059.345999999903142,Spadina-Fort York,NO,NO,PASS,None
18996,22 133815 NNY 15 SA,Under Review ,314513.553000000014435,4840946.816999999806285,Don Valley West,NO,NO,PASS,None
18999,22 198206 STE 13 SA,Under Review ,314304.217999999993481,4835322.292999999597669,Toronto Centre,NO,NO,PASS,None
19000,26 202543 STE 12 SA,Under Review ,311872.043000000005122,4838616.442999999970198,Toronto-St. Paul's,NO,NO,PASS,None
19001,25 159447 STE 10 CD,Under Review ,313004.891999999992549,4833640.814000000245869,Spadina-Fort York,NO,NO,PASS,None
19002,26 122654 STE 12 OZ,Under Review ,313074.860999999975320,4839721.906000000424683,Toronto-St. Paul's,NO,NO,PASS,None
19003,26 209858 WET 02 SA,Under Review ,301501.465000000025611,4837541.935999999754131,Etobicoke Centre,NO,NO,PASS,None
19007,22 139830 WET 03 SA,Under Review ,303186.690999999991618,4832338.934000000357628,Etobicoke-Lakeshore,NO,NO,PASS,None
19008,22 193935 STE 12 SA,Under Review ,313083.424999999988358,4840012.669999999925494,Toronto-St. Paul's,NO,NO,PASS,None
19010,23 138662 WET 03 SA,Under Review ,301649.544999999983702,4833159.802000000141561,Etobicoke-Lakeshore,NO,NO,PASS,None
19011,23 138662 WET 03 SA,Under Review ,301638.743000000016764,4833173.144000000320375,Etobicoke-Lakeshore,NO,NO,PASS,None
19012,24 174546 WET 03 SA,Under Review ,305357.742000000027474,4830902.224000000394881,Etobicoke-Lakeshore,NO,NO,PASS,None
19014,17 277479 ESC 38 SB,Under Review ,324899.642999999981839,4848450.639999999664724,Scarborough-Guildwood,NO,NO,PASS,None
19024,26 115508 ESC 24 SB,Under Review ,325902.896999999997206,4847005.724000000394881,Scarborough-Guildwood,NO,NO,PASS,None
19025,26 198879 ESC 22 CD,Under Review ,319386.527000000001863,4848309.258999999612570,Scarborough-Agincourt,NO,NO,PASS,None
19031,21 206899 ESC 22 SA,Under Review ,322077.822999999974854,4848483.781999999657273,Scarborough-Agincourt,NO,NO,PASS,None
19033,22 175297 WET 02 SA,Under Review ,299866.755999999993946,4832476.996000000275671,Etobicoke Centre,NO,NO,PASS,None
19034,21 247614 ESC 25 OZ,Under Review ,331818.146000000007916,4851777.979000000283122,Scarborough-Rouge Park,NO,NO,PASS,None
19039,25 231367 ESC 21 SA,Under Review ,319694.425999999977648,4846291.180999999865890,Scarborough Centre,NO,NO,PASS,None
19050,16 161258 STE 28 SA,Under Review ,315561.331000000005588,4834789.833999999798834,Toronto Centre,NO,NO,PASS,None
19061,24 153900 STE 12 SA,Under Review ,313513.283999999985099,4839516.174999999813735,Toronto-St. Paul's,NO,NO,PASS,None
19064,25 165819 NNY 16 SA,Under Review ,317541.058000000019092,4842310.622999999672174,Don Valley East,NO,NO,PASS,None
19065,25 173237 STE 12 OZ,Under Review ,309593.841000000014901,4839017.560999999754131,Toronto-St. Paul's,NO,NO,PASS,None
19066,25 158283 STE 10 SA,Under Review ,313666.065999999991618,4833512.984000000171363,Spadina-Fort York,NO,NO,PASS,None
19067,26 160909 STE 09 OZ,Under Review ,309046.534999999974389,4835795.504999999888241,Davenport,NO,NO,PASS,None
19070,21 230126 STE 13 CD,Under Review ,315287.697999999974854,4834137.417000000365078,Toronto Centre,NO,NO,PASS,None
19071,22 128941 STE 19 SA,Under Review ,320583.076999999990221,4836104.063000000081956,Beaches-East York,NO,NO,PASS,None
19072,25 259130 ESC 21 SB,Under Review ,324133.409999999974389,4847935.849999999627471,Scarborough Centre,NO,NO,PASS,None
19078,20 230363 ESC 20 SB,Under Review ,325342.929000000003725,4842841.754999999888241,Scarborough Southwest,NO,NO,PASS,None
19080,21 235248 STE 13 CD,Under Review ,315615.673999999999069,4834654.497999999672174,Toronto Centre,NO,NO,PASS,None
19082,20 199761 STE 14 SA,Under Review ,318244.833999999973457,4836529.461000000126660,Toronto-Danforth,NO,NO,PASS,None
19090,25 137857 ESC 24 SA,Under Review ,326857.271000000007916,4844511.271999999880791,Scarborough-Guildwood,NO,NO,PASS,None
19114,21 172862 WET 03 SB,Under Review ,305357.742000000027474,4830902.224000000394881,Etobicoke-Lakeshore,NO,NO,PASS,None
19115,21 172862 WET 03 SB,Under Review ,305229.277000000001863,4830900.050999999977648,Etobicoke-Lakeshore,NO,NO,PASS,None
19124,21 234394 STE 14 SB,Under Review ,316975.245999999984633,4835060.348000000230968,Toronto-Danforth,NO,NO,PASS,None
19125,21 215740 STE 10 SB,Under Review ,313898.146999999997206,4834280.842000000178814,Spadina-Fort York,NO,NO,PASS,None
19127,22 241809 STE 14 SA,Under Review ,316853.277000000001863,4834870.765999999828637,Toronto-Danforth,NO,NO,PASS,None
19128,23 102712 WET 07 SA,Under Review ,303365.597000000008848,4841840.405000000260770,Humber River-Black Creek,NO,NO,PASS,None
19129,25 185149 ESC 22 SB,Under Review ,321707.614999999990687,4848974.082000000402331,Scarborough-Agincourt,NO,NO,PASS,None
19130,25 179966 NNY 08 SA,Under Review ,309425.342999999993481,4840469.884999999776483,Eglinton-Lawrence,NO,NO,PASS,None
19143,21 228631 WET 03 CD,Under Review ,305131.370999999984633,4830786.143000000156462,Etobicoke-Lakeshore,NO,NO,PASS,None
19146,22 138885 STE 11 SA,Under Review ,312482.291000000026543,4836097.311999999918044,University-Rosedale,NO,NO,PASS,None
19154,22 110426 NNY 18 SA,Under Review ,313791.566999999980908,4847012.167999999597669,Willowdale,NO,NO,PASS,None
19156,22 138885 STE 11 SA,Under Review ,312481.544999999983702,4836091.942999999970198,University-Rosedale,NO,NO,PASS,None
19164,17 112623 NNY 15 SB,Under Review ,309588.180999999982305,4842443.514999999664724,Eglinton-Lawrence,NO,NO,PASS,None
19188,18 268551 NNY 06 SA,Under Review ,307808.950000000011642,4845425.722000000067055,York Centre,NO,NO,PASS,None
19244,24 123437 ESC 22 SB,Under Review ,320875.829000000027008,4851696.314000000245869,Scarborough-Agincourt,NO,NO,PASS,None
19247,15 258711 ESC 37 SA,Under Review ,321388.048999999999069,4842856.632000000216067,Scarborough Centre,NO,NO,PASS,None
19287,26 125774 ESC 20 OZ,Under Review ,322168.108000000007451,4838776.377999999560416,Scarborough Southwest,NO,NO,PASS,None
19288,25 256546 WET 03 SA,Under Review ,304888.255999999993946,4834195.724999999627471,Etobicoke-Lakeshore,NO,NO,PASS,None
19292,21 234759 STE 10 SB,Under Review ,313918.700000000011642,4833954.059000000357628,Spadina-Fort York,NO,NO,PASS,None
19309,22 138985 STE 13 SA,Under Review ,314684.762999999977183,4834060.092000000178814,Toronto Centre,NO,NO,PASS,None
19312,23 187566 ESC 22 SA,Under Review ,322142.467000000004191,4848723.694000000134110,Scarborough-Agincourt,NO,NO,PASS,None
19315,21 234936 ESC 21 CD,Under Review ,321388.048999999999069,4842856.632000000216067,Scarborough Centre,NO,NO,PASS,None
19321,23 139161 ESC 24 SA,Under Review ,328154.972000000008848,4844950.413999999873340,Scarborough-Guildwood,NO,NO,PASS,None
19333,22 153990 STE 13 SA,Under Review ,314395.310999999986961,4836577.730000000447035,Toronto Centre,NO,NO,PASS,None
19334,22 153990 STE 13 SA,Under Review ,314379.533999999985099,4836355.667000000365078,Toronto Centre,NO,NO,PASS,None
19337,20 166443 NNY 15 SA,Under Review ,313864.760000000009313,4840907.163999999873340,Don Valley West,NO,NO,PASS,None
19338,20 166443 NNY 15 SA,Under Review ,313872.798999999999069,4840907.008000000379980,Don Valley West,NO,NO,PASS,None
19346,26 156705 NNY 17 OZ,Under Review ,314499.417000000015832,4847477.313000000081956,Don Valley North,NO,NO,PASS,None
19356,22 192722 NNY 08 SB,Under Review ,308343.391999999992549,4841350.634999999776483,Eglinton-Lawrence,NO,NO,PASS,None
19359,24 110369 ESC 22 SB,Under Review ,318435.925999999977648,4850256.167000000365078,Scarborough-Agincourt,NO,NO,PASS,None
19367,25 138195 NNY 18 SB,Under Review ,310295.920999999972992,4848278.339999999850988,Willowdale,NO,NO,PASS,None
19372,26 185171 NNY 17 OZ,Under Review ,313600.255000000004657,4848593.253999999724329,Don Valley North,NO,NO,PASS,None
19380,18 202629 ESC 39 SA,Under Review ,322190.438000000023749,4849196.496000000275671,Scarborough-Agincourt,YES,NO,FAIL,Watercourse
19392,19 234471 ESC 23 SA,Under Review ,322490.782999999995809,4852063.048999999649823,Scarborough North,NO,NO,PASS,None
19397,22 136574 STE 09 SA,Under Review ,308396.901000000012573,4837086.552000000141561,Davenport,NO,NO,PASS,None
19398,19 251104 WET 02 SA,Under Review ,300037.324000000022352,4833883.372000000439584,Etobicoke Centre,NO,NO,PASS,None
19399,21 166615 STE 13 SA,Under Review ,313884.939000000013039,4836160.226999999955297,Toronto Centre,NO,NO,PASS,None
19400,21 233477 STE 10 CD,Under Review ,312983.156000000017229,4833703.400999999605119,Spadina-Fort York,NO,NO,PASS,None
19401,21 233477 STE 10 CD,Under Review ,313008.766999999992549,4833695.069000000134110,Spadina-Fort York,NO,NO,PASS,None
19404,22 175297 WET 02 SA,Under Review ,299895.481000000028871,4832387.718000000342727,Etobicoke Centre,NO,NO,PASS,None
19411,22 138739 STE 10 SA,Under Review ,313180.235999999975320,4833738.980000000447035,Spadina-Fort York,NO,NO,PASS,None
19412,25 134881 NNY 18 SA,Under Review ,312467.087999999988824,4846834.183000000193715,Willowdale,NO,NO,PASS,None
19414,26 122265 STE 09 SA,Under Review ,309774.140000000013970,4835137.405000000260770,Davenport,NO,NO,PASS,None
19420,21 236504 NNY 17 CD,Under Review ,314400.445000000006985,4849551.793999999761581,Don Valley North,NO,YES,FAIL,Wetland
19437,21 166710 STE 10 SA,Under Review ,313909.446999999985565,4833965.533999999985099,Spadina-Fort York,NO,NO,PASS,None
19447,21 188404 NNY 15 SA,Under Review ,314114.760000000009313,4844875.043999999761581,Don Valley West,NO,NO,PASS,None
19448,22 140264 NNY 17 SA,Under Review ,319082.466000000014901,4847975.336000000126660,Don Valley North,NO,NO,PASS,None
19459,22 137869 STE 12 SA,Under Review ,313509.199000000022352,4837728.549999999813735,Toronto-St. Paul's,NO,NO,PASS,None
19465,22 175297 WET 02 SA,Under Review ,299887.759000000020023,4832408.233000000007451,Etobicoke Centre,NO,NO,PASS,None
19466,21 235904 STE 13 SB,Under Review ,314346.786000000021886,4836027.946999999694526,Toronto Centre,NO,NO,PASS,None
19475,20 153714 STE 12 SA,Under Review ,310989.215000000025611,4837841.934000000357628,Toronto-St. Paul's,NO,NO,PASS,None
19478,21 221001 STE 13 SB,Under Review ,313884.939000000013039,4836160.226999999955297,Toronto Centre,NO,NO,PASS,None
19479,21 235160 STE 13 SB,Under Review ,315787.784999999974389,4834870.008999999612570,Toronto Centre,NO,NO,PASS,None
19481,23 138551 STE 12 SA,Under Review ,309005.576000000000931,4839271.819000000134110,Toronto-St. Paul's,NO,NO,PASS,None
19482,26 122265 STE 09 SA,Under Review ,309923.332999999984168,4835292.483000000007451,Davenport,NO,NO,PASS,None
19483,26 213803 STE 04 SA,Application Received,310180.114999999990687,4832447.947999999858439,Parkdale-High Park,NO,NO,PASS,None
19497,22 204171 ESC 21 SA,Under Review ,321388.048999999999069,4842856.632000000216067,Scarborough Centre,NO,NO,PASS,None
19499,24 228960 STE 13 OZ,Under Review ,314684.762999999977183,4834060.092000000178814,Toronto Centre,NO,NO,PASS,None
19511,24 216579 STE 13 SA,Under Review ,314651.597999999998137,4836286.438000000081956,Toronto Centre,NO,NO,PASS,None
19526,25 236994 NNY 15 SA,Under Review ,314284.462999999988824,4844230.658999999985099,Don Valley West,NO,NO,PASS,None
19530,24 210682 ESC 21 OZ,Under Review ,322163.396000000007916,4843086.565000000409782,Scarborough Centre,NO,NO,PASS,None
19533,22 238620 NNY 18 OZ,Under Review ,309936.233000000007451,4848090.816999999806285,Willowdale,NO,NO,PASS,None
19537,24 254928 WET 01 SA,Under Review ,298402.922000000020489,4839982.439000000245869,Etobicoke North,NO,NO,PASS,None
19543,21 234394 STE 14 SB,Under Review ,317016.549999999988358,4835024.406000000424683,Toronto-Danforth,NO,NO,PASS,None
19546,25 187784 NNY 06 OZ,Under Review ,308133.142999999981839,4845609.435999999754131,York Centre,NO,NO,PASS,None
19549,22 204192 ESC 21 SA,Under Review ,321388.048999999999069,4842856.632000000216067,Scarborough Centre,NO,NO,PASS,None
19550,22 192792 NNY 08 SA,Under Review ,309831.713999999978114,4841712.934000000357628,Eglinton-Lawrence,NO,NO,PASS,None
19561,20 225403 NNY 17 PL,Under Review ,319082.466000000014901,4847975.336000000126660,Don Valley North,NO,NO,PASS,None
19564,22 139121 STE 12 SA,Under Review ,313572.864999999990687,4840828.942999999970198,Toronto-St. Paul's,NO,NO,PASS,None
19571,25 159447 STE 10 CD,Under Review ,313010.568000000028405,4833638.453999999910593,Spadina-Fort York,NO,NO,PASS,None
19573,24 105045 ESC 22 OZ,Under Review ,318435.925999999977648,4850256.167000000365078,Scarborough-Agincourt,NO,NO,PASS,None
19576,26 161475 STE 14 SB,Under Review ,316836.370999999984633,4833974.316999999806285,Toronto-Danforth,NO,NO,PASS,None
19597,21 230120 STE 09 CD,Under Review ,308396.901000000012573,4837086.552000000141561,Davenport,NO,NO,PASS,None
19631,14 129869 WET 05 SA,Under Review ,299517.011999999987893,4830763.739000000059605,Etobicoke-Lakeshore,NO,NO,PASS,None
19632,16 209876 ESC 44 OZ,Under Review ,329932.423000000009779,4849441.504999999888241,Scarborough-Rouge Park,NO,NO,PASS,None
19633,16 209876 ESC 44 OZ,Under Review ,329746.734999999986030,4849823.918999999761581,Scarborough-Rouge Park,NO,NO,PASS,None
19651,24 140233 STE 14 SA,Under Review ,316667.292000000015832,4836073.735000000335276,Toronto-Danforth,NO,NO,PASS,None
19663,22 139825 WET 03 SA,Under Review ,302507.993000000016764,4834200.508000000379980,Etobicoke-Lakeshore,NO,NO,PASS,None
19679,19 262757 WET 07 SA,Under Review ,303596.245999999984633,4842484.942999999970198,Humber River-Black Creek,NO,NO,PASS,None
19697,21 119572 NNY 06 SB,Under Review ,305762.805999999982305,4845547.649000000208616,York Centre,NO,NO,PASS,None
19699,21 157799 STE 04 SA,Under Review ,307160.003000000026077,4832833.120000000111759,Parkdale-High Park,NO,NO,PASS,None
19700,21 222287 ESC 25 CD,Under Review ,331138.717999999993481,4848544.605000000447035,Scarborough-Rouge Park,NO,NO,PASS,None
19719,17 237276 STE 18 SB,Under Review ,309774.140000000013970,4835137.405000000260770,Davenport,NO,NO,PASS,None
19730,26 122305 STE 09 SA,Under Review ,309774.140000000013970,4835137.405000000260770,Davenport,NO,NO,PASS,None
19731,26 122305 STE 09 SA,Under Review ,309923.332999999984168,4835292.483000000007451,Davenport,NO,NO,PASS,None
19733,24 233888 WET 03 SA,Under Review ,303251.601000000024214,4829455.088000000454485,Etobicoke-Lakeshore,NO,NO,PASS,None
19734,26 183202 STE 10 OZ,Under Review ,310820.039999999979045,4833021.665000000037253,Spadina-Fort York,NO,NO,PASS,None
19738,22 140739 STE 14 SA,Under Review ,319009.369000000006054,4836696.877999999560416,Toronto-Danforth,NO,NO,PASS,None
19739,21 203361 STE 12 SA,Under Review ,308878.468999999982771,4839310.968000000342727,Toronto-St. Paul's,NO,NO,PASS,None
19740,21 179627 STE 12 SA,Under Review ,313628.450000000011642,4840603.804999999701977,Toronto-St. Paul's,NO,NO,PASS,None
19745,26 206628 STE 11 SA,Under Review ,313851.956999999994878,4836584.200000000186265,University-Rosedale,NO,NO,PASS,None
19748,21 124972 NNY 18 SA,Under Review ,310295.920999999972992,4848278.339999999850988,Willowdale,NO,NO,PASS,None
19749,19 218252 STE 10 SA,Under Review ,314974.069000000017695,4833618.876000000163913,Spadina-Fort York,NO,NO,PASS,None
19753,18 272239 ESC 22 SB,Under Review ,322142.467000000004191,4848723.694000000134110,Scarborough-Agincourt,NO,NO,PASS,None
19754,20 154351 ESC 23 SA,Under Review ,325378.857000000018161,4854154.185999999754131,Scarborough North,NO,NO,PASS,None
19756,21 235323 STE 13 CD,Under Review ,315560.706999999994878,4834664.686999999918044,Toronto Centre,NO,NO,PASS,None
19758,22 180536 WET 05 SA,Under Review ,307425.961000000010245,4836717.033999999985099,York South-Weston,NO,NO,PASS,None
19762,17 237276 STE 18 SB,Under Review ,309923.332999999984168,4835292.483000000007451,Davenport,NO,NO,PASS,None
19775,22 204139 ESC 21 OZ,Under Review ,321388.048999999999069,4842856.632000000216067,Scarborough Centre,NO,NO,PASS,None
19776,23 114252 STE 09 SA,Under Review ,310271.659999999974389,4834217.706000000238419,Davenport,NO,NO,PASS,None
19784,22 186083 STE 13 SA,Under Review ,303566.981000000028871,4840545.991999999620020,York South-Weston,NO,NO,PASS,None
19787,21 235372 STE 13 CD,Under Review ,316134.743000000016764,4834974.207999999634922,Toronto Centre,NO,NO,PASS,None
19789,22 238619 NNY 18 SA,Under Review ,309936.233000000007451,4848090.816999999806285,Willowdale,NO,NO,PASS,None
19797,21 201846 STE 09 SA,Under Review ,308948.734999999986030,4835007.060999999754131,Davenport,NO,NO,PASS,None
19798,21 201846 STE 09 SA,Under Review ,308955.309000000008382,4835000.179999999701977,Davenport,NO,NO,PASS,None
19813,21 235027 NNY 18 CD,Under Review ,311693.929000000003725,4846515.264999999664724,Willowdale,NO,NO,PASS,None
19814,22 204157 ESC 21 SB,Under Review ,321388.048999999999069,4842856.632000000216067,Scarborough Centre,NO,NO,PASS,None
19818,21 234935 ESC 21 CD,Under Review ,321388.048999999999069,4842856.632000000216067,Scarborough Centre,NO,NO,PASS,None
19828,18 149098 STE 18 SA,Under Review ,309774.140000000013970,4835137.405000000260770,Davenport,NO,NO,PASS,None
19829,18 149098 STE 18 SA,Under Review ,309923.332999999984168,4835292.483000000007451,Davenport,NO,NO,PASS,None
19849,21 250474 ESC 21 SA,Under Review ,321388.048999999999069,4842856.632000000216067,Scarborough Centre,NO,NO,PASS,None
19850,22 138585 STE 04 SA,Under Review ,308580.739999999990687,4834943.027999999932945,Parkdale-High Park,NO,NO,PASS,None
19852,25 191848 NNY 17 OZ,Under Review ,314455.131999999983236,4847354.450000000186265,Don Valley North,NO,NO,PASS,None
19869,22 137783 STE 12 SA,Under Review ,313276.840000000025611,4838429.657999999821186,Toronto-St. Paul's,NO,NO,PASS,None
19874,26 149124 STE 12 OZ,Under Review ,313628.450000000011642,4840603.804999999701977,Toronto-St. Paul's,NO,NO,PASS,None
19875,21 165270 NNY 17 SA,Under Review ,314400.445000000006985,4849551.793999999761581,Don Valley North,NO,YES,FAIL,Wetland
19878,25 125909 STE 04 SA,Under Review ,305832.708999999973457,4835938.911999999545515,Parkdale-High Park,NO,NO,PASS,None
19881,22 192732 NNY 08 SA,Under Review ,308343.391999999992549,4841350.634999999776483,Eglinton-Lawrence,NO,NO,PASS,None
19883,24 156482 STE 09 SA,Under Review ,309142.941999999980908,4834740.061999999918044,Davenport,NO,NO,PASS,None
19884,25 141826 NNY 08 OZ,Under Review ,309521.820000000006985,4840500.268000000156462,Eglinton-Lawrence,NO,NO,PASS,None
19885,25 173237 STE 12 OZ,Under Review ,309600.673999999999069,4839021.088000000454485,Toronto-St. Paul's,NO,NO,PASS,None
19905,24 241983 WET 01 SA,Under Review ,295484.641000000003260,4845044.955000000074506,Etobicoke North,NO,NO,PASS,None
19925,25 242829 STE 13 SA,Under Review ,316226.668999999994412,4834735.951000000350177,Toronto Centre,NO,NO,PASS,None
19949,26 121277 NNY 17 SA,Under Review ,319082.466000000014901,4847975.336000000126660,Don Valley North,NO,NO,PASS,None
19952,14 259884 NNY 23 SA,Under Review ,312003.538999999989755,4848099.019000000320375,Willowdale,NO,NO,PASS,None
19958,22 242145 STE 12 OZ,Under Review ,312972.843999999982771,4840403.436999999918044,Toronto-St. Paul's,NO,NO,PASS,None
19961,22 204654 STE 10 SA,Under Review ,313919.516999999992549,4834781.928999999538064,Spadina-Fort York,NO,NO,PASS,None
19965,17 112623 NNY 15 SB,Under Review ,309317.126999999978580,4842392.069000000134110,Eglinton-Lawrence,NO,NO,PASS,None
19966,17 112623 NNY 15 SB,Under Review ,309423.961000000010245,4842336.427000000141561,Eglinton-Lawrence,NO,NO,PASS,None
19967,17 112623 NNY 15 SB,Under Review ,309212.880000000004657,4842376.377000000327826,Eglinton-Lawrence,NO,NO,PASS,None
19968,17 112623 NNY 15 SB,Under Review ,309543.369000000006054,4842482.461000000126660,Eglinton-Lawrence,NO,NO,PASS,None
19976,20 232714 STE 12 OZ,Under Review ,312972.843999999982771,4840403.436999999918044,Toronto-St. Paul's,NO,NO,PASS,None
19982,25 211872 NNY 08 SA,Under Review ,309849.145000000018626,4839668.218000000342727,Eglinton-Lawrence,NO,NO,PASS,None
19987,21 213475 STE 12 SA,Under Review ,311188.806999999971595,4838232.190999999642372,Toronto-St. Paul's,NO,NO,PASS,None
20003,21 201461 ESC 21 OZ,Under Review ,326262.570999999996275,4844290.656999999657273,Scarborough Centre,NO,NO,PASS,None
20023,25 269305 STE 10 SA,Under Review ,312003.597000000008848,4832774.627000000327826,Spadina-Fort York,NO,NO,PASS,None
20034,24 106385 ESC 22 OZ,Under Review ,319791.398999999975786,4848369.182000000029802,Scarborough-Agincourt,NO,NO,PASS,None
20042,25 269831 STE 12 SA,Under Review ,312769.185999999986961,4838261.030000000260770,Toronto-St. Paul's,NO,NO,PASS,None
20043,26 176895 ESC 20 SA,Under Review ,321294.968999999982771,4842157.783999999985099,Scarborough Southwest,NO,NO,PASS,None
20080,22 135741 NNY 17 SA,Under Review ,317017.099999999976717,4848174.133999999612570,Don Valley North,NO,NO,PASS,None
20082,21 172654 STE 10 OZ,Under Review ,312591.469999999972060,4833804.320000000298023,Spadina-Fort York,NO,NO,PASS,None
20084,24 173799 WET 03 SA,Under Review ,304057.461000000010245,4829230.638000000268221,Etobicoke-Lakeshore,NO,NO,PASS,None
20085,26 128887 NNY 06 SB,Under Review ,308363.266999999992549,4843562.157999999821186,York Centre,NO,NO,PASS,None
20095,20 215681 ESC 22 OZ,Under Review ,319791.398999999975786,4848369.182000000029802,Scarborough-Agincourt,NO,NO,PASS,None
20100,22 168547 NNY 18 OZ,Under Review ,311469.727000000013504,4849418.106999999843538,Willowdale,NO,NO,PASS,None
20101,18 223433 WET 11 SA,Under Review ,304025.458999999973457,4839528.724999999627471,York South-Weston,NO,NO,PASS,None
20125,17 112623 NNY 15 SB,Under Review ,309318.184999999997672,4842404.226999999955297,Eglinton-Lawrence,NO,NO,PASS,None
20126,17 112623 NNY 15 SB,Under Review ,309530.248000000021420,4842271.796000000089407,Eglinton-Lawrence,NO,NO,PASS,None
20127,17 112623 NNY 15 SB,Under Review ,309400.825000000011642,4842292.447999999858439,Eglinton-Lawrence,NO,NO,PASS,None
20131,20 232714 STE 12 OZ,Under Review ,312974.098999999987427,4840395.299999999813735,Toronto-St. Paul's,NO,NO,PASS,None
20153,21 222251 ESC 24 CD,Under Review ,326471.972999999998137,4848783.701000000350177,Scarborough-Guildwood,NO,NO,PASS,None
20163,22 138885 STE 11 SA,Under Review ,312478.873000000021420,4836091.179999999701977,University-Rosedale,NO,NO,PASS,None
20168,21 231473 STE 11 CD,Under Review ,312761.742000000027474,4836956.976999999955297,University-Rosedale,NO,NO,PASS,None
20169,17 112623 NNY 15 SB,Under Review ,309361.681999999971595,4842366.841000000014901,Eglinton-Lawrence,NO,NO,PASS,None
20177,26 127882 WET 05 OZ,Under Review ,304459.004000000015367,4840344.141999999992549,York South-Weston,NO,NO,PASS,None
20178,20 219229 ESC 20 OZ,Under Review ,327136.381999999983236,4843658.321999999694526,Scarborough Southwest,NO,NO,PASS,None
20180,20 229836 WET 03 SA,Under Review ,302689.523999999975786,4828214.964999999850988,Etobicoke-Lakeshore,NO,NO,PASS,None
20192,21 235357 STE 12 SA,Under Review ,313042.267999999981839,4839935.514000000432134,Toronto-St. Paul's,NO,NO,PASS,None
20195,22 140277 NNY 06 SA,Under Review ,305585.918999999994412,4846822.185999999754131,York Centre,NO,NO,PASS,None
20202,23 137642 WET 05 SA,Under Review ,313771.025000000023283,4833625.372999999672174,Spadina-Fort York,NO,NO,PASS,None
20203,21 176811 WET 05 SA,Under Review ,307518.344999999972060,4836686.549999999813735,York South-Weston,NO,NO,PASS,None
20204,21 176811 WET 05 SA,Under Review ,307521.928000000014435,4836698.508999999612570,York South-Weston,NO,NO,PASS,None
20210,21 235119 NNY 18 CD,Under Review ,312175.867000000027474,4846375.345999999903142,Willowdale,NO,NO,PASS,None
20211,21 235119 NNY 18 CD,Under Review ,312261.483999999996740,4846354.915000000037253,Willowdale,NO,NO,PASS,None
20217,25 180696 NNY 16 OZ,Under Review ,320813.211000000010245,4842018.206000000238419,Don Valley East,NO,NO,PASS,None
20241,21 219445 STE 12 SB,Under Review ,312981.528999999980442,4840735.333999999798834,Toronto-St. Paul's,NO,NO,PASS,None
20242,21 160168 NNY 15 SA,Under Review ,317674.123000000021420,4840770.986999999731779,Don Valley West,NO,NO,PASS,None
20245,23 119677 WET 03 SA,Under Review ,304741.550999999977648,4830972.570000000298023,Etobicoke-Lakeshore,NO,NO,PASS,None
20261,23 165553 ESC 24 SA,Under Review ,325037.994000000006054,4847997.264999999664724,Scarborough-Guildwood,NO,NO,PASS,None
20263,26 185171 NNY 17 OZ,Under Review ,313605.253000000026077,4848560.053000000305474,Don Valley North,NO,NO,PASS,None
20272,26 185667 STE 12 SA,Under Review ,313294.835000000020955,4838635.680999999865890,Toronto-St. Paul's,NO,NO,PASS,None
20276,23 158820 ESC 20 SA,Under Review ,323740.164999999979045,4838798.718999999575317,Scarborough Southwest,NO,NO,PASS,None
20306,21 226522 STE 12 SB,Under Review ,313294.835000000020955,4838635.680999999865890,Toronto-St. Paul's,NO,NO,PASS,None
20310,21 234394 STE 14 SB,Under Review ,316968.103000000002794,4835049.188000000081956,Toronto-Danforth,NO,NO,PASS,None
20313,22 110426 NNY 18 SA,Under Review ,313784.489999999990687,4847045.320000000298023,Willowdale,NO,NO,PASS,None
20330,19 253732 WET 05 SA,Under Review ,305368.200000000011642,4836307.186999999918044,York South-Weston,NO,NO,PASS,None
20332,22 172659 STE 11 SA,Under Review ,314560.625000000000000,4836713.223000000230968,University-Rosedale,NO,NO,PASS,None
20334,19 243731 STE 13 SA,Under Review ,316352.543000000005122,4835304.388000000268221,Toronto Centre,NO,NO,PASS,None
20354,21 229300 WET 03 CD,Under Review ,303513.239999999990687,4833917.071999999694526,Etobicoke-Lakeshore,YES,NO,FAIL,Watercourse
20356,22 168546 NNY 18 SA,Under Review ,311469.727000000013504,4849418.106999999843538,Willowdale,NO,NO,PASS,None
20361,25 115663 NNY 15 PL,Under Review ,315098.173000000009779,4839360.036000000312924,Don Valley West,NO,NO,PASS,None
20362,26 102769 WET 03 SA,Under Review ,302698.663999999989755,4833982.321000000461936,Etobicoke-Lakeshore,NO,NO,PASS,None
20363,21 230126 STE 13 CD,Under Review ,315294.219999999972060,4834116.114000000059605,Toronto Centre,NO,NO,PASS,None
20364,21 230126 STE 13 CD,Under Review ,315285.762999999977183,4834142.875000000000000,Toronto Centre,NO,NO,PASS,None
20366,21 213475 STE 12 SA,Under Review ,311193.630999999993946,4838221.389000000432134,Toronto-St. Paul's,NO,NO,PASS,None
20367,21 213475 STE 12 SA,Under Review ,311189.179999999993015,4838235.347000000067055,Toronto-St. Paul's,NO,NO,PASS,None
20372,24 215137 NNY 16 OZ,Under Review ,318476.117000000027474,4841691.339999999850988,Don Valley East,NO,NO,PASS,None
20373,23 165549 ESC 24 SA,Under Review ,325037.994000000006054,4847997.264999999664724,Scarborough-Guildwood,NO,NO,PASS,None
20378,21 235361 STE 12 SB,Under Review ,313042.267999999981839,4839935.514000000432134,Toronto-St. Paul's,NO,NO,PASS,None
20400,21 234927 STE 12 SB,Under Review ,313087.121999999973923,4839617.286999999545515,Toronto-St. Paul's,NO,NO,PASS,None
20401,21 234927 STE 12 SB,Under Review ,313085.050999999977648,4839644.264999999664724,Toronto-St. Paul's,NO,NO,PASS,None
20411,25 187962 STE 13 SA,Under Review ,315193.673999999999069,4835489.029000000096858,Toronto Centre,NO,NO,PASS,None
20412,25 121712 STE 12 SA,Under Review ,313176.710000000020955,4838931.804999999701977,Toronto-St. Paul's,NO,NO,PASS,None
20413,25 121712 STE 12 SA,Under Review ,313151.434000000008382,4838982.126000000163913,Toronto-St. Paul's,NO,NO,PASS,None
20416,23 166963 ESC 23 SA,Under Review ,324298.655000000027940,4854462.139000000432134,Scarborough North,NO,NO,PASS,None
20417,25 180917 STE 09 OZ,Under Review ,308461.482000000018161,4837101.216000000014901,Davenport,NO,NO,PASS,None
20437,23 129057 NNY 06 SA,Under Review ,306245.873000000021420,4843062.202999999746680,York Centre,NO,NO,PASS,None
20442,26 161475 STE 14 SB,Under Review ,316709.087999999988824,4833633.427000000141561,Toronto-Danforth,NO,NO,PASS,None
20443,21 234414 STE 12 CD,Under Review ,313360.984999999986030,4838408.372999999672174,Toronto-St. Paul's,NO,NO,PASS,None
20454,20 163635 NNY 15 SB,Under Review ,313952.477000000013504,4846029.502000000327826,Don Valley West,NO,NO,PASS,None
20460,22 175297 WET 02 SA,Under Review ,299906.577999999979511,4832349.538999999873340,Etobicoke Centre,NO,NO,PASS,None
20474,21 250485 NNY 06 SA,Under Review ,309771.581999999994878,4843806.902999999932945,York Centre,NO,NO,PASS,None
20494,19 218252 STE 10 SA,Under Review ,315025.456000000005588,4833642.146999999880791,Spadina-Fort York,NO,NO,PASS,None
20495,19 218252 STE 10 SA,Under Review ,314993.347999999998137,4833574.620000000111759,Spadina-Fort York,NO,NO,PASS,None
20514,17 231670 ESC 41 SB,Under Review ,322901.901000000012573,4849433.822999999858439,Scarborough North,NO,NO,PASS,None
20519,23 138419 STE 13 SA,Under Review ,314782.162000000011176,4834301.825000000186265,Toronto Centre,NO,NO,PASS,None
20549,23 179321 NNY 08 SA,Under Review ,312720.385999999998603,4840571.890999999828637,Eglinton-Lawrence,NO,NO,PASS,None
20550,23 164025 STE 13 SA,Under Review ,314679.288999999989755,4836351.377999999560416,Toronto Centre,NO,NO,PASS,None
20559,21 217139 STE 13 SB,Under Review ,314298.673999999999069,4834652.111999999731779,Toronto Centre,NO,NO,PASS,None
20562,23 154171 ESC 20 OZ,Under Review ,325725.862000000022817,4841948.093000000342727,Scarborough Southwest,NO,NO,PASS,None
20570,22 204481 STE 10 SA,Under Review ,313635.380999999993946,4833826.906999999657273,Spadina-Fort York,NO,NO,PASS,None
20599,23 126229 NNY 18 SA,Under Review ,310804.392999999981839,4850365.748999999836087,Willowdale,NO,NO,PASS,None
20600,24 180616 STE 04 SA,Under Review ,309439.288999999989755,4834045.570000000298023,Parkdale-High Park,NO,NO,PASS,None
20601,24 251716 STE 19 SA,Under Review ,319900.272999999986496,4838285.111999999731779,Beaches-East York,NO,NO,PASS,None
20611,19 211950 WET 05 SA,Under Review ,307432.668000000005122,4836697.958999999798834,York South-Weston,NO,NO,PASS,None
20632,21 249739 STE 14 SA,Under Review ,316235.624000000010710,4837755.110000000335276,Toronto-Danforth,NO,NO,PASS,None
20633,21 235595 NNY 08 SA,Under Review ,309608.521000000007916,4840082.536999999545515,Eglinton-Lawrence,NO,NO,PASS,None
20640,20 164705 ESC 22 SB,Under Review ,320562.482000000018161,4850959.101999999955297,Scarborough-Agincourt,NO,NO,PASS,None
20655,20 193801 STE 12 SA,Under Review ,313633.385999999998603,4839566.553000000305474,Toronto-St. Paul's,NO,NO,PASS,None
20659,25 236949 STE 13 OZ,Under Review ,316304.911000000021886,4835483.294999999925494,Toronto Centre,NO,NO,PASS,None
20673,22 170530 NNY 08 SA,Under Review ,312819.668999999994412,4840845.717000000178814,Eglinton-Lawrence,NO,NO,PASS,None
20676,23 124738 NNY 06 SA,Under Review ,309137.896999999997206,4848903.701000000350177,York Centre,NO,NO,PASS,None
20680,22 238620 NNY 18 OZ,Under Review ,309995.396000000007916,4848133.429999999701977,Willowdale,NO,NO,PASS,None
20683,21 159994 NNY 18 SA,Under Review ,311701.983000000007451,4847872.678000000305474,Willowdale,NO,NO,PASS,None
20687,21 245328 STE 12 SA,Under Review ,310892.614000000001397,4837469.838000000454485,Toronto-St. Paul's,NO,NO,PASS,None
20690,21 225289 STE 10 SB,Under Review ,313775.155000000027940,4834061.638000000268221,Spadina-Fort York,NO,NO,PASS,None
20691,21 225289 STE 10 SB,Under Review ,313800.004000000015367,4834068.639999999664724,Spadina-Fort York,NO,NO,PASS,None
20713,15 258619 WET 12 SA,Under Review ,306898.873000000021420,4840854.973000000230968,York South-Weston,NO,NO,PASS,None
20734,23 165547 ESC 24 SB,Under Review ,325037.994000000006054,4847997.264999999664724,Scarborough-Guildwood,NO,NO,PASS,None
20735,24 123437 ESC 22 SB,Under Review ,320752.445999999996275,4851725.669999999925494,Scarborough-Agincourt,NO,NO,PASS,None
20736,25 115684 NNY 15 CD,Under Review ,315098.173000000009779,4839360.036000000312924,Don Valley West,NO,NO,PASS,None
20737,19 261154 STE 11 SA,Under Review ,312794.228000000002794,4836993.516999999992549,University-Rosedale,NO,NO,PASS,None
20739,26 191543 ESC 22 SA,Application Received,317945.032999999995809,4852344.652999999932945,Scarborough-Agincourt,NO,NO,PASS,None
20747,21 234414 STE 12 CD,Under Review ,313351.172000000020489,4838430.008000000379980,Toronto-St. Paul's,NO,NO,PASS,None
20764,22 139736 NNY 18 SA,Under Review ,312452.329000000027008,4846308.567999999970198,Willowdale,NO,NO,PASS,None
20788,25 110064 NNY 16 SA,Under Review ,318476.117000000027474,4841691.339999999850988,Don Valley East,NO,NO,PASS,None
20817,23 126217 NNY 18 OZ,Under Review ,310804.392999999981839,4850365.748999999836087,Willowdale,NO,NO,PASS,None
20820,22 137947 STE 12 SA,Under Review ,312046.777999999991152,4837197.242999999783933,Toronto-St. Paul's,NO,NO,PASS,None
20821,22 177065 NNY 15 SA,Under Review ,314608.420999999972992,4841260.593000000342727,Don Valley West,NO,NO,PASS,None
20822,22 241544 NNY 17 SA,Under Review ,314467.608999999996740,4847186.980000000447035,Don Valley North,NO,NO,PASS,None
20828,20 205133 STE 12 SA,Under Review ,311114.770000000018626,4838150.394000000320375,Toronto-St. Paul's,NO,NO,PASS,None
20832,25 215644 ESC 22 OZ,Under Review ,321090.764000000024680,4848789.069000000134110,Scarborough-Agincourt,NO,NO,PASS,None
20835,25 222153 WET 05 OZ,Under Review ,305895.673000000009779,4838237.031999999657273,York South-Weston,NO,NO,PASS,None
20836,21 230120 STE 09 CD,Under Review ,308389.967000000004191,4837059.044999999925494,Davenport,NO,NO,PASS,None
20840,25 153975 NNY 18 SA,Under Review ,312189.940999999991618,4846327.387000000104308,Willowdale,NO,NO,PASS,None
20849,22 175915 STE 04 OZ,Under Review ,308665.483999999996740,4834770.791000000201166,Parkdale-High Park,NO,NO,PASS,None
20850,22 175915 STE 04 OZ,Under Review ,308927.983000000007451,4834744.059000000357628,Parkdale-High Park,NO,NO,PASS,None
20856,21 247616 ESC 25 SB,Under Review ,331818.146000000007916,4851777.979000000283122,Scarborough-Rouge Park,NO,NO,PASS,None
20871,12 112660 NNY 16 SA,Under Review ,310889.371999999973923,4840336.497999999672174,Eglinton-Lawrence,NO,NO,PASS,None
20910,23 165545 ESC 24 SA,Under Review ,325075.417000000015832,4847942.872000000439584,Scarborough-Guildwood,NO,NO,PASS,None
20913,25 125834 STE 12 SA,Under Review ,313515.478999999992084,4840661.760999999940395,Toronto-St. Paul's,NO,NO,PASS,None
20943,21 225289 STE 10 SB,Under Review ,313788.908999999985099,4834065.185999999754131,Spadina-Fort York,NO,NO,PASS,None
20945,21 250999 STE 10 SA,Under Review ,310971.326999999990221,4832851.734000000171363,Spadina-Fort York,NO,NO,PASS,None
20951,21 184321 STE 10 SB,Under Review ,313565.935999999986961,4834072.293999999761581,Spadina-Fort York,NO,NO,PASS,None
20953,25 102470 STE 13 SA,Under Review ,314474.789999999979045,4834756.214999999850988,Toronto Centre,NO,NO,PASS,None
20954,21 226317 STE 13 SA,Under Review ,315510.380000000004657,4834433.838000000454485,Toronto Centre,NO,NO,PASS,None
20955,21 235568 NNY 18 CD,Under Review ,313727.005000000004657,4847216.504999999888241,Willowdale,NO,NO,PASS,None
20962,21 221491 ESC 23 SA,Under Review ,323272.803000000014435,4849806.343000000342727,Scarborough North,NO,NO,PASS,None
20964,23 119833 STE 04 SA,Under Review ,308112.880000000004657,4834822.095999999903142,Parkdale-High Park,NO,NO,PASS,None
20965,23 149980 ESC 22 SB,Under Review ,322565.606000000028871,4849170.149000000208616,Scarborough-Agincourt,NO,NO,PASS,None
20976,22 177065 NNY 15 SA,Under Review ,314614.304999999993015,4841262.082000000402331,Don Valley West,NO,NO,PASS,None
20989,25 269493 ESC 23 OZ,Under Review ,323495.396999999997206,4849516.963000000454485,Scarborough North,NO,NO,PASS,None
20990,26 110985 STE 11 CD,Under Review ,313713.469999999972060,4836605.105000000447035,University-Rosedale,NO,NO,PASS,None
21009,25 187032 ESC 20 SA,Under Review ,327518.574000000022352,4843823.325000000186265,Scarborough Southwest,NO,NO,PASS,None
21013,21 231206 NNY 08 SA,Under Review ,311420.313000000023749,4842722.040000000037253,Eglinton-Lawrence,NO,NO,PASS,None
21019,24 252705 STE 14 SA,Under Review ,317523.229999999981374,4836318.201000000350177,Toronto-Danforth,NO,NO,PASS,None
21026,26 182453 NNY 06 SA,Under Review ,306569.148999999975786,4847090.969999999739230,York Centre,NO,NO,PASS,None
21034,23 181130 ESC 24 SA,Under Review ,324820.548000000009779,4848266.133999999612570,Scarborough-Guildwood,NO,NO,PASS,None
21035,23 146160 NNY 15 SA,Under Review ,312769.250000000000000,4842043.640999999828637,Don Valley West,NO,NO,PASS,None
21045,22 136574 STE 09 SA,Under Review ,308389.967000000004191,4837059.044999999925494,Davenport,NO,NO,PASS,None
21051,21 124972 NNY 18 SA,Under Review ,310290.586000000010245,4848319.180999999865890,Willowdale,NO,NO,PASS,None
21054,20 193801 STE 12 SA,Under Review ,313573.254000000015367,4839601.771999999880791,Toronto-St. Paul's,NO,NO,PASS,None
21062,23 141711 STE 14 SA,Under Review ,318698.630000000004657,4836563.679999999701977,Toronto-Danforth,NO,NO,PASS,None
21064,16 209876 ESC 44 OZ,Under Review ,330193.874000000010710,4849102.691999999806285,Scarborough-Rouge Park,NO,NO,PASS,None
21069,21 234491 STE 13 SB,Under Review ,314028.086999999999534,4836180.773000000044703,Toronto Centre,NO,NO,PASS,None
21072,25 252700 WET 05 SA,Under Review ,302124.260999999998603,4840595.802000000141561,York South-Weston,NO,NO,PASS,None
21094,24 237031 STE 13 SA,Under Review ,314091.043000000005122,4835800.508000000379980,Toronto Centre,NO,NO,PASS,None
21112,22 243062 STE 10 SA,Under Review ,313077.330000000016298,4834012.389000000432134,Spadina-Fort York,NO,NO,PASS,None
21121,18 202629 ESC 39 SA,Under Review ,322244.179999999993015,4849221.067999999970198,Scarborough-Agincourt,NO,NO,PASS,None
21131,21 251865 STE 04 SA,Under Review ,306533.819000000017695,4835936.105000000447035,Parkdale-High Park,NO,NO,PASS,None
21132,22 124213 STE 13 SA,Under Review ,315070.270000000018626,4835109.364000000059605,Toronto Centre,NO,NO,PASS,None
21145,20 224484 ESC 20 SA,Under Review ,322978.096000000019558,4842036.058000000193715,Scarborough Southwest,NO,NO,PASS,None
21156,25 263781 STE 12 OZ,Under Review ,313525.015000000013970,4840870.962000000290573,Toronto-St. Paul's,NO,NO,PASS,None
21199,21 230439 STE 11 SA,Under Review ,313619.961000000010245,4838162.916000000201166,University-Rosedale,NO,NO,PASS,None
21213,22 170531 NNY 08 OZ,Under Review ,312824.476000000024214,4840846.696999999694526,Eglinton-Lawrence,NO,NO,PASS,None
21221,19 243731 STE 13 SA,Under Review ,316301.629000000015367,4835311.163999999873340,Toronto Centre,NO,NO,PASS,None
21223,21 226522 STE 12 SB,Under Review ,313309.847999999998137,4838574.359000000171363,Toronto-St. Paul's,NO,NO,PASS,None
21228,21 211396 NNY 17 SB,Under Review ,316892.718999999982771,4848280.297000000253320,Don Valley North,NO,NO,PASS,None
21231,19 234471 ESC 23 SA,Under Review ,322514.264000000024680,4852025.957000000402331,Scarborough North,NO,NO,PASS,None
21246,21 211696 STE 12 SA,Under Review ,313336.027000000001863,4838302.401999999769032,Toronto-St. Paul's,NO,NO,PASS,None
21248,25 250965 NNY 08 SA,Under Review ,309509.629000000015367,4840543.292999999597669,Eglinton-Lawrence,NO,NO,PASS,None
21254,20 219229 ESC 20 OZ,Under Review ,327131.721000000019558,4843625.604000000283122,Scarborough Southwest,NO,NO,PASS,None
21257,17 112623 NNY 15 SB,Under Review ,309486.045999999972992,4842414.644999999552965,Eglinton-Lawrence,NO,NO,PASS,None
21258,17 112623 NNY 15 SB,Under Review ,309477.293999999994412,4842467.131000000052154,Eglinton-Lawrence,NO,NO,PASS,None
21259,17 112623 NNY 15 SB,Under Review ,309380.032000000006519,4842340.495000000111759,Eglinton-Lawrence,NO,NO,PASS,None
21260,17 112623 NNY 15 SB,Under Review ,309293.416000000026543,4842349.125000000000000,Eglinton-Lawrence,NO,NO,PASS,None
21262,17 112623 NNY 15 SB,Under Review ,309556.016999999992549,4842490.622999999672174,Eglinton-Lawrence,NO,NO,PASS,None
21264,23 117892 WET 05 PL,Under Review ,304841.429999999993015,4838783.576000000350177,York South-Weston,NO,NO,PASS,None
21266,25 257728 NNY 16 PL,Under Review ,317541.058000000019092,4842310.622999999672174,Don Valley East,NO,NO,PASS,None
21272,25 141826 NNY 08 OZ,Under Review ,309574.723999999987427,4840457.405000000260770,Eglinton-Lawrence,NO,NO,PASS,None
21273,25 173237 STE 12 OZ,Under Review ,309558.875999999989290,4839019.417000000365078,Toronto-St. Paul's,NO,NO,PASS,None
21274,25 158283 STE 10 SA,Under Review ,313672.496999999973923,4833487.029000000096858,Spadina-Fort York,NO,NO,PASS,None
21275,26 160909 STE 09 OZ,Under Review ,309028.446999999985565,4835558.263000000268221,Davenport,NO,NO,PASS,None
21276,21 230126 STE 13 CD,Under Review ,315282.610999999975320,4834156.037999999709427,Toronto Centre,NO,NO,PASS,None
21293,21 252432 ESC 24 SA,Under Review ,324899.642999999981839,4848450.639999999664724,Scarborough-Guildwood,NO,NO,PASS,None
21296,22 130742 WET 05 SA,Under Review ,305573.079000000027008,4838996.411999999545515,York South-Weston,NO,NO,PASS,None
21301,22 141897 STE 14 SA,Under Review ,318834.858000000007451,4835645.202999999746680,Toronto-Danforth,NO,NO,PASS,None
21302,21 249622 NNY 17 SA,Under Review ,316892.718999999982771,4848280.297000000253320,Don Valley North,NO,NO,PASS,None
21310,26 150475 NNY 16 OZ,Under Review ,318049.875000000000000,4842390.150999999605119,Don Valley East,NO,NO,PASS,None
21319,22 204654 STE 10 SA,Under Review ,313915.093999999982771,4834783.269000000320375,Spadina-Fort York,NO,NO,PASS,None
21321,25 214093 WET 05 OZ,Under Review ,305454.239000000001397,4839002.266999999992549,York South-Weston,NO,NO,PASS,None
21346,22 139297 STE 13 SA,Under Review ,315147.721000000019558,4836236.530000000260770,Toronto Centre,NO,NO,PASS,None
21347,21 249220 STE 04 CD,Under Review ,310409.021999999997206,4833402.742999999783933,Parkdale-High Park,NO,NO,PASS,None
21348,20 161832 STE 12 SA,Under Review ,313402.867000000027474,4838291.993999999947846,Toronto-St. Paul's,NO,NO,PASS,None
21357,23 165553 ESC 24 SA,Under Review ,325075.417000000015832,4847942.872000000439584,Scarborough-Guildwood,NO,NO,PASS,None
21378,22 140335 NNY 18 SA,Under Review ,311467.749000000010710,4850026.881000000052154,Willowdale,NO,NO,PASS,None
21404,21 234394 STE 14 SB,Under Review ,316980.994999999995343,4835041.567999999970198,Toronto-Danforth,NO,NO,PASS,None
21441,23 165549 ESC 24 SA,Under Review ,325075.417000000015832,4847942.872000000439584,Scarborough-Guildwood,NO,NO,PASS,None
21442,24 231270 STE 14 SA,Under Review ,317345.358000000007451,4837494.063000000081956,Toronto-Danforth,NO,NO,PASS,None
21443,25 257737 NNY 16 CD,Under Review ,317541.058000000019092,4842310.622999999672174,Don Valley East,NO,NO,PASS,None
21445,25 267189 WET 05 OZ,Under Review ,303239.256999999983236,4839867.557000000029802,York South-Weston,NO,NO,PASS,None
21461,21 199636 STE 14 OZ,Under Review ,316236.212999999988824,4836977.290000000037253,Toronto-Danforth,NO,NO,PASS,None
21466,21 233477 STE 10 CD,Under Review ,312952.552000000025146,4833766.338999999687076,Spadina-Fort York,NO,NO,PASS,None
21469,24 189719 NNY 18 SA,Under Review ,313764.208999999973457,4847140.593999999575317,Willowdale,NO,NO,PASS,None
21470,24 248249 NNY 08 SA,Under Review ,311736.401000000012573,4842048.820000000298023,Eglinton-Lawrence,NO,NO,PASS,None
21476,17 231670 ESC 41 SB,Under Review ,322946.298000000009779,4849461.486999999731779,Scarborough North,NO,NO,PASS,None
21477,21 166710 STE 10 SA,Under Review ,313945.764000000024680,4833977.167000000365078,Spadina-Fort York,NO,NO,PASS,None
21478,22 225962 NNY 15 SA,Under Review ,314608.163000000000466,4840971.986999999731779,Don Valley West,NO,NO,PASS,None
21492,26 205907 ESC 25 OZ,Application Received,330577.673999999999069,4854094.415000000037253,Scarborough-Rouge Park,NO,NO,PASS,None
21506,20 193551 NNY 17 OZ,Under Review ,316892.718999999982771,4848280.297000000253320,Don Valley North,NO,NO,PASS,None
21507,24 219198 STE 13 SA,Under Review ,314343.235999999975320,4836043.150000000372529,Toronto Centre,NO,NO,PASS,None
21509,25 166443 STE 11 OZ,Under Review ,313631.849999999976717,4837532.321000000461936,University-Rosedale,NO,NO,PASS,None
21517,25 246260 WET 01 OZ,Under Review ,296270.946999999985565,4840789.166000000201166,Etobicoke North,NO,NO,PASS,None
21533,20 232714 STE 12 OZ,Under Review ,312960.585000000020955,4840458.768000000156462,Toronto-St. Paul's,NO,NO,PASS,None
21566,21 235115 STE 10 SB,Under Review ,313412.012999999977183,4833478.678999999538064,Spadina-Fort York,NO,NO,PASS,None
21597,21 225292 STE 10 SA,Under Review ,313788.908999999985099,4834065.185999999754131,Spadina-Fort York,NO,NO,PASS,None
21600,25 222153 WET 05 OZ,Under Review ,305899.178000000014435,4838231.667999999597669,York South-Weston,NO,NO,PASS,None
21608,21 203254 STE 13 SA,Under Review ,314119.586000000010245,4835743.402999999932945,Toronto Centre,NO,NO,PASS,None
21617,22 170530 NNY 08 SA,Under Review ,312824.476000000024214,4840846.696999999694526,Eglinton-Lawrence,NO,NO,PASS,None
21621,21 250827 STE 10 SA,Under Review ,312587.646000000007916,4833819.694000000134110,Spadina-Fort York,NO,NO,PASS,None
21624,23 165547 ESC 24 SB,Under Review ,325075.417000000015832,4847942.872000000439584,Scarborough-Guildwood,NO,NO,PASS,None
21625,21 206417 STE 14 SB,Under Review ,316236.212999999988824,4836977.290000000037253,Toronto-Danforth,NO,NO,PASS,None
21627,22 139825 WET 03 SA,Under Review ,302498.829000000027008,4834186.548000000417233,Etobicoke-Lakeshore,NO,NO,PASS,None
21638,21 205323 NNY 08 SA,Under Review ,309284.423000000009779,4840650.105999999679625,Eglinton-Lawrence,NO,NO,PASS,None
21644,22 242145 STE 12 OZ,Under Review ,312960.585000000020955,4840458.768000000156462,Toronto-St. Paul's,NO,NO,PASS,None
21649,21 232299 NNY 18 SB,Under Review ,311958.603000000002794,4846545.625000000000000,Willowdale,NO,NO,PASS,None
21650,21 252112 NNY 18 SA,Under Review ,313727.005000000004657,4847216.504999999888241,Willowdale,NO,NO,PASS,None
21651,26 121464 NNY 18 SA,Under Review ,313221.875000000000000,4850578.560999999754131,Willowdale,NO,NO,PASS,None
21652,25 239940 STE 13 OZ,Under Review ,314948.087999999988824,4835243.646999999880791,Toronto Centre,NO,NO,PASS,None
21661,21 226321 STE 13 SB,Under Review ,315510.380000000004657,4834433.838000000454485,Toronto Centre,NO,NO,PASS,None
21663,26 161475 STE 14 SB,Under Review ,317041.681999999971595,4834051.401999999769032,Toronto-Danforth,NO,NO,PASS,None
21675,24 235912 NNY 08 SB,Under Review ,307705.363000000012107,4839388.273000000044703,Eglinton-Lawrence,NO,NO,PASS,None
21688,22 139888 STE 11 SA,Under Review ,313631.849999999976717,4837532.321000000461936,University-Rosedale,NO,NO,PASS,None
21689,22 201238 STE 10 SA,Under Review ,312902.288000000000466,4833352.633999999612570,Spadina-Fort York,NO,NO,PASS,None
21690,22 234887 NNY 06 OZ,Under Review ,308172.650000000023283,4843071.423000000417233,York Centre,NO,NO,PASS,None
21691,25 102468 STE 13 OZ,Under Review ,314474.789999999979045,4834756.214999999850988,Toronto Centre,NO,NO,PASS,None
21699,21 233900 STE 13 CD,Under Review ,314236.005000000004657,4835835.390999999828637,Toronto Centre,NO,NO,PASS,None
21703,21 251322 NNY 18 SA,Under Review ,312279.254000000015367,4846353.925999999977648,Willowdale,NO,NO,PASS,None
21705,25 189579 ESC 21 OZ,Application Received,320795.509000000020023,4847364.692999999970198,Scarborough Centre,NO,NO,PASS,None
21706,10 192817 ESC 42 SA,Under Review ,329106.677000000025146,4853408.652999999932945,Scarborough-Rouge Park,NO,NO,PASS,None
21714,21 232455 NNY 15 SB,Under Review ,313108.398999999975786,4840978.094999999739230,Don Valley West,NO,NO,PASS,None
21715,23 172397 ESC 21 SB,Under Review ,320727.463999999978114,4842782.690000000409782,Scarborough Centre,NO,NO,PASS,None
21746,23 110492 STE 13 SA,Under Review ,314507.242000000027474,4835461.322999999858439,Toronto Centre,NO,NO,PASS,None
21748,24 252497 NNY 15 OZ,Under Review ,314875.049999999988358,4841120.095999999903142,Don Valley West,NO,NO,PASS,None
21749,25 222153 WET 05 OZ,Under Review ,305888.164999999979045,4838237.779000000096858,York South-Weston,NO,NO,PASS,None
21755,23 186575 STE 13 SA,Under Review ,315615.673999999999069,4834654.497999999672174,Toronto Centre,NO,NO,PASS,None
21756,25 147830 WET 03 OZ,Under Review ,304930.353000000002794,4830508.773000000044703,Etobicoke-Lakeshore,NO,NO,PASS,None
21765,26 131938 ESC 22 OZ,Under Review ,321135.299999999988358,4848803.787999999709427,Scarborough-Agincourt,NO,NO,PASS,None
21779,23 128433 ESC 21 OZ,Under Review ,320795.509000000020023,4847364.692999999970198,Scarborough Centre,NO,NO,PASS,None
21781,24 129384 NNY 17 SA,Under Review ,314865.906000000017229,4847691.211000000126660,Don Valley North,NO,NO,PASS,None
21782,21 234095 WET 03 SB,Under Review ,301707.708999999973457,4833147.661000000312924,Etobicoke-Lakeshore,NO,NO,PASS,None
21817,24 118466 NNY 08 OZ,Under Review ,309948.841000000014901,4841702.219999999739230,Eglinton-Lawrence,NO,NO,PASS,None
21819,25 159447 STE 10 CD,Under Review ,312961.054000000003725,4833625.001000000163913,Spadina-Fort York,NO,NO,PASS,None
21821,24 237031 STE 13 SA,Under Review ,314092.335000000020955,4835828.424999999813735,Toronto Centre,NO,NO,PASS,None
21824,21 213475 STE 12 SA,Under Review ,311195.358000000007451,4838208.123999999836087,Toronto-St. Paul's,NO,NO,PASS,None
21831,21 231950 NNY 08 CD,Under Review ,312579.130999999993946,4842894.082999999634922,Eglinton-Lawrence,NO,NO,PASS,None
21856,26 161475 STE 14 SB,Under Review ,316753.945999999996275,4834024.719999999739230,Toronto-Danforth,NO,NO,PASS,None
21865,23 184424 WET 07 SA,Under Review ,303401.180999999982305,4846122.980000000447035,Humber River-Black Creek,NO,NO,PASS,None
21866,23 184495 NNY 18 CD,Under Review ,311995.615999999979977,4845766.718000000342727,Willowdale,NO,NO,PASS,None
21870,21 217174 STE 11 SB,Under Review ,313638.759000000020023,4836443.697999999858439,University-Rosedale,NO,NO,PASS,None
21883,26 101764 ESC 24 SA,Under Review ,325756.309999999997672,4847196.629999999888241,Scarborough-Guildwood,NO,NO,PASS,None
21887,26 166459 STE 13 SA,Under Review ,314347.380999999993946,4835290.418999999761581,Toronto Centre,NO,NO,PASS,None
21891,25 174797 NNY 18 SA,Under Review ,311279.793000000005122,4848749.007000000216067,Willowdale,NO,NO,PASS,None
21909,25 242829 STE 13 SA,Under Review ,316217.255000000004657,4834759.802000000141561,Toronto Centre,NO,NO,PASS,None
21910,25 242829 STE 13 SA,Under Review ,316223.050999999977648,4834740.862999999895692,Toronto Centre,NO,NO,PASS,None
21911,26 151476 ESC 20 OZ,Under Review ,323336.142999999981839,4843313.637000000104308,Scarborough Southwest,NO,NO,PASS,None
21917,21 226522 STE 12 SB,Under Review ,313359.731000000028871,4838686.086000000126660,Toronto-St. Paul's,NO,NO,PASS,None
21926,23 184502 NNY 18 PL,Under Review ,311995.615999999979977,4845766.718000000342727,Willowdale,NO,NO,PASS,None
21954,25 269514 ESC 25 SA,Under Review ,332173.229999999981374,4847084.093000000342727,Scarborough-Rouge Park,NO,NO,PASS,None
21958,25 186155 ESC 21 SB,Under Review ,320795.509000000020023,4847364.692999999970198,Scarborough Centre,NO,NO,PASS,None
21967,25 210259 STE 04 SA,Under Review ,307482.670999999972992,4834617.046000000089407,Parkdale-High Park,NO,NO,PASS,None
21969,26 107153 ESC 23 SA,Under Review ,325380.244999999995343,4852252.581000000238419,Scarborough North,NO,NO,PASS,None
21972,21 220130 WET 05 CD,Under Review ,307569.504000000015367,4836649.571000000461936,York South-Weston,NO,NO,PASS,None
21974,22 138740 STE 10 OZ,Under Review ,313200.340000000025611,4833745.110000000335276,Spadina-Fort York,NO,NO,PASS,None
21976,21 214202 STE 11 CD,Under Review ,314367.994999999995343,4836965.950000000186265,University-Rosedale,NO,NO,PASS,None
22012,22 227327 WET 02 SA,Under Review ,299358.134000000020023,4834959.557000000029802,Etobicoke Centre,NO,NO,PASS,None
22018,26 157132 STE 12 SA,Under Review ,312568.055999999982305,4838831.251000000163913,Toronto-St. Paul's,NO,NO,PASS,None
22021,23 172335 ESC 21 OZ,Under Review,320727.463999999978114,4842782.690000000409782,Scarborough Centre,NO,NO,PASS,None
22042,22 180773 STE 12 SA,Under Review ,313606.737000000022817,4840458.285000000149012,Toronto-St. Paul's,NO,NO,PASS,None
22043,22 180773 STE 12 SA,Under Review ,313672.556999999971595,4840483.533999999985099,Toronto-St. Paul's,NO,NO,PASS,None
22045,19 172019 WET 01 SA,Under Review ,297276.707999999984168,4844382.637000000104308,Etobicoke North,NO,NO,PASS,None
22048,21 111990 STE 10 SA,Under Review ,313867.163999999989755,4834043.126000000163913,Spadina-Fort York,NO,NO,PASS,None
22049,21 234244 NNY 08 CD,Under Review ,312861.804000000003725,4840526.234000000171363,Eglinton-Lawrence,NO,NO,PASS,None
22058,21 235357 STE 12 SA,Under Review ,313043.054999999993015,4839920.211000000126660,Toronto-St. Paul's,NO,NO,PASS,None
22059,22 177065 NNY 15 SA,Under Review ,314633.205000000016298,4841268.308000000193715,Don Valley West,NO,NO,PASS,None
22060,22 177065 NNY 15 SA,Under Review ,314595.635999999998603,4841257.002000000327826,Don Valley West,NO,NO,PASS,None
22078,22 227391 WET 03 SA,Under Review ,302366.467999999993481,4828112.043999999761581,Etobicoke-Lakeshore,NO,NO,PASS,None
22085,12 154597 STE 20 SA,Under Review ,313890.913000000000466,4833412.242999999783933,Spadina-Fort York,NO,NO,PASS,None
22101,21 219409 STE 12 SA,Under Review ,312562.881999999983236,4838229.876000000163913,Toronto-St. Paul's,NO,NO,PASS,None
22103,22 188062 STE 09 OZ,Under Review ,309365.657999999995809,4835076.660000000149012,Davenport,NO,NO,PASS,None
22104,22 227434 STE 13 SA,Under Review ,314523.460000000020955,4835391.978000000119209,Toronto Centre,NO,NO,PASS,None
22105,23 173464 ESC 21 SA,Under Review ,325223.640000000013970,4845897.684999999590218,Scarborough Centre,NO,NO,PASS,None
22117,21 182023 WET 05 SB,Under Review ,307640.228999999992084,4836227.002999999560416,York South-Weston,NO,NO,PASS,None
22153,21 234394 STE 14 SB,Under Review ,316971.885999999998603,4835034.951000000350177,Toronto-Danforth,NO,NO,PASS,None
22154,21 234394 STE 14 SB,Under Review ,316976.609999999986030,4835056.951000000350177,Toronto-Danforth,NO,NO,PASS,None
22155,21 234394 STE 14 SB,Under Review ,317035.300999999977648,4835030.207000000402331,Toronto-Danforth,NO,NO,PASS,None
22159,25 173237 STE 12 OZ,Under Review ,309587.806999999971595,4839015.474999999627471,Toronto-St. Paul's,NO,NO,PASS,None
22166,21 176811 WET 05 SA,Under Review ,307569.504000000015367,4836649.571000000461936,York South-Weston,NO,NO,PASS,None
22167,21 176811 WET 05 SA,Under Review ,307520.170999999972992,4836702.799999999813735,York South-Weston,NO,NO,PASS,None
22168,21 109942 ESC 25 SA,Under Review ,331298.438000000023749,4851909.065000000409782,Scarborough-Rouge Park,NO,NO,PASS,None
22196,22 138407 STE 10 SA,Under Review ,316103.550999999977648,4834012.343000000342727,Spadina-Fort York,NO,NO,PASS,None
22199,19 149040 NNY 18 SA,Application Received,309387.955000000016298,4850048.033999999985099,Willowdale,NO,NO,PASS,None
22202,21 234718 STE 14 SB,Under Review ,316635.168999999994412,4833858.276999999769032,Toronto-Danforth,NO,NO,PASS,None
22203,26 128711 WET 07 SA,Under Review ,299299.858999999996740,4846469.076999999582767,Humber River-Black Creek,NO,NO,PASS,None
22204,22 175757 NNY 06 SA,Under Review ,309084.555999999982305,4845798.093999999575317,York Centre,NO,NO,PASS,None
22213,25 144345 WET 07 SA,Under Review ,299742.782000000006519,4845014.809999999590218,Humber River-Black Creek,NO,NO,PASS,None
22214,25 269673 NNY 08 OZ,Under Review ,312820.810999999986961,4840876.275000000372529,Eglinton-Lawrence,NO,NO,PASS,None
22222,21 120368 STE 12 SA,Under Review ,311754.641999999992549,4840160.697999999858439,Toronto-St. Paul's,NO,NO,PASS,None
22226,25 186189 STE 09 SA,Under Review ,310420.500000000000000,4833701.299999999813735,Davenport,NO,NO,PASS,None
22227,25 262812 STE 10 OZ,Under Review ,313464.059999999997672,4834396.282999999821186,Spadina-Fort York,NO,NO,PASS,None
22228,22 241863 STE 13 SA,Under Review ,313999.744000000006054,4836127.894999999552965,Toronto Centre,NO,NO,PASS,None
22249,23 227285 ESC 24 SA,Under Review ,326194.033999999985099,4848730.660000000149012,Scarborough-Guildwood,NO,NO,PASS,None
22254,25 125038 NNY 17 SA,Under Review ,313900.295999999972992,4847108.014000000432134,Don Valley North,NO,NO,PASS,None
22288,26 115551 ESC 24 OZ,Under Review ,325902.896999999997206,4847005.724000000394881,Scarborough-Guildwood,NO,NO,PASS,None
22305,25 185206 ESC 22 OZ,Under Review ,321812.365999999979977,4848940.348000000230968,Scarborough-Agincourt,NO,NO,PASS,None
22349,22 226874 STE 19 SA,Under Review ,320813.854999999981374,4841960.013000000268221,Beaches-East York,NO,NO,PASS,None
22365,22 132571 NNY 15 SA,Under Review ,313108.398999999975786,4840978.094999999739230,Don Valley West,NO,NO,PASS,None
22368,22 138739 STE 10 SA,Under Review ,313200.340000000025611,4833745.110000000335276,Spadina-Fort York,NO,NO,PASS,None
22369,22 137869 STE 12 SA,Under Review ,313512.949000000022352,4837761.202999999746680,Toronto-St. Paul's,NO,NO,PASS,None
22375,17 112623 NNY 15 SB,Under Review ,309435.756999999983236,4842333.986999999731779,Eglinton-Lawrence,NO,NO,PASS,None
22376,17 112623 NNY 15 SB,Under Review ,309406.878000000026077,4842335.207000000402331,Eglinton-Lawrence,NO,NO,PASS,None
22377,17 112623 NNY 15 SB,Under Review ,309364.168999999994412,4842338.866999999620020,Eglinton-Lawrence,NO,NO,PASS,None
22378,17 112623 NNY 15 SB,Under Review ,309229.963999999978114,4842378.819000000134110,Eglinton-Lawrence,NO,NO,PASS,None
22384,19 265056 NNY 17 SA,Under Review ,314865.906000000017229,4847691.211000000126660,Don Valley North,NO,NO,PASS,None
22388,21 203254 STE 13 SA,Under Review ,314121.211000000010245,4835738.850999999791384,Toronto Centre,NO,NO,PASS,None
22393,22 120573 NNY 15 PL,Under Review ,315825.244999999995343,4841325.160000000149012,Don Valley West,NO,NO,PASS,None
22395,26 147400 WET 05 OZ,Under Review ,304077.809999999997672,4839515.836000000126660,York South-Weston,NO,NO,PASS,None
22401,19 237185 WET 05 OZ,Under Review ,306442.180999999982305,4840772.807000000029802,York South-Weston,NO,NO,PASS,None
22402,22 170570 NNY 15 SA,Under Review ,312737.341000000014901,4842862.141999999992549,Don Valley West,NO,NO,PASS,None
22404,22 107364 WET 01 SA,Under Review ,295081.239999999990687,4843858.179999999701977,Etobicoke North,NO,NO,PASS,None
22410,21 188693 WET 05 OZ,Under Review ,304051.148999999975786,4839473.213000000454485,York South-Weston,NO,NO,PASS,None
22411,22 140335 NNY 18 SA,Under Review ,311459.678000000014435,4850022.605999999679625,Willowdale,NO,NO,PASS,None
22415,21 232282 STE 10 CD,Under Review ,313796.778999999980442,4833918.450000000186265,Spadina-Fort York,NO,NO,PASS,None
22417,17 112623 NNY 15 SB,Under Review ,309573.965000000025611,4842428.548000000417233,Eglinton-Lawrence,NO,NO,PASS,None
22421,22 137869 STE 12 SA,Under Review ,313514.352000000013504,4837730.000000000000000,Toronto-St. Paul's,NO,NO,PASS,None
22431,25 185149 ESC 22 SB,Under Review ,321812.365999999979977,4848940.348000000230968,Scarborough-Agincourt,NO,NO,PASS,None
22458,20 211719 STE 11 SA,Under Review ,313673.564000000013039,4834768.934000000357628,University-Rosedale,NO,NO,PASS,None
22460,21 251435 STE 10 SA,Under Review ,311897.419999999983702,4833433.308000000193715,Spadina-Fort York,NO,NO,PASS,None
22463,22 221795 STE 14 OZ,Under Review ,319508.592999999993481,4836057.206000000238419,Toronto-Danforth,NO,NO,PASS,None
22485,22 119495 ESC 24 OZ,Under Review ,324831.935999999986961,4847894.398000000044703,Scarborough-Guildwood,NO,NO,PASS,None
22489,26 149609 WET 05 SA,Application Received,305290.829000000027008,4838473.957000000402331,York South-Weston,NO,NO,PASS,None
22491,21 235160 STE 13 SB,Under Review ,315755.375999999989290,4834791.497000000439584,Toronto Centre,NO,NO,PASS,None
22496,25 149980 NNY 08 SA,Under Review ,309432.889000000024680,4840630.224999999627471,Eglinton-Lawrence,NO,NO,PASS,None
22518,21 235119 NNY 18 CD,Under Review ,312279.254000000015367,4846353.925999999977648,Willowdale,NO,NO,PASS,None
22519,22 193935 STE 12 SA,Under Review ,313109.945999999996275,4840030.959999999962747,Toronto-St. Paul's,NO,NO,PASS,None
22531,26 168379 NNY 18 OZ,Under Review ,311279.793000000005122,4848749.007000000216067,Willowdale,NO,NO,PASS,None
22539,26 110385 NNY 15 SA,Application Received,314071.048999999999069,4845665.371000000275671,Don Valley West,NO,NO,PASS,None
22545,19 263722 ESC 24 SA,Under Review ,329257.305999999982305,4847139.553000000305474,Scarborough-Guildwood,NO,NO,PASS,None
22546,26 131356 STE 11 SA,Under Review ,313465.520000000018626,4835346.455000000074506,University-Rosedale,NO,NO,PASS,None
22547,25 233775 ESC 24 SA,Under Review ,326395.636999999987893,4849062.957999999634922,Scarborough-Guildwood,NO,NO,PASS,None
22564,21 235361 STE 12 SB,Under Review ,313044.575000000011642,4839918.934999999590218,Toronto-St. Paul's,NO,NO,PASS,None
22565,21 235601 NNY 08 CD,Under Review ,309608.521000000007916,4840082.536999999545515,Eglinton-Lawrence,NO,NO,PASS,None
22566,23 129057 NNY 06 SA,Under Review ,306202.707999999984168,4843028.413999999873340,York Centre,NO,NO,PASS,None
22571,25 212659 STE 11 SA,Under Review ,313753.999000000010710,4837627.904000000096858,University-Rosedale,NO,NO,PASS,None
22582,21 235333 STE 11 SB,Under Review ,314356.534999999974389,4834965.000000000000000,University-Rosedale,NO,NO,PASS,None
22585,25 241423 WET 02 SA,Under Review ,302845.532000000006519,4834720.483000000007451,Etobicoke Centre,NO,NO,PASS,None
22586,25 101390 NNY 08 OZ,Under Review ,309197.865999999979977,4841094.603000000119209,Eglinton-Lawrence,NO,NO,PASS,None
22600,22 138768 STE 14 SA,Under Review ,316517.615999999979977,4838526.631000000052154,Toronto-Danforth,NO,NO,PASS,None
22610,22 112137 ESC 21 OZ,Under Review ,320828.666000000026543,4843661.650000000372529,Scarborough Centre,NO,NO,PASS,None
22613,24 227509 NNY 18 SA,Under Review ,310688.876999999978580,4849269.257000000216067,Willowdale,NO,NO,PASS,None
22621,21 242694 NNY 08 CD,Under Review ,309316.836999999999534,4840656.126000000163913,Eglinton-Lawrence,NO,NO,PASS,None
22631,25 239940 STE 13 OZ,Under Review ,314922.310999999986961,4835362.424999999813735,Toronto Centre,NO,NO,PASS,None
22644,26 169961 STE 12 SA,Under Review ,312234.000000000000000,4838439.000000000000000,Toronto-St. Paul's,NO,NO,PASS,None
22653,17 112623 NNY 15 SB,Under Review ,309422.556999999971595,4842401.574000000022352,Eglinton-Lawrence,NO,NO,PASS,None
22681,17 112623 NNY 15 SB,Under Review ,309470.360999999975320,4842334.349000000394881,Eglinton-Lawrence,NO,NO,PASS,None
22682,17 112623 NNY 15 SB,Under Review ,309458.988000000012107,4842268.692999999970198,Eglinton-Lawrence,NO,NO,PASS,None
22683,17 112623 NNY 15 SB,Under Review ,309394.795999999972992,4842293.157999999821186,Eglinton-Lawrence,NO,NO,PASS,None
22684,17 112623 NNY 15 SB,Under Review ,309406.143999999971129,4842292.093000000342727,Eglinton-Lawrence,NO,NO,PASS,None
22685,17 112623 NNY 15 SB,Under Review ,309362.802000000025146,4842377.672000000253320,Eglinton-Lawrence,NO,NO,PASS,None
22697,22 139825 WET 03 SA,Under Review ,302479.391000000003260,4834156.940000000409782,Etobicoke-Lakeshore,NO,NO,PASS,None
22707,26 146635 WET 01 SA,Under Review ,297045.868000000016764,4842184.955000000074506,Etobicoke North,NO,NO,PASS,None
22709,21 231950 NNY 08 CD,Under Review ,312582.065000000002328,4842871.241999999620020,Eglinton-Lawrence,NO,NO,PASS,None
22731,20 114224 NNY 06 OZ,Under Review ,305685.340000000025611,4846846.206000000238419,York Centre,NO,NO,PASS,None
22735,24 242246 NNY 08 OZ,Under Review ,307714.125999999989290,4839429.900000000372529,Eglinton-Lawrence,NO,NO,PASS,None
22740,26 184500 NNY 15 OZ,Under Review ,314467.033999999985099,4840924.186999999918044,Don Valley West,NO,NO,PASS,None
22744,24 142261 ESC 23 OZ,Under Review ,323344.367000000027474,4851943.197999999858439,Scarborough North,NO,NO,PASS,None
22751,23 172397 ESC 21 SB,Under Review ,320998.093999999982771,4842848.979000000283122,Scarborough Centre,NO,NO,PASS,None
22756,20 179871 NNY 06 SA,Under Review ,309002.815999999991618,4849540.586000000126660,York Centre,NO,NO,PASS,None
22766,21 188740 STE 13 SA,Under Review ,313960.990999999979977,4836255.093999999575317,Toronto Centre,NO,NO,PASS,None
22767,21 188740 STE 13 SA,Under Review ,313960.509000000020023,4836259.612999999895692,Toronto Centre,NO,NO,PASS,None
22768,26 186130 NNY 08 OZ,Under Review ,309330.219999999972060,4841083.313000000081956,Eglinton-Lawrence,NO,NO,PASS,None
22779,21 251000 STE 10 SA,Under Review ,310936.750999999989290,4832829.268000000156462,Spadina-Fort York,NO,NO,PASS,None
22781,24 228228 STE 10 OZ,Under Review ,313477.934999999997672,4833104.117999999783933,Spadina-Fort York,NO,NO,PASS,None
22783,26 206628 STE 11 SA,Under Review ,313834.299999999988358,4836577.099999999627471,University-Rosedale,NO,NO,PASS,None
22792,25 180089 NNY 18 SA,Under Review ,313784.489999999990687,4847045.320000000298023,Willowdale,NO,NO,PASS,None
22793,26 167772 STE 13 SA,Under Review ,315553.515000000013970,4835622.235999999567866,Toronto Centre,NO,NO,PASS,None
22796,21 234414 STE 12 CD,Under Review ,313369.972999999998137,4838423.061999999918044,Toronto-St. Paul's,NO,NO,PASS,None
22798,23 179321 NNY 08 SA,Under Review ,312721.539999999979045,4840566.800999999977648,Eglinton-Lawrence,NO,NO,PASS,None
22799,23 179321 NNY 08 SA,Under Review ,312729.619000000006054,4840538.506000000052154,Eglinton-Lawrence,NO,NO,PASS,None
22815,21 124972 NNY 18 SA,Under Review ,310275.886999999987893,4848389.166000000201166,Willowdale,NO,NO,PASS,None
22821,25 242829 STE 13 SA,Under Review ,316269.979999999981374,4834755.798000000417233,Toronto Centre,NO,NO,PASS,None
22831,12 295562 WET 13 SA,Under Review ,304751.726000000024214,4835893.105999999679625,Parkdale-High Park,NO,NO,PASS,None
22849,25 135276 STE 12 SA,Under Review ,313434.430999999982305,4840419.092000000178814,Toronto-St. Paul's,NO,NO,PASS,None
22850,26 120711 STE 19 CD,Under Review ,320747.955000000016298,4838413.766999999992549,Beaches-East York,NO,NO,PASS,None
22871,19 261546 STE 10 SA,Under Review,314639.103999999992084,4833372.020999999716878,Spadina-Fort York,NO,NO,PASS,None
22876,20 114230 NNY 06 SB,Under Review ,305685.340000000025611,4846846.206000000238419,York Centre,NO,NO,PASS,None
22878,21 235285 STE 04 CD,Under Review ,308906.229999999981374,4834470.288999999873340,Parkdale-High Park,NO,NO,PASS,None
22899,21 219447 STE 12 SA,Under Review ,312981.528999999980442,4840735.333999999798834,Toronto-St. Paul's,NO,NO,PASS,None
22900,21 226522 STE 12 SB,Under Review ,313320.629000000015367,4838537.923000000417233,Toronto-St. Paul's,NO,NO,PASS,None
22913,22 138885 STE 11 SA,Under Review ,312469.102000000013504,4836092.983000000007451,University-Rosedale,NO,NO,PASS,None
22929,25 155953 STE 09 OZ,Under Review ,307760.173000000009779,4838961.116000000387430,Davenport,NO,NO,PASS,None
22930,25 173118 NNY 08 OZ,Under Review ,310405.818000000028405,4841955.042999999597669,Eglinton-Lawrence,NO,NO,PASS,None
22934,25 138195 NNY 18 SB,Under Review ,310275.886999999987893,4848389.166000000201166,Willowdale,NO,NO,PASS,None
22945,21 230765 STE 13 CD,Under Review ,315095.890000000013970,4835384.121000000275671,Toronto Centre,NO,NO,PASS,None
22946,21 235160 STE 13 SB,Under Review ,315792.895000000018626,4834823.665000000037253,Toronto Centre,NO,NO,PASS,None
22947,21 250827 STE 10 SA,Under Review ,312591.469999999972060,4833804.320000000298023,Spadina-Fort York,NO,NO,PASS,None
22948,21 250999 STE 10 SA,Under Review ,310936.750999999989290,4832829.268000000156462,Spadina-Fort York,NO,NO,PASS,None
22980,25 137621 NNY 17 SA,Under Review ,316936.766000000003260,4850435.358000000007451,Don Valley North,NO,NO,PASS,None
22981,25 172924 NNY 16 CD,Under Review ,317280.118000000016764,4841872.631000000052154,Don Valley East,NO,NO,PASS,None
22997,22 241863 STE 13 SA,Under Review ,314002.762999999977183,4836132.728000000119209,Toronto Centre,NO,NO,PASS,None
22999,26 204746 NNY 15 OZ,Under Review ,314189.863000000012107,4844899.097000000067055,Don Valley West,NO,NO,PASS,None
23002,22 136574 STE 09 SA,Under Review ,308368.418999999994412,4837159.883000000379980,Davenport,NO,NO,PASS,None
23010,20 212401 ESC 20 SA,Under Review ,323058.132999999972526,4838295.353000000119209,Scarborough Southwest,NO,NO,PASS,None
23018,22 131509 NNY 15 SA,Under Review ,313384.147999999986496,4841115.678999999538064,Don Valley West,NO,NO,PASS,None
23019,22 133815 NNY 15 SA,Under Review ,314522.016000000003260,4840949.456000000238419,Don Valley West,NO,NO,PASS,None
23020,17 277479 ESC 38 SB,Under Review ,324994.265000000013970,4848423.001000000163913,Scarborough-Guildwood,NO,NO,PASS,None
23026,24 219198 STE 13 SA,Under Review ,314343.474999999976717,4836038.976999999955297,Toronto Centre,NO,NO,PASS,None
23045,16 162386 WET 13 SA,Under Review,307637.903999999980442,4835257.009999999776483,Parkdale-High Park,NO,NO,PASS,None
23059,21 176811 WET 05 SA,Under Review ,307521.646000000007916,4836676.440999999642372,York South-Weston,NO,NO,PASS,None
23060,21 184321 STE 10 SB,Under Review ,313539.151000000012573,4834110.256000000052154,Spadina-Fort York,NO,NO,PASS,None
23061,25 102470 STE 13 SA,Under Review ,314471.009000000020023,4834770.178000000305474,Toronto Centre,NO,NO,PASS,None
23077,21 193927 NNY 15 SA,Under Review ,312501.034999999974389,4844725.144999999552965,Don Valley West,NO,NO,PASS,None
23078,22 139083 STE 12 SA,Under Review ,313152.656000000017229,4840692.661999999545515,Toronto-St. Paul's,NO,NO,PASS,None
23079,22 139825 WET 03 SA,Under Review ,302507.993000000016764,4834200.508000000379980,Etobicoke-Lakeshore,NO,NO,PASS,None
23080,22 137231 STE 14 SA,Under Review ,317199.912000000011176,4834949.591000000014901,Toronto-Danforth,NO,NO,PASS,None
23085,26 190856 STE 12 SA,Under Review ,311072.311999999976251,4838146.851999999955297,Toronto-St. Paul's,NO,NO,PASS,None
23086,22 180773 STE 12 SA,Under Review ,313617.304000000003725,4840461.230000000447035,Toronto-St. Paul's,NO,NO,PASS,None
23087,22 191099 NNY 18 OZ,Under Review ,311389.412000000011176,4850453.395999999716878,Willowdale,NO,NO,PASS,None
23114,25 173237 STE 12 OZ,Under Review ,309560.745999999984633,4839002.230000000447035,Toronto-St. Paul's,NO,NO,PASS,None
23116,21 230126 STE 13 CD,Under Review ,315174.717999999993481,4834515.030000000260770,Toronto Centre,NO,NO,PASS,None
23121,20 146692 STE 19 SA,Under Review ,320003.688000000023749,4840714.603000000119209,Beaches-East York,NO,NO,PASS,None
23124,24 203066 ESC 23 SA,Under Review ,325955.916000000026543,4853903.536999999545515,Scarborough North,NO,NO,PASS,None
23126,25 172929 NNY 16 CD,Under Review ,317280.118000000016764,4841872.631000000052154,Don Valley East,NO,NO,PASS,None
23131,12 295562 WET 13 SA,Under Review ,304729.413999999989755,4835878.082999999634922,Parkdale-High Park,NO,NO,PASS,None
23143,18 149707 WET 05 SA,Under Review ,301146.865999999979977,4832191.325000000186265,Etobicoke-Lakeshore,NO,NO,PASS,None
23152,22 175297 WET 02 SA,Under Review ,299872.634000000020023,4832457.974999999627471,Etobicoke Centre,NO,NO,PASS,None
23167,21 234491 STE 13 SB,Under Review ,314016.151000000012573,4836166.161999999545515,Toronto Centre,NO,NO,PASS,None
23168,21 234491 STE 13 SB,Under Review ,314026.435999999986961,4836186.349000000394881,Toronto Centre,NO,NO,PASS,None
23169,21 234491 STE 13 SB,Under Review ,314053.092000000004191,4836175.190000000409782,Toronto Centre,NO,NO,PASS,None
23184,25 257728 NNY 16 PL,Under Review ,317280.118000000016764,4841872.631000000052154,Don Valley East,NO,NO,PASS,None
23192,23 158820 ESC 20 SA,Under Review ,323753.840000000025611,4838787.213000000454485,Scarborough Southwest,NO,NO,PASS,None
23213,22 138885 STE 11 SA,Under Review ,312498.570999999996275,4836128.053000000305474,University-Rosedale,NO,NO,PASS,None
23217,21 235904 STE 13 SB,Under Review ,314336.646999999997206,4835992.241000000387430,Toronto Centre,NO,NO,PASS,None
23222,21 119572 NNY 06 SB,Under Review ,305878.132999999972526,4845048.065999999642372,York Centre,NO,NO,PASS,None
23242,21 172862 WET 03 SB,Under Review ,305254.053000000014435,4830870.677000000141561,Etobicoke-Lakeshore,NO,NO,PASS,None
23279,26 205188 NNY 17 OZ,Under Review ,318771.447999999974854,4848118.186999999918044,Don Valley North,NO,NO,PASS,None
23280,25 101390 NNY 08 OZ,Under Review ,309184.704000000027008,4841123.759999999776483,Eglinton-Lawrence,NO,NO,PASS,None
23286,23 174343 WET 05 SA,Under Review ,305406.291000000026543,4838565.864000000059605,York South-Weston,NO,NO,PASS,None
23291,16 209876 ESC 44 OZ,Under Review ,329499.211999999999534,4849450.726999999955297,Scarborough-Rouge Park,NO,YES,FAIL,Wetland
23292,16 209876 ESC 44 OZ,Under Review ,330166.531000000017229,4849592.832999999634922,Scarborough-Rouge Park,NO,NO,PASS,None
23306,26 185171 NNY 17 OZ,Under Review ,313600.038999999989755,4848574.844999999739230,Don Valley North,NO,NO,PASS,None
23324,23 172335 ESC 21 OZ,Under Review,320780.077999999979511,4842809.099999999627471,Scarborough Centre,NO,NO,PASS,None
23326,22 170530 NNY 08 SA,Under Review ,312786.863000000012107,4840833.655000000260770,Eglinton-Lawrence,NO,NO,PASS,None
23330,22 128941 STE 19 SA,Under Review ,320550.322999999974854,4836083.484000000171363,Beaches-East York,NO,NO,PASS,None
23335,18 202629 ESC 39 SA,Under Review ,322219.579000000027008,4849200.611999999731779,Scarborough-Agincourt,YES,NO,FAIL,Watercourse
23352,25 172918 NNY 16 CD,Under Review ,317280.118000000016764,4841872.631000000052154,Don Valley East,NO,NO,PASS,None
23356,24 237031 STE 13 SA,Under Review ,314097.726000000024214,4835818.422000000253320,Toronto Centre,NO,NO,PASS,None
23365,18 155186 STE 30 SA,Under Review ,316544.371999999973923,4835905.027999999932945,Toronto-Danforth,NO,NO,PASS,None
23367,20 150180 STE 10 SA,Under Review ,315521.913000000000466,4833677.427000000141561,Spadina-Fort York,NO,NO,PASS,None
23385,14 251956 WET 07 SA,Under Review ,302684.283999999985099,4841716.610999999567866,Humber River-Black Creek,NO,NO,PASS,None
23404,18 171352 NNY 23 SA,Under Review ,311507.418000000005122,4848162.976999999955297,Willowdale,NO,NO,PASS,None
23416,21 234931 STE 11 SB,Under Review ,314218.816999999980908,4835172.519999999552965,University-Rosedale,NO,NO,PASS,None
23420,24 123437 ESC 22 SB,Under Review ,320855.142999999981839,4851711.418999999761581,Scarborough-Agincourt,NO,NO,PASS,None
23424,21 230120 STE 09 CD,Under Review ,308376.869999999995343,4837131.951999999582767,Davenport,NO,NO,PASS,None
23428,26 161475 STE 14 SB,Under Review ,317184.716000000014901,4834045.658999999985099,Toronto-Danforth,NO,NO,PASS,None
23431,25 102468 STE 13 OZ,Under Review ,314471.009000000020023,4834770.178000000305474,Toronto Centre,NO,NO,PASS,None
23435,20 233673 NNY 17 OZ,Under Review ,314089.505000000004657,4847258.866000000387430,Don Valley North,NO,NO,PASS,None
23436,21 235027 NNY 18 CD,Under Review ,311713.900000000023283,4846524.190999999642372,Willowdale,NO,NO,PASS,None
23437,21 235027 NNY 18 CD,Under Review ,311684.129000000015367,4846472.594999999739230,Willowdale,NO,NO,PASS,None
23438,21 235027 NNY 18 CD,Under Review ,311725.717999999993481,4846538.052000000141561,Willowdale,NO,NO,PASS,None
23453,21 235361 STE 12 SB,Under Review ,313046.760000000009313,4839894.320000000298023,Toronto-St. Paul's,NO,NO,PASS,None
23454,21 235361 STE 12 SB,Under Review ,313042.728999999992084,4839932.199000000022352,Toronto-St. Paul's,NO,NO,PASS,None
23457,24 175201 WET 03 SA,Under Review ,305254.053000000014435,4830870.677000000141561,Etobicoke-Lakeshore,NO,NO,PASS,None
23481,21 249228 NNY 08 SA,Under Review ,309336.652000000001863,4840553.282999999821186,Eglinton-Lawrence,NO,NO,PASS,None
23486,17 153483 WET 06 SA,Under Review ,304599.768999999971129,4830309.044999999925494,Etobicoke-Lakeshore,NO,NO,PASS,None
23495,21 227802 STE 12 SB,Under Review ,313469.653999999980442,4838371.902999999932945,Toronto-St. Paul's,NO,NO,PASS,None
23497,21 232443 STE 11 SA,Under Review ,311964.431999999971595,4836912.838999999687076,University-Rosedale,NO,NO,PASS,None
23500,25 222153 WET 05 OZ,Under Review ,305931.503000000026077,4838214.277999999932945,York South-Weston,NO,NO,PASS,None
23501,25 222153 WET 05 OZ,Under Review ,305924.094999999972060,4838217.001000000163913,York South-Weston,NO,NO,PASS,None
23502,25 222153 WET 05 OZ,Under Review ,305913.614000000001397,4838218.618999999947846,York South-Weston,NO,NO,PASS,None
23506,22 170531 NNY 08 OZ,Under Review ,312786.863000000012107,4840833.655000000260770,Eglinton-Lawrence,NO,NO,PASS,None
23509,24 174546 WET 03 SA,Under Review ,305254.053000000014435,4830870.677000000141561,Etobicoke-Lakeshore,NO,NO,PASS,None
23527,22 194697 ESC 21 SA,Under Review ,321785.815000000002328,4843041.317999999970198,Scarborough Centre,NO,NO,PASS,None
23528,22 202940 STE 13 SA,Under Review ,314336.646999999997206,4835992.241000000387430,Toronto Centre,NO,NO,PASS,None
23529,22 227434 STE 13 SA,Under Review ,314513.922000000020489,4835389.086000000126660,Toronto Centre,NO,NO,PASS,None
23548,21 241239 WET 05 SA,Under Review ,306851.614000000001397,4838779.165000000037253,York South-Weston,NO,NO,PASS,None
23549,21 241239 WET 05 SA,Under Review ,306846.727000000013504,4838812.849999999627471,York South-Weston,NO,NO,PASS,None
23553,21 229475 NNY 15 SA,Under Review ,315819.576000000000931,4846449.339999999850988,Don Valley West,NO,NO,PASS,None
23554,22 124213 STE 13 SA,Under Review ,315053.106000000028871,4835109.813000000081956,Toronto Centre,NO,NO,PASS,None
23567,25 257737 NNY 16 CD,Under Review ,317280.118000000016764,4841872.631000000052154,Don Valley East,NO,NO,PASS,None
23568,25 269806 STE 10 OZ,Under Review ,311172.287000000011176,4832903.291000000201166,Spadina-Fort York,NO,NO,PASS,None
23572,22 163129 NNY 06 OZ,Under Review ,308782.840000000025611,4845649.622000000439584,York Centre,NO,NO,PASS,None
23573,20 219253 ESC 20 SA,Under Review ,327112.059999999997672,4843601.279000000096858,Scarborough Southwest,NO,NO,PASS,None
23587,23 142019 STE 13 SA,Under Review ,315767.332999999984168,4834415.183000000193715,Toronto Centre,NO,NO,PASS,None
23597,19 218252 STE 10 SA,Under Review ,315128.816999999980908,4833480.442999999970198,Spadina-Fort York,NO,NO,PASS,None
23598,21 235372 STE 13 CD,Under Review ,316145.505999999993946,4834977.282999999821186,Toronto Centre,NO,NO,PASS,None
23610,26 210047 WET 02 SA,Under Review ,300541.055999999982305,4837266.328999999910593,Etobicoke Centre,NO,NO,PASS,None
23611,21 251000 STE 10 SA,Under Review ,310996.060999999986961,4832848.884999999776483,Spadina-Fort York,NO,NO,PASS,None
23612,25 124181 ESC 20 OZ,Under Review ,326941.153999999980442,4843560.524000000208616,Scarborough Southwest,NO,NO,PASS,None
23616,17 264570 NNY 23 SA,Under Review ,312724.266999999992549,4846822.832999999634922,Willowdale,NO,NO,PASS,None
23629,25 149980 NNY 08 SA,Under Review ,309446.693000000028405,4840632.188000000081956,Eglinton-Lawrence,NO,NO,PASS,None
23630,25 149980 NNY 08 SA,Under Review ,309423.586000000010245,4840625.515999999828637,Eglinton-Lawrence,NO,NO,PASS,None
23635,22 101192 WET 05 SA,Under Review,303949.885999999998603,4838773.224999999627471,York South-Weston,NO,NO,PASS,None
23651,25 211040 WET 02 SA,Under Review ,302515.985999999975320,4838372.597000000067055,Etobicoke Centre,NO,NO,PASS,None
23653,24 238004 STE 12 OZ,Under Review ,313611.694000000017695,4840459.635999999940395,Toronto-St. Paul's,NO,NO,PASS,None
23657,26 151476 ESC 20 OZ,Under Review ,323319.292000000015832,4843270.838999999687076,Scarborough Southwest,NO,NO,PASS,None
23658,26 190620 ESC 24 SA,Application Received,325802.419999999983702,4848635.855000000447035,Scarborough-Guildwood,YES,YES,FAIL,Both
23685,24 218595 NNY 18 SA,Under Review ,311507.418000000005122,4848162.976999999955297,Willowdale,NO,NO,PASS,None
23688,22 180773 STE 12 SA,Under Review ,313611.694000000017695,4840459.635999999940395,Toronto-St. Paul's,NO,NO,PASS,None
23701,22 108031 NNY 18 SA,Under Review ,311371.634000000020023,4850202.264000000432134,Willowdale,NO,NO,PASS,None
23721,25 202228 NNY 17 SA,Under Review ,317528.543000000005122,4848086.947999999858439,Don Valley North,NO,NO,PASS,None
23751,21 235357 STE 12 SA,Under Review ,313046.760000000009313,4839894.320000000298023,Toronto-St. Paul's,NO,NO,PASS,None
23752,21 235357 STE 12 SA,Under Review ,313042.728999999992084,4839932.199000000022352,Toronto-St. Paul's,NO,NO,PASS,None
23769,25 211872 NNY 08 SA,Under Review ,309841.716000000014901,4839676.614000000059605,Eglinton-Lawrence,NO,NO,PASS,None
23770,26 112094 STE 19 SA,Under Review ,319205.379000000015367,4837367.158999999985099,Beaches-East York,NO,NO,PASS,None
23771,26 133949 WET 02 OZ,Application Received,300023.412000000011176,4837091.053000000305474,Etobicoke Centre,NO,NO,PASS,None
23784,25 269493 ESC 23 OZ,Under Review ,323488.423999999999069,4849514.577999999746680,Scarborough North,NO,NO,PASS,None
23804,20 113405 ESC 21 SA,Under Review ,320889.387999999977183,4844766.597000000067055,Scarborough Centre,NO,NO,PASS,None
23811,21 249227 WET 03 SB,Under Review ,302735.706000000005588,4833628.186999999918044,Etobicoke-Lakeshore,NO,NO,PASS,None
23814,19 129081 WET 01 SA,Application Received,297376.346000000019558,4841098.635999999940395,Etobicoke North,NO,NO,PASS,None
23825,21 127937 NNY 08 OZ,Under Review ,308818.146999999997206,4839341.753999999724329,Eglinton-Lawrence,NO,NO,PASS,None
23833,21 234491 STE 13 SB,Under Review ,314032.805999999982305,4836180.040000000037253,Toronto Centre,NO,NO,PASS,None
23837,24 238004 STE 12 OZ,Under Review ,313633.599999999976717,4840467.560999999754131,Toronto-St. Paul's,NO,NO,PASS,None
23838,24 238004 STE 12 OZ,Under Review ,313645.652999999991152,4840471.911000000312924,Toronto-St. Paul's,NO,NO,PASS,None
23839,24 238004 STE 12 OZ,Under Review ,313604.871999999973923,4840490.603000000119209,Toronto-St. Paul's,NO,NO,PASS,None
23847,19 232762 ESC 20 SB,Under Review ,322462.157000000006519,4841299.118999999947846,Scarborough Southwest,NO,NO,PASS,None
23848,21 219409 STE 12 SA,Under Review ,312563.965000000025611,4838216.553999999538064,Toronto-St. Paul's,NO,NO,PASS,None
23850,22 227434 STE 13 SA,Under Review ,314521.381999999983236,4835356.314000000245869,Toronto Centre,NO,NO,PASS,None
23854,21 231502 STE 11 CD,Under Review ,313567.717999999993481,4836882.565000000409782,University-Rosedale,NO,NO,PASS,None
23855,21 228750 STE 12 SB,Under Review ,311216.949000000022352,4837981.984000000171363,Toronto-St. Paul's,NO,NO,PASS,None
23856,21 228750 STE 12 SB,Under Review ,311228.298999999999069,4837948.462000000290573,Toronto-St. Paul's,NO,NO,PASS,None
23871,21 201846 STE 09 SA,Under Review ,308964.324000000022352,4835002.088999999687076,Davenport,NO,NO,PASS,None
23877,25 202228 NNY 17 SA,Under Review ,317535.408999999985099,4848096.394000000320375,Don Valley North,NO,NO,PASS,None
23880,22 170531 NNY 08 OZ,Under Review ,312830.362000000022817,4840847.913999999873340,Eglinton-Lawrence,NO,NO,PASS,None
23896,21 211696 STE 12 SA,Under Review ,313347.406000000017229,4838315.604000000283122,Toronto-St. Paul's,NO,NO,PASS,None
23897,22 139336 ESC 20 SA,Under Review ,325403.893999999971129,4843965.131000000052154,Scarborough Southwest,NO,NO,PASS,None
23899,22 194723 ESC 21 SA,Under Review ,321817.603999999992084,4842999.355999999679625,Scarborough Centre,NO,NO,PASS,None
23904,24 252128 ESC 22 SA,Under Review ,318861.294999999983702,4848774.116999999620020,Scarborough-Agincourt,NO,NO,PASS,None
23908,26 133838 NNY 06 OZ,Under Review ,309058.466000000014901,4849903.304999999701977,York Centre,NO,NO,PASS,None
23935,25 269493 ESC 23 OZ,Under Review ,323498.882999999972526,4849487.790000000037253,Scarborough North,NO,NO,PASS,None
23936,26 214481 WET 03 PL,Application Received,304091.873000000021420,4835419.209999999962747,Etobicoke-Lakeshore,NO,NO,PASS,None
23937,26 206628 STE 11 SA,Under Review ,313840.924999999988358,4836578.690000000409782,University-Rosedale,NO,NO,PASS,None
23948,25 101390 NNY 08 OZ,Under Review ,309202.048000000009779,4841080.501000000163913,Eglinton-Lawrence,NO,NO,PASS,None
23950,21 247607 ESC 20 SA,Under Review ,321988.244000000006054,4838854.326000000350177,Scarborough Southwest,NO,NO,PASS,None
23982,21 250249 ESC 20 SA,Under Review ,322462.157000000006519,4841299.118999999947846,Scarborough Southwest,NO,NO,PASS,None
23984,24 236349 STE 09 SA,Under Review ,309168.431999999971595,4835127.356999999843538,Davenport,NO,NO,PASS,None
23988,20 220235 ESC 23 OZ,Under Review ,327180.788999999989755,4851882.132000000216067,Scarborough North,NO,NO,PASS,None
23992,21 242111 NNY 06 SA,Under Review ,307382.726000000024214,4849459.759999999776483,York Centre,YES,YES,FAIL,Both
23994,21 151438 STE 09 SB,Under Review ,309168.431999999971595,4835127.356999999843538,Davenport,NO,NO,PASS,None
23997,22 128941 STE 19 SA,Under Review ,320552.106000000028871,4836078.382000000216067,Beaches-East York,NO,NO,PASS,None
23999,24 217174 WET 02 OZ,Under Review ,302759.505000000004657,4834612.451000000350177,Etobicoke Centre,NO,NO,PASS,None
24002,19 114204 ESC 20 OZ,Under Review ,322462.157000000006519,4841299.118999999947846,Scarborough Southwest,NO,NO,PASS,None
24004,21 223579 WET 03 SB,Under Review ,302286.145000000018626,4833099.486999999731779,Etobicoke-Lakeshore,NO,NO,PASS,None
24045,22 180773 STE 12 SA,Under Review ,313604.871999999973923,4840490.603000000119209,Toronto-St. Paul's,NO,NO,PASS,None
24046,22 180773 STE 12 SA,Under Review ,313633.599999999976717,4840467.560999999754131,Toronto-St. Paul's,NO,NO,PASS,None
24047,22 180773 STE 12 SA,Under Review ,313645.652999999991152,4840471.911000000312924,Toronto-St. Paul's,NO,NO,PASS,None
24049,22 191099 NNY 18 OZ,Under Review ,311416.693000000028405,4850461.379999999888241,Willowdale,NO,NO,PASS,None
24054,22 242145 STE 12 OZ,Under Review ,312962.364999999990687,4840503.908999999985099,Toronto-St. Paul's,NO,NO,PASS,None
24059,22 191098 NNY 18 SA,Under Review ,311416.693000000028405,4850461.379999999888241,Willowdale,NO,NO,PASS,None
24081,23 120562 STE 11 SA,Under Review ,313860.668000000005122,4836438.712000000290573,University-Rosedale,NO,NO,PASS,None
24082,23 182907 STE 12 SA,Under Review ,313127.927000000025146,4839703.480999999679625,Toronto-St. Paul's,NO,NO,PASS,None
24085,20 122927 ESC 24 SA,Under Review ,329174.249000000010710,4846477.616000000387430,Scarborough-Guildwood,NO,NO,PASS,None
24088,21 203254 STE 13 SA,Under Review ,314088.297000000020489,4835754.859000000171363,Toronto Centre,NO,NO,PASS,None
24089,21 203254 STE 13 SA,Under Review ,314115.912000000011176,4835755.684999999590218,Toronto Centre,NO,NO,PASS,None
24134,09 172870 WET 11 SA,Under Review ,302446.724999999976717,4840304.735000000335276,York South-Weston,YES,NO,FAIL,Watercourse
24172,22 139862 NNY 08 SA,Under Review ,309025.810999999986961,4841467.910000000149012,Eglinton-Lawrence,NO,NO,PASS,None
24200,20 114230 NNY 06 SB,Under Review ,305716.123000000021420,4846779.548999999649823,York Centre,NO,NO,PASS,None
24201,21 113722 NNY 17 SA,Under Review ,314492.674999999988358,4847081.343000000342727,Don Valley North,NO,NO,PASS,None
24212,22 141536 STE 10 OZ,Under Review ,313307.907000000006519,4833387.031999999657273,Spadina-Fort York,NO,NO,PASS,None
24216,21 172654 STE 10 OZ,Under Review ,312584.170999999972992,4833830.199000000022352,Spadina-Fort York,NO,NO,PASS,None
24225,19 261154 STE 11 SA,Under Review ,312842.710000000020955,4836965.799999999813735,University-Rosedale,NO,NO,PASS,None
24226,24 133782 ESC 21 SA,Under Review ,322163.396000000007916,4843086.565000000409782,Scarborough Centre,NO,NO,PASS,None
24227,25 120160 NNY 06 SA,Under Review ,309435.816999999980908,4845838.724000000394881,York Centre,NO,NO,PASS,None
24239,25 264514 NNY 08 OZ,Under Review ,309577.891999999992549,4840421.608000000007451,Eglinton-Lawrence,NO,NO,PASS,None
24242,21 225289 STE 10 SB,Under Review ,313780.104999999981374,4834070.599999999627471,Spadina-Fort York,NO,NO,PASS,None
24251,21 225328 STE 13 CD,Under Review ,314411.163000000000466,4835802.226999999955297,Toronto Centre,NO,NO,PASS,None
24259,15 221261 WET 11 CD,Under Review ,304066.007999999972526,4839470.385999999940395,York South-Weston,NO,NO,PASS,None
24261,23 152222 ESC 24 SA,Under Review ,328383.588999999978114,4848945.616000000387430,Scarborough-Guildwood,NO,NO,PASS,None
24263,25 189666 STE 12 CD,Under Review ,311007.425999999977648,4839224.610000000335276,Toronto-St. Paul's,NO,NO,PASS,None
24266,21 250282 ESC 20 SA,Under Review ,322462.157000000006519,4841299.118999999947846,Scarborough Southwest,NO,NO,PASS,None
24274,19 251104 WET 02 SA,Under Review ,300026.782000000006519,4833877.618999999947846,Etobicoke Centre,NO,NO,PASS,None
24275,20 213394 NNY 06 SB,Under Review ,307382.726000000024214,4849459.759999999776483,York Centre,YES,YES,FAIL,Both
24281,21 234759 STE 10 SB,Under Review ,313909.446999999985565,4833965.533999999985099,Spadina-Fort York,NO,NO,PASS,None
24286,21 250558 ESC 20 CD,Under Review ,322738.847999999998137,4841787.348000000230968,Scarborough Southwest,NO,NO,PASS,None
24287,21 250827 STE 10 SA,Under Review ,312584.170999999972992,4833830.199000000022352,Spadina-Fort York,NO,NO,PASS,None
24307,25 191649 STE 12 SA,Under Review ,312932.945000000006985,4840203.603000000119209,Toronto-St. Paul's,NO,NO,PASS,None
24313,21 234925 STE 12 SA,Under Review ,313087.121999999973923,4839617.286999999545515,Toronto-St. Paul's,NO,NO,PASS,None
24314,21 234925 STE 12 SA,Under Review ,313085.050999999977648,4839644.264999999664724,Toronto-St. Paul's,NO,NO,PASS,None
24315,22 137783 STE 12 SA,Under Review ,313283.667000000015832,4838429.031999999657273,Toronto-St. Paul's,NO,NO,PASS,None
24322,26 124085 WET 05 OZ,Under Review ,306760.048999999999069,4836442.391999999992549,York South-Weston,NO,NO,PASS,None
24335,21 234525 STE 13 SB,Under Review ,314297.726000000024214,4835302.024000000208616,Toronto Centre,NO,NO,PASS,None
24336,21 233477 STE 10 CD,Under Review ,312964.842000000004191,4833749.884999999776483,Spadina-Fort York,NO,NO,PASS,None
24340,21 222287 ESC 25 CD,Under Review ,331113.657999999995809,4848474.088000000454485,Scarborough-Rouge Park,NO,NO,PASS,None
24342,19 261154 STE 11 SA,Under Review ,312824.874000000010710,4836971.042999999597669,University-Rosedale,NO,NO,PASS,None
24351,21 231690 NNY 18 CD,Under Review ,311299.055999999982305,4850097.394999999552965,Willowdale,NO,NO,PASS,None
24361,23 137642 WET 05 SA,Under Review ,303449.938000000023749,4839888.616000000387430,York South-Weston,NO,NO,PASS,None
24363,21 176811 WET 05 SA,Under Review ,307522.336000000010245,4836671.786000000312924,York South-Weston,NO,NO,PASS,None
24368,26 151476 ESC 20 OZ,Under Review ,323283.977000000013504,4843296.440999999642372,Scarborough Southwest,NO,NO,PASS,None
24370,20 232714 STE 12 OZ,Under Review ,312962.364999999990687,4840503.908999999985099,Toronto-St. Paul's,NO,NO,PASS,None
24386,21 229500 WET 03 CD,Under Review ,302460.306999999971595,4833318.605000000447035,Etobicoke-Lakeshore,NO,NO,PASS,None
24387,22 137043 ESC 22 SA,Under Review ,319419.597000000008848,4848239.438000000081956,Scarborough-Agincourt,NO,NO,PASS,None
24388,22 170530 NNY 08 SA,Under Review ,312830.362000000022817,4840847.913999999873340,Eglinton-Lawrence,NO,NO,PASS,None
24391,22 206339 ESC 20 SA,Under Review ,323210.764000000024680,4841351.156999999657273,Scarborough Southwest,NO,NO,PASS,None
24399,19 243760 NNY 18 SA,Under Review ,311299.055999999982305,4850097.394999999552965,Willowdale,NO,NO,PASS,None
24400,20 113400 ESC 21 OZ,Under Review ,320889.387999999977183,4844766.597000000067055,Scarborough Centre,NO,NO,PASS,None
24421,21 228596 STE 09 SB,Under Review ,307415.624000000010710,4837347.360999999567866,Davenport,NO,NO,PASS,None
24422,22 133997 STE 14 SA,Under Review ,316180.349999999976717,4837418.468000000342727,Toronto-Danforth,NO,NO,PASS,None
24457,21 235961 NNY 15 SB,Under Review ,316125.784999999974389,4841411.911999999545515,Don Valley West,NO,NO,PASS,None
24459,26 185667 STE 12 SA,Under Review ,313397.368000000016764,4838515.224000000394881,Toronto-St. Paul's,NO,NO,PASS,None
24460,26 214467 WET 03 CD,Application Received,304091.873000000021420,4835419.209999999962747,Etobicoke-Lakeshore,NO,NO,PASS,None
24464,21 249720 WET 01 SA,Under Review ,299835.873000000021420,4843743.207999999634922,Etobicoke North,NO,NO,PASS,None
24467,17 112623 NNY 15 SB,Under Review ,309449.072999999974854,4842409.415000000037253,Eglinton-Lawrence,NO,NO,PASS,None
24468,17 112623 NNY 15 SB,Under Review ,309450.864000000001397,4842458.673000000417233,Eglinton-Lawrence,NO,NO,PASS,None
24469,17 112623 NNY 15 SB,Under Review ,309139.793999999994412,4842349.548999999649823,Eglinton-Lawrence,NO,NO,PASS,None
24470,21 250557 ESC 20 PL,Under Review ,322738.847999999998137,4841787.348000000230968,Scarborough Southwest,NO,NO,PASS,None
24471,21 231415 ESC 20 CD,Under Review ,323210.764000000024680,4841351.156999999657273,Scarborough Southwest,NO,NO,PASS,None
24473,25 176290 STE 13 SA,Under Review ,314132.534999999974389,4835874.717000000178814,Toronto Centre,NO,NO,PASS,None
24474,25 206929 WET 05 OZ,Under Review ,306599.554000000003725,4840635.492999999783933,York South-Weston,NO,NO,PASS,None
24478,21 182023 WET 05 SB,Under Review ,307859.974999999976717,4836290.611999999731779,York South-Weston,NO,NO,PASS,None
24497,21 188693 WET 05 OZ,Under Review ,304066.007999999972526,4839470.385999999940395,York South-Weston,NO,NO,PASS,None
24503,21 250708 STE 10 SA,Under Review ,313042.477000000013504,4833926.316999999806285,Spadina-Fort York,NO,NO,PASS,None
24517,17 112623 NNY 15 SB,Under Review ,309518.690999999991618,4842291.997000000439584,Eglinton-Lawrence,NO,NO,PASS,None
24534,21 232282 STE 10 CD,Under Review ,313683.938000000023749,4833897.666000000201166,Spadina-Fort York,NO,NO,PASS,None
24536,23 142988 NNY 08 SA,Under Review ,308818.146999999997206,4839341.753999999724329,Eglinton-Lawrence,NO,NO,PASS,None
24538,15 258619 WET 12 SA,Under Review ,306599.554000000003725,4840635.492999999783933,York South-Weston,NO,NO,PASS,None
24574,20 114224 NNY 06 OZ,Under Review ,305716.123000000021420,4846779.548999999649823,York Centre,NO,NO,PASS,None
24587,21 217377 STE 12 CD,Under Review ,313347.406000000017229,4838315.604000000283122,Toronto-St. Paul's,NO,NO,PASS,None
24588,21 201761 ESC 20 SA,Under Review ,322480.525000000023283,4841976.378999999724329,Scarborough Southwest,NO,NO,PASS,None
24590,25 257536 NNY 18 OZ,Under Review ,311313.097999999998137,4848632.029000000096858,Willowdale,NO,NO,PASS,None
24597,20 220246 ESC 23 SA,Under Review ,327180.788999999989755,4851882.132000000216067,Scarborough North,NO,NO,PASS,None
24598,21 231206 NNY 08 SA,Under Review ,311410.547000000020489,4842755.709999999962747,Eglinton-Lawrence,NO,NO,PASS,None
24599,21 231206 NNY 08 SA,Under Review ,311424.728000000002794,4842735.071000000461936,Eglinton-Lawrence,NO,NO,PASS,None
24643,22 139459 WET 03 OZ,Under Review ,304131.630999999993946,4833990.980999999679625,Etobicoke-Lakeshore,NO,NO,PASS,None
24656,23 127950 WET 03 SA,Under Review ,302286.145000000018626,4833099.486999999731779,Etobicoke-Lakeshore,NO,NO,PASS,None
24666,25 121712 STE 12 SA,Under Review ,313186.043999999994412,4838907.246000000275671,Toronto-St. Paul's,NO,NO,PASS,None
24680,22 139955 WET 02 SA,Under Review ,300348.867000000027474,4837335.591000000014901,Etobicoke Centre,NO,NO,PASS,None
24682,19 218252 STE 10 SA,Under Review ,315004.375000000000000,4833546.129999999888241,Spadina-Fort York,NO,NO,PASS,None
24684,21 225292 STE 10 SA,Under Review ,313780.104999999981374,4834070.599999999627471,Spadina-Fort York,NO,NO,PASS,None
24695,21 249606 STE 10 SA,Under Review ,313273.135999999998603,4833861.274000000208616,Spadina-Fort York,NO,NO,PASS,None
24696,21 250334 STE 11 SA,Under Review ,313584.798999999999069,4837504.218999999575317,University-Rosedale,NO,NO,PASS,None
24697,21 133565 WET 03 SA,Under Review ,303513.239999999990687,4833917.071999999694526,Etobicoke-Lakeshore,YES,NO,FAIL,Watercourse
24698,21 230230 STE 13 CD,Under Review ,314994.918000000005122,4835094.779000000096858,Toronto Centre,NO,NO,PASS,None
24706,21 235357 STE 12 SA,Under Review ,313044.575000000011642,4839918.934999999590218,Toronto-St. Paul's,NO,NO,PASS,None
24709,24 156566 ESC 23 SB,Under Review ,323344.367000000027474,4851943.197999999858439,Scarborough North,NO,NO,PASS,None
24714,26 202543 STE 12 SA,Under Review ,311879.291000000026543,4838619.584999999962747,Toronto-St. Paul's,NO,NO,PASS,None
24726,13 260777 ESC 37 SA,Under Review ,322430.597000000008848,4843755.230000000447035,Scarborough Centre,NO,NO,PASS,None
24733,19 237185 WET 05 OZ,Under Review ,306509.566999999980908,4840767.191999999806285,York South-Weston,NO,NO,PASS,None
24751,21 211001 STE 12 CD,Under Review ,313577.902000000001863,4840606.341000000014901,Toronto-St. Paul's,NO,NO,PASS,None
24752,22 170531 NNY 08 OZ,Under Review ,312819.668999999994412,4840845.717000000178814,Eglinton-Lawrence,NO,NO,PASS,None
24753,22 192732 NNY 08 SA,Under Review ,308371.966000000014901,4841495.865000000223517,Eglinton-Lawrence,NO,NO,PASS,None
24758,22 176958 STE 12 SA,Under Review ,313495.218999999982771,4840649.052000000141561,Toronto-St. Paul's,NO,NO,PASS,None
24772,25 191649 STE 12 SA,Under Review ,312941.118000000016764,4840204.531999999657273,Toronto-St. Paul's,NO,NO,PASS,None
24774,25 265168 STE 13 SA,Under Review ,314573.885999999998603,4836418.315000000409782,Toronto Centre,NO,NO,PASS,None
24775,25 265168 STE 13 SA,Under Review ,314555.760000000009313,4836376.173999999649823,Toronto Centre,NO,NO,PASS,None
24781,20 114224 NNY 06 OZ,Under Review ,305585.918999999994412,4846822.185999999754131,York Centre,NO,NO,PASS,None
24809,19 155807 STE 12 SA,Under Review ,313360.984999999986030,4838408.372999999672174,Toronto-St. Paul's,NO,NO,PASS,None
24894,22 162247 STE 13 SA,Under Review ,314311.700000000011642,4835278.519999999552965,Toronto Centre,NO,NO,PASS,None
24897,21 234409 NNY 18 CD,Under Review ,311701.983000000007451,4847872.678000000305474,Willowdale,NO,NO,PASS,None
24898,21 225292 STE 10 SA,Under Review ,313775.155000000027940,4834061.638000000268221,Spadina-Fort York,NO,NO,PASS,None
24899,21 225292 STE 10 SA,Under Review ,313800.004000000015367,4834068.639999999664724,Spadina-Fort York,NO,NO,PASS,None
24900,20 126608 WET 02 SA,Under Review ,300534.701999999990221,4837068.424999999813735,Etobicoke Centre,NO,NO,PASS,None
24901,25 128145 ESC 24 SA,Under Review ,329951.271000000007916,4845792.101999999955297,Scarborough-Guildwood,NO,NO,PASS,None
24902,25 236949 STE 13 OZ,Under Review ,316369.184999999997672,4835467.633999999612570,Toronto Centre,NO,NO,PASS,None
24903,26 212122 WET 05 SA,Application Received,305017.548999999999069,4838302.144999999552965,York South-Weston,NO,NO,PASS,None
24904,23 174316 WET 05 SA,Under Review ,305361.885999999998603,4838579.576000000350177,York South-Weston,NO,NO,PASS,None
24908,21 235160 STE 13 SB,Under Review ,315790.565999999991618,4834845.993999999947846,Toronto Centre,NO,NO,PASS,None
24909,22 138660 NNY 06 SA,Under Review ,309123.629000000015367,4849040.078999999910593,York Centre,NO,NO,PASS,None
24910,21 250827 STE 10 SA,Under Review ,312624.099999999976717,4833835.084999999962747,Spadina-Fort York,NO,NO,PASS,None
24925,21 218559 STE 13 SA,Under Review ,314994.918000000005122,4835094.779000000096858,Toronto Centre,NO,NO,PASS,None
24939,23 165545 ESC 24 SA,Under Review ,325037.994000000006054,4847997.264999999664724,Scarborough-Guildwood,NO,NO,PASS,None
24944,24 178354 NNY 06 OZ,Under Review ,307583.092000000004191,4845553.526999999769032,York Centre,NO,NO,PASS,None
24945,25 212507 WET 07 SA,Under Review ,299140.298999999999069,4846727.841000000014901,Humber River-Black Creek,NO,NO,PASS,None
24949,20 199761 STE 14 SA,Under Review ,318222.586999999999534,4836568.468000000342727,Toronto-Danforth,NO,NO,PASS,None
24950,21 124972 NNY 18 SA,Under Review ,310302.770000000018626,4848446.627999999560416,Willowdale,NO,NO,PASS,None
24953,21 217842 ESC 22 SA,Under Review ,320780.479999999981374,4852427.297000000253320,Scarborough-Agincourt,NO,NO,PASS,None
24954,22 238619 NNY 18 SA,Under Review ,309995.396000000007916,4848133.429999999701977,Willowdale,NO,NO,PASS,None
24956,22 204562 STE 13 SA,Under Review ,314630.989999999990687,4834644.724000000394881,Toronto Centre,NO,NO,PASS,None
24966,25 121648 NNY 18 OZ,Under Review ,310688.876999999978580,4849269.257000000216067,Willowdale,NO,NO,PASS,None
24967,22 112137 ESC 21 OZ,Under Review ,320818.560999999986961,4843680.775999999605119,Scarborough Centre,NO,NO,PASS,None
24969,17 278488 NNY 15 SA,Under Review ,309426.206000000005588,4839439.803999999538064,Toronto-St. Paul's,NO,NO,PASS,None
24971,26 129467 STE 04 SA,Under Review ,306402.443000000028405,4835981.969999999739230,Parkdale-High Park,NO,NO,PASS,None
24972,23 174343 WET 05 SA,Under Review ,305403.728000000002794,4838560.131000000052154,York South-Weston,NO,NO,PASS,None
24973,21 217174 STE 11 SB,Under Review ,313612.956999999994878,4836447.133000000379980,University-Rosedale,NO,NO,PASS,None
24979,24 252584 NNY 16 SA,Under Review ,317107.374000000010710,4844161.634999999776483,Don Valley East,NO,NO,PASS,None
24980,26 147400 WET 05 OZ,Under Review ,304025.458999999973457,4839528.724999999627471,York South-Weston,NO,NO,PASS,None
24985,22 164728 WET 07 SA,Under Review ,301994.603000000002794,4846209.388000000268221,Humber River-Black Creek,NO,NO,PASS,None
24986,24 106385 ESC 22 OZ,Under Review ,319738.483999999996740,4848352.259999999776483,Scarborough-Agincourt,NO,NO,PASS,None
24995,25 174797 NNY 18 SA,Under Review ,311285.107000000018161,4848798.184000000357628,Willowdale,NO,NO,PASS,None
24996,22 242145 STE 12 OZ,Under Review ,312974.098999999987427,4840395.299999999813735,Toronto-St. Paul's,NO,NO,PASS,None
25003,25 174797 NNY 18 SA,Under Review ,311266.678000000014435,4848746.245000000111759,Willowdale,NO,NO,PASS,None
25010,22 139862 NNY 08 SA,Under Review ,309043.222000000008848,4841473.019000000320375,Eglinton-Lawrence,NO,NO,PASS,None
25013,23 110492 STE 13 SA,Under Review ,314525.809999999997672,4835437.591000000014901,Toronto Centre,NO,NO,PASS,None
25015,25 131074 STE 19 OZ,Under Review ,320337.471000000019558,4836883.957000000402331,Beaches-East York,NO,NO,PASS,None
25022,21 251322 NNY 18 SA,Under Review ,312261.483999999996740,4846354.915000000037253,Willowdale,NO,NO,PASS,None
25026,21 226762 NNY 18 SA,Under Review ,309887.860999999975320,4850195.682000000029802,Willowdale,NO,NO,PASS,None
25027,21 149517 ESC 24 SA,Under Review ,326471.972999999998137,4848783.701000000350177,Scarborough-Guildwood,NO,NO,PASS,None
25030,22 137890 STE 13 SA,Under Review ,316542.902999999991152,4834577.099999999627471,Toronto Centre,NO,NO,PASS,None
25036,26 183202 STE 10 OZ,Under Review ,310783.826000000000931,4833023.205000000074506,Spadina-Fort York,NO,NO,PASS,None
25042,22 213850 ESC 21 OZ,Under Review ,322625.484999999986030,4846136.457000000402331,Scarborough Centre,NO,NO,PASS,None
25048,26 162744 NNY 18 SA,Under Review ,311654.141999999992549,4846558.006000000052154,Willowdale,NO,NO,PASS,None
25049,26 179698 NNY 18 SA,Under Review ,311285.107000000018161,4848798.184000000357628,Willowdale,NO,NO,PASS,None
25065,25 179966 NNY 08 SA,Under Review ,309443.255000000004657,4840479.861999999731779,Eglinton-Lawrence,NO,NO,PASS,None
25070,26 161475 STE 14 SB,Under Review ,316787.065000000002328,4833899.771999999880791,Toronto-Danforth,NO,NO,PASS,None
25078,21 172654 STE 10 OZ,Under Review ,312624.099999999976717,4833835.084999999962747,Spadina-Fort York,NO,NO,PASS,None
25086,21 234491 STE 13 SB,Under Review ,314037.755999999993946,4836170.849000000394881,Toronto Centre,NO,NO,PASS,None
25094,22 140264 NNY 17 SA,Under Review ,318762.889000000024680,4847997.622000000439584,Don Valley North,NO,NO,PASS,None
25102,22 241863 STE 13 SA,Under Review ,314006.097000000008848,4836125.202999999746680,Toronto Centre,NO,NO,PASS,None
25112,26 168379 NNY 18 OZ,Under Review ,311266.678000000014435,4848746.245000000111759,Willowdale,NO,NO,PASS,None
25113,21 205323 NNY 08 SA,Under Review ,309316.836999999999534,4840656.126000000163913,Eglinton-Lawrence,NO,NO,PASS,None
25129,24 229071 STE 10 OZ,Under Review ,314042.174999999988358,4833787.774000000208616,Spadina-Fort York,NO,NO,PASS,None
25134,18 270588 NNY 16 SA,Under Review ,316563.729999999981374,4845908.885999999940395,Don Valley East,NO,NO,PASS,None
25140,21 250768 NNY 06 SA,Under Review ,308883.304000000003725,4843715.548999999649823,York Centre,NO,NO,PASS,None
25141,22 192733 NNY 08 OZ,Under Review ,308371.966000000014901,4841495.865000000223517,Eglinton-Lawrence,NO,NO,PASS,None
25143,25 125834 STE 12 SA,Under Review ,313495.218999999982771,4840649.052000000141561,Toronto-St. Paul's,NO,NO,PASS,None
25160,24 228193 STE 10 SA,Under Review ,313477.934999999997672,4833104.117999999783933,Spadina-Fort York,NO,NO,PASS,None
25161,25 186155 ESC 21 SB,Under Review ,320837.299999999988358,4847511.969999999739230,Scarborough Centre,NO,NO,PASS,None
25172,21 226317 STE 13 SA,Under Review ,315557.471000000019558,4834452.464999999850988,Toronto Centre,NO,NO,PASS,None
25189,25 241286 STE 11 SA,Under Review ,312260.099999999976717,4836240.707000000402331,University-Rosedale,NO,NO,PASS,None
25190,26 151476 ESC 20 OZ,Under Review ,323301.402000000001863,4843302.179999999701977,Scarborough Southwest,NO,NO,PASS,None
25215,21 120368 STE 12 SA,Under Review ,311742.612000000022817,4840157.904000000096858,Toronto-St. Paul's,NO,NO,PASS,None
25227,21 234394 STE 14 SB,Under Review ,316969.349999999976717,4835041.917999999597669,Toronto-Danforth,NO,NO,PASS,None
25228,21 183828 ESC 25 SA,Under Review ,327067.234999999986030,4853030.071000000461936,Scarborough-Rouge Park,NO,NO,PASS,None
25230,17 271636 WET 07 SB,Under Review ,299140.298999999999069,4846727.841000000014901,Humber River-Black Creek,NO,NO,PASS,None
25241,21 203752 NNY 08 OZ,Under Review ,308306.023999999975786,4841642.383000000379980,Eglinton-Lawrence,NO,NO,PASS,None
25243,22 137892 STE 13 OZ,Under Review ,316542.902999999991152,4834577.099999999627471,Toronto Centre,NO,NO,PASS,None
25249,21 231690 NNY 18 CD,Under Review ,311241.423000000009779,4850069.300999999977648,Willowdale,NO,NO,PASS,None
25274,22 140277 NNY 06 SA,Under Review ,305685.340000000025611,4846846.206000000238419,York Centre,NO,NO,PASS,None
25279,19 264737 NNY 15 SA,Under Review ,313950.923999999999069,4840845.898000000044703,Don Valley West,NO,NO,PASS,None
25285,21 124295 WET 03 SA,Under Review ,305460.847000000008848,4832313.405000000260770,Etobicoke-Lakeshore,NO,NO,PASS,None
25288,25 267189 WET 05 OZ,Under Review ,303216.249000000010710,4839876.173000000417233,York South-Weston,NO,NO,PASS,None
25289,25 173118 NNY 08 OZ,Under Review ,310403.996999999973923,4841961.019999999552965,Eglinton-Lawrence,NO,NO,PASS,None
25306,21 235961 NNY 15 SB,Under Review ,316103.061999999976251,4841406.821000000461936,Don Valley West,NO,NO,PASS,None
25311,23 187327 STE 11 SA,Under Review ,313612.956999999994878,4836447.133000000379980,University-Rosedale,NO,NO,PASS,None
25327,16 209876 ESC 44 OZ,Under Review ,329731.004000000015367,4849601.639999999664724,Scarborough-Rouge Park,NO,NO,PASS,None
25328,16 209876 ESC 44 OZ,Under Review ,330646.479999999981374,4848532.457999999634922,Scarborough-Rouge Park,NO,NO,PASS,None
25332,17 278488 NNY 15 SA,Under Review ,309430.092999999993481,4839449.506000000052154,Toronto-St. Paul's,NO,NO,PASS,None
25334,21 234388 STE 13 CD,Under Review ,316254.472000000008848,4835448.563000000081956,Toronto Centre,NO,NO,PASS,None
25337,22 132974 STE 13 SA,Under Review ,314037.755999999993946,4836170.849000000394881,Toronto Centre,NO,NO,PASS,None
25343,20 219253 ESC 20 SA,Under Review ,327136.381999999983236,4843658.321999999694526,Scarborough Southwest,NO,NO,PASS,None
25376,24 254502 NNY 17 OZ,Under Review ,318762.889000000024680,4847997.622000000439584,Don Valley North,NO,NO,PASS,None
25378,25 136326 NNY 08 SA,Under Review ,309486.624000000010710,4840642.934999999590218,Eglinton-Lawrence,NO,NO,PASS,None
25381,26 136937 STE 13 OZ,Under Review ,314962.691999999980908,4834884.739000000059605,Toronto Centre,NO,NO,PASS,None
25393,25 138195 NNY 18 SB,Under Review ,310302.770000000018626,4848446.627999999560416,Willowdale,NO,NO,PASS,None
25400,26 133854 WET 05 SA,Under Review ,306898.873000000021420,4840854.973000000230968,York South-Weston,NO,NO,PASS,None
25405,22 203332 STE 13 SA,Under Review ,314249.384000000020023,4835777.946999999694526,Toronto Centre,NO,NO,PASS,None
25406,22 194697 ESC 21 SA,Under Review ,321713.590000000025611,4843088.288999999873340,Scarborough Centre,NO,NO,PASS,None
25409,12 295562 WET 13 SA,Under Review ,304702.928000000014435,4835830.566999999806285,Parkdale-High Park,NO,NO,PASS,None
25418,21 232841 STE 11 CD,Under Review ,313584.798999999999069,4837504.218999999575317,University-Rosedale,NO,NO,PASS,None
25431,22 127124 NNY 16 SA,Under Review ,318377.163000000000466,4841660.178999999538064,Don Valley East,NO,NO,PASS,None
25434,26 121464 NNY 18 SA,Under Review ,313218.563000000023749,4850592.167999999597669,Willowdale,NO,NO,PASS,None
25435,26 121464 NNY 18 SA,Under Review ,313223.443000000028405,4850556.008000000379980,Willowdale,NO,NO,PASS,None
25436,25 239940 STE 13 OZ,Under Review ,314948.268999999971129,4835312.974000000394881,Toronto Centre,NO,NO,PASS,None
25437,26 156705 NNY 17 OZ,Under Review ,314471.575000000011642,4847465.428999999538064,Don Valley North,NO,NO,PASS,None
25441,21 251322 NNY 18 SA,Under Review ,312175.867000000027474,4846375.345999999903142,Willowdale,NO,NO,PASS,None
25479,19 155807 STE 12 SA,Under Review ,313369.972999999998137,4838423.061999999918044,Toronto-St. Paul's,NO,NO,PASS,None
25486,18 198844 ESC 38 SA,Under Review ,326692.276000000012573,4844442.347000000067055,Scarborough-Guildwood,NO,NO,PASS,None
25513,24 216591 NNY 16 SB,Under Review ,318476.117000000027474,4841691.339999999850988,Don Valley East,NO,NO,PASS,None
25518,22 138772 ESC 20 SA,Under Review ,323517.010000000009313,4843009.423999999649823,Scarborough Southwest,NO,NO,PASS,None
25538,22 119164 STE 10 SA,Under Review ,313919.384000000020023,4834034.053999999538064,Spadina-Fort York,NO,NO,PASS,None
25539,21 239179 STE 12 CD,Under Review ,313515.588999999978114,4837743.376000000163913,Toronto-St. Paul's,NO,NO,PASS,None
25545,25 237855 WET 07 SA,Under Review ,303088.015000000013970,4847457.734000000171363,Humber River-Black Creek,NO,NO,PASS,None
25546,26 129467 STE 04 SA,Under Review ,306409.385000000009313,4835987.288999999873340,Parkdale-High Park,NO,NO,PASS,None
25561,19 240176 NNY 18 SA,Under Review ,310825.768999999971129,4846300.349000000394881,Willowdale,NO,NO,PASS,None
25573,25 173222 NNY 08 SA,Under Review ,307715.445000000006985,4842231.997999999672174,Eglinton-Lawrence,NO,NO,PASS,None
25594,22 140199 STE 09 SA,Under Review ,307303.722999999998137,4837507.138000000268221,Davenport,NO,NO,PASS,None
25595,22 170530 NNY 08 SA,Under Review ,312882.629000000015367,4840931.274000000208616,Eglinton-Lawrence,NO,NO,PASS,None
25598,25 111321 ESC 20 SA,Under Review ,323472.451999999990221,4839957.900000000372529,Scarborough Southwest,NO,NO,PASS,None
25609,23 109985 NNY 16 SA,Under Review ,317280.118000000016764,4841872.631000000052154,Don Valley East,NO,NO,PASS,None
25612,21 210066 WET 03 SA,Under Review ,302534.929999999993015,4830924.946000000461936,Etobicoke-Lakeshore,NO,NO,PASS,None
25616,22 147264 WET 03 CD,Under Review ,305772.181999999971595,4832886.456000000238419,Etobicoke-Lakeshore,NO,NO,PASS,None
25617,21 249227 WET 03 SB,Under Review ,302844.423000000009779,4833697.694000000134110,Etobicoke-Lakeshore,NO,NO,PASS,None
25621,21 232282 STE 10 CD,Under Review ,313817.821999999985565,4833911.379999999888241,Spadina-Fort York,NO,NO,PASS,None
25631,20 194180 STE 12 SA,Under Review ,313839.169999999983702,4839583.483000000007451,Toronto-St. Paul's,NO,NO,PASS,None
25644,16 211488 WET 05 SA,Under Review ,305772.181999999971595,4832886.456000000238419,Etobicoke-Lakeshore,NO,NO,PASS,None
25645,17 112623 NNY 15 SB,Under Review ,309436.375000000000000,4842405.682000000029802,Eglinton-Lawrence,NO,NO,PASS,None
25646,17 112623 NNY 15 SB,Under Review ,309315.542000000015832,4842373.569000000134110,Eglinton-Lawrence,NO,NO,PASS,None
25647,17 112623 NNY 15 SB,Under Review ,309417.859999999986030,4842333.172000000253320,Eglinton-Lawrence,NO,NO,PASS,None
25648,25 206513 NNY 08 OZ,Under Review ,309152.854999999981374,4841231.235999999567866,Eglinton-Lawrence,NO,NO,PASS,None
25651,26 161475 STE 14 SB,Under Review ,317050.261999999987893,4833985.360999999567866,Toronto-Danforth,NO,NO,PASS,None
25653,25 271127 NNY 15 OZ,Application Received,314319.842000000004191,4844207.332999999634922,Don Valley West,NO,NO,PASS,None
25654,21 194289 NNY 18 SA,Under Review ,311272.690999999991618,4849866.729000000283122,Willowdale,NO,NO,PASS,None
25655,25 251663 NNY 08 SB,Under Review ,309295.520000000018626,4842309.561999999918044,Eglinton-Lawrence,NO,NO,PASS,None
25659,22 115276 ESC 25 SA,Under Review ,330146.454000000027008,4847149.280000000260770,Scarborough-Rouge Park,NO,NO,PASS,None
25660,22 234865 ESC 24 CD,Under Review ,325447.874000000010710,4848313.652999999932945,Scarborough-Guildwood,NO,NO,PASS,None
25668,26 188110 ESC 23 SA,Under Review ,325559.135999999998603,4850196.747999999672174,Scarborough North,NO,NO,PASS,None
25687,17 112623 NNY 15 SB,Under Review ,309358.880999999993946,4842341.308000000193715,Eglinton-Lawrence,NO,NO,PASS,None
25688,17 112623 NNY 15 SB,Under Review ,309251.114999999990687,4842360.108000000007451,Eglinton-Lawrence,NO,NO,PASS,None
25689,17 112623 NNY 15 SB,Under Review ,309295.520000000018626,4842309.561999999918044,Eglinton-Lawrence,NO,NO,PASS,None
25690,17 112623 NNY 15 SB,Under Review ,309539.224999999976717,4842215.750000000000000,Eglinton-Lawrence,NO,NO,PASS,None
25691,17 112623 NNY 15 SB,Under Review ,309486.880000000004657,4842218.283999999985099,Eglinton-Lawrence,NO,NO,PASS,None
25700,22 225743 STE 19 SA,Under Review ,321169.625999999989290,4838414.003999999724329,Beaches-East York,NO,NO,PASS,None
25725,21 230120 STE 09 CD,Under Review ,308368.418999999994412,4837159.883000000379980,Davenport,NO,NO,PASS,None
25736,18 149098 STE 18 SA,Under Review ,310015.305999999982305,4835196.294999999925494,Davenport,NO,NO,PASS,None
25738,21 249606 STE 10 SA,Under Review ,313243.510000000009313,4833864.341000000014901,Spadina-Fort York,NO,NO,PASS,None
25748,26 104352 NNY 15 OZ,Under Review ,314319.842000000004191,4844207.332999999634922,Don Valley West,NO,NO,PASS,None
25756,25 135276 STE 12 SA,Under Review ,313453.088999999978114,4840412.030000000260770,Toronto-St. Paul's,NO,NO,PASS,None
25780,21 215567 STE 13 SA,Under Review ,314809.527000000001863,4834647.507000000216067,Toronto Centre,NO,NO,PASS,None
25787,24 251625 WET 03 OZ,Under Review ,301146.865999999979977,4832191.325000000186265,Etobicoke-Lakeshore,NO,NO,PASS,None
25792,21 250763 STE 12 SA,Under Review ,309052.278999999980442,4839268.286999999545515,Toronto-St. Paul's,NO,NO,PASS,None
25810,21 234491 STE 13 SB,Under Review ,314045.668999999994412,4836145.393000000156462,Toronto Centre,NO,NO,PASS,None
25812,22 140217 STE 09 SA,Under Review ,307303.722999999998137,4837507.138000000268221,Davenport,NO,NO,PASS,None
25840,21 133565 WET 03 SA,Under Review ,303561.701000000000931,4833879.618999999947846,Etobicoke-Lakeshore,YES,NO,FAIL,Watercourse
25842,21 205033 STE 04 SA,Under Review ,309812.907999999995809,4832795.952999999746680,Parkdale-High Park,NO,NO,PASS,None
25844,21 228596 STE 09 SB,Under Review ,307303.722999999998137,4837507.138000000268221,Davenport,NO,NO,PASS,None
25846,22 139121 STE 12 SA,Under Review ,313578.656000000017229,4840827.747999999672174,Toronto-St. Paul's,NO,NO,PASS,None
25861,21 176811 WET 05 SA,Under Review ,307520.075000000011642,4836681.493999999947846,York South-Weston,NO,NO,PASS,None
25872,22 128941 STE 19 SA,Under Review ,320541.385000000009313,4836085.879999999888241,Beaches-East York,NO,NO,PASS,None
25873,22 191098 NNY 18 SA,Under Review ,311389.412000000011176,4850453.395999999716878,Willowdale,NO,NO,PASS,None
25883,21 235171 STE 13 SA,Under Review ,314663.532000000006519,4834115.932000000029802,Toronto Centre,NO,NO,PASS,None
25895,21 248821 NNY 15 OZ,Under Review ,314319.842000000004191,4844207.332999999634922,Don Valley West,NO,NO,PASS,None
25898,21 235119 NNY 18 CD,Under Review ,312128.827999999979511,4846367.242999999783933,Willowdale,NO,NO,PASS,None
25899,22 143095 ESC 20 SA,Under Review ,324625.139000000024680,4839957.582000000402331,Scarborough Southwest,NO,NO,PASS,None
25900,22 191038 WET 03 SA,Application Received,303906.833999999973457,4831357.747999999672174,Etobicoke-Lakeshore,NO,NO,PASS,None
25917,21 251865 STE 04 SA,Under Review ,306565.065000000002328,4835935.707000000402331,Parkdale-High Park,NO,NO,PASS,None
25940,20 219229 ESC 20 OZ,Under Review ,327112.059999999997672,4843601.279000000096858,Scarborough Southwest,NO,NO,PASS,None
25944,21 234402 STE 10 CD,Under Review ,312803.650000000023283,4833842.349000000394881,Spadina-Fort York,NO,NO,PASS,None
25945,24 237031 STE 13 SA,Under Review ,314098.859999999986030,4835812.864000000059605,Toronto Centre,NO,NO,PASS,None
25950,26 131938 ESC 22 OZ,Under Review ,321094.862000000022817,4848742.240000000223517,Scarborough-Agincourt,NO,NO,PASS,None
25951,26 131938 ESC 22 OZ,Under Review ,321120.329000000027008,4848799.559999999590218,Scarborough-Agincourt,NO,NO,PASS,None
25954,25 173237 STE 12 OZ,Under Review ,309566.911000000021886,4839013.963000000454485,Toronto-St. Paul's,NO,NO,PASS,None
25956,16 161258 STE 28 SA,Under Review ,315599.702999999979511,4834797.724999999627471,Toronto Centre,NO,NO,PASS,None
25957,21 176811 WET 05 SA,Under Review ,307521.782000000006519,4836692.875000000000000,York South-Weston,NO,NO,PASS,None
25962,22 132905 STE 12 SA,Under Review ,313371.381999999983236,4840680.216000000014901,Toronto-St. Paul's,NO,NO,PASS,None
25963,22 236199 ESC 20 SA,Under Review ,325111.365999999979977,4840739.560999999754131,Scarborough Southwest,NO,NO,PASS,None
25964,22 243062 STE 10 SA,Under Review ,313067.038999999989755,4834009.713999999687076,Spadina-Fort York,NO,NO,PASS,None
25966,23 139161 ESC 24 SA,Under Review ,328104.570999999996275,4844945.275999999605119,Scarborough-Guildwood,NO,NO,PASS,None
25983,21 235174 STE 13 CD,Under Review ,314343.474999999976717,4836038.976999999955297,Toronto Centre,NO,NO,PASS,None
25989,15 247232 WET 06 OZ,Under Review ,304599.768999999971129,4830309.044999999925494,Etobicoke-Lakeshore,NO,NO,PASS,None
25995,22 194895 STE 12 SA,Under Review ,311233.082999999984168,4837900.381000000052154,Toronto-St. Paul's,NO,NO,PASS,None
26019,21 228750 STE 12 SB,Under Review ,311221.413999999989755,4837971.496000000275671,Toronto-St. Paul's,NO,NO,PASS,None
26028,22 198780 STE 13 SA,Under Review ,314547.303000000014435,4834855.575000000186265,Toronto Centre,NO,NO,PASS,None
26029,24 238004 STE 12 OZ,Under Review ,313617.304000000003725,4840461.230000000447035,Toronto-St. Paul's,NO,NO,PASS,None
26034,25 222153 WET 05 OZ,Under Review ,305960.651000000012573,4838189.559999999590218,York South-Weston,NO,NO,PASS,None
26047,21 231950 NNY 08 CD,Under Review ,312580.299999999988358,4842861.400000000372529,Eglinton-Lawrence,NO,NO,PASS,None
26050,17 112623 NNY 15 SB,Under Review ,309410.606000000028871,4842397.092000000178814,Eglinton-Lawrence,NO,NO,PASS,None
26058,16 209876 ESC 44 OZ,Under Review ,329388.407000000006519,4849926.910000000149012,Scarborough-Rouge Park,NO,NO,PASS,None
26059,16 209876 ESC 44 OZ,Under Review ,329969.407999999995809,4849348.101999999955297,Scarborough-Rouge Park,NO,NO,PASS,None
26060,16 209876 ESC 44 OZ,Under Review ,330182.265000000013970,4849815.122999999672174,Scarborough-Rouge Park,NO,NO,PASS,None
26068,22 217995 WET 02 SB,Under Review ,298337.645000000018626,4832030.995000000111759,Etobicoke Centre,NO,NO,PASS,None
26074,21 229300 WET 03 CD,Under Review ,303561.701000000000931,4833879.618999999947846,Etobicoke-Lakeshore,YES,NO,FAIL,Watercourse
26078,16 204453 WET 02 SA,Under Review ,297468.083999999973457,4840881.097000000067055,Etobicoke North,NO,NO,PASS,None
26092,21 248820 NNY 15 SA,Under Review ,314319.842000000004191,4844207.332999999634922,Don Valley West,NO,NO,PASS,None
26093,22 208395 ESC 20 SA,Under Review ,321232.250999999989290,4842573.666000000201166,Scarborough Southwest,NO,NO,PASS,None
26096,17 112623 NNY 15 SB,Under Review ,309489.407999999995809,4842403.440999999642372,Eglinton-Lawrence,NO,NO,PASS,None
26097,17 112623 NNY 15 SB,Under Review ,309471.478999999992084,4842464.489000000059605,Eglinton-Lawrence,NO,NO,PASS,None
26098,17 112623 NNY 15 SB,Under Review ,309500.023999999975786,4842470.303000000305474,Eglinton-Lawrence,NO,NO,PASS,None
26099,17 112623 NNY 15 SB,Under Review ,309300.738000000012107,4842345.871000000275671,Eglinton-Lawrence,NO,NO,PASS,None
26100,17 112623 NNY 15 SB,Under Review ,309286.094999999972060,4842347.497999999672174,Eglinton-Lawrence,NO,NO,PASS,None
26101,17 112623 NNY 15 SB,Under Review ,309489.232000000018161,4842211.899000000208616,Eglinton-Lawrence,NO,NO,PASS,None
26102,17 112623 NNY 15 SB,Under Review ,309387.451000000000931,4842391.116000000387430,Eglinton-Lawrence,NO,NO,PASS,None
26111,11 330777 NNY 34 OZ,Under Review ,316897.211000000010245,4845827.217000000178814,Don Valley East,NO,NO,PASS,None
26124,22 101192 WET 05 SA,Under Review,303920.875000000000000,4838818.981999999843538,York South-Weston,NO,NO,PASS,None
26125,21 233904 NNY 18 CD,Under Review ,311272.690999999991618,4849866.729000000283122,Willowdale,NO,NO,PASS,None
26135,25 216160 WET 02 OZ,Under Review ,303618.706000000005588,4838152.143000000156462,Etobicoke Centre,NO,NO,PASS,None
26154,24 235688 WET 02 OZ,Under Review ,299695.781000000017229,4833060.821000000461936,Etobicoke Centre,NO,NO,PASS,None
26158,23 172397 ESC 21 SB,Under Review ,320780.077999999979511,4842809.099999999627471,Scarborough Centre,NO,NO,PASS,None
26178,20 145731 WET 01 SA,Under Review ,297714.507999999972526,4838317.626000000163913,Etobicoke North,YES,NO,FAIL,Watercourse
26203,21 206417 STE 14 SB,Under Review ,316206.977000000013504,4837021.559999999590218,Toronto-Danforth,NO,NO,PASS,None
26204,21 206417 STE 14 SB,Under Review ,316174.775000000023283,4837058.501000000163913,Toronto-Danforth,NO,NO,PASS,None
26206,21 244302 ESC 22 SA,Under Review ,320714.663999999989755,4849880.360000000335276,Scarborough-Agincourt,NO,NO,PASS,None
26215,19 262864 ESC 23 SA,Under Review ,322805.647999999986496,4851635.282999999821186,Scarborough North,NO,NO,PASS,None
26238,19 209047 ESC 22 OZ,Under Review ,320497.961000000010245,4853466.700000000186265,Scarborough-Agincourt,NO,NO,PASS,None
26245,22 208399 ESC 20 SA,Under Review ,321232.250999999989290,4842573.666000000201166,Scarborough Southwest,NO,NO,PASS,None
26246,24 187222 STE 04 SA,Under Review ,308507.739000000001397,4835296.213999999687076,Parkdale-High Park,NO,NO,PASS,None
26255,18 272239 ESC 22 SB,Under Review ,322240.603999999992084,4848790.906000000424683,Scarborough-Agincourt,NO,NO,PASS,None
26264,21 102360 WET 03 SB,Under Review ,300140.356000000028871,4830366.000000000000000,Etobicoke-Lakeshore,NO,NO,PASS,None
26279,23 138551 STE 12 SA,Under Review ,309009.391000000003260,4839268.281000000424683,Toronto-St. Paul's,NO,NO,PASS,None
26281,26 104032 WET 07 SA,Under Review ,299861.945000000006985,4847047.093999999575317,Humber River-Black Creek,NO,NO,PASS,None
26303,21 213552 STE 12 SB,Under Review ,313371.381999999983236,4840680.216000000014901,Toronto-St. Paul's,NO,NO,PASS,None
26309,21 235323 STE 13 CD,Under Review ,315578.449000000022352,4834665.691999999806285,Toronto Centre,NO,NO,PASS,None
26318,20 232714 STE 12 OZ,Under Review ,312976.282000000006519,4840381.656000000424683,Toronto-St. Paul's,NO,NO,PASS,None
26333,21 199636 STE 14 OZ,Under Review ,316189.235999999975320,4837079.946999999694526,Toronto-Danforth,NO,NO,PASS,None
26334,21 251322 NNY 18 SA,Under Review ,312253.347000000008848,4846345.942999999970198,Willowdale,NO,NO,PASS,None
26335,21 251322 NNY 18 SA,Under Review ,312129.507999999972526,4846356.544999999925494,Willowdale,NO,NO,PASS,None
26336,21 251322 NNY 18 SA,Under Review ,312229.598999999987427,4846338.252999999560416,Willowdale,NO,NO,PASS,None
26337,21 251322 NNY 18 SA,Under Review ,312264.637999999977183,4846403.924999999813735,Willowdale,NO,NO,PASS,None
26338,21 235904 STE 13 SB,Under Review ,314350.032999999995809,4836016.814000000245869,Toronto Centre,NO,NO,PASS,None
26346,22 166048 STE 09 OZ,Under Review ,307414.603999999992084,4837191.316999999806285,Davenport,NO,NO,PASS,None
26350,17 237276 STE 18 SB,Under Review ,310015.305999999982305,4835196.294999999925494,Davenport,NO,NO,PASS,None
26355,22 185125 STE 14 SA,Under Review ,317315.347999999998137,4837490.646999999880791,Toronto-Danforth,NO,NO,PASS,None
26356,21 231950 NNY 08 CD,Under Review ,312581.626999999978580,4842882.675999999977648,Eglinton-Lawrence,NO,NO,PASS,None
26365,24 254930 ESC 20 OZ,Under Review ,321929.022999999986496,4838681.941999999806285,Scarborough Southwest,NO,NO,PASS,None
26366,24 254930 ESC 20 OZ,Under Review ,322013.908999999985099,4838727.173000000417233,Scarborough Southwest,NO,NO,PASS,None
26377,22 208396 ESC 20 SA,Under Review ,321232.250999999989290,4842573.666000000201166,Scarborough Southwest,NO,NO,PASS,None
26380,22 204260 STE 14 OZ,Under Review ,316710.512999999977183,4835128.014000000432134,Toronto-Danforth,YES,NO,FAIL,Watercourse
26382,11 328942 ESC 42 SA,Under Review ,327852.685999999986961,4851375.993999999947846,Scarborough-Rouge Park,NO,NO,PASS,None
26387,26 175993 WET 03 SA,Under Review ,301902.645000000018626,4833197.633000000379980,Etobicoke-Lakeshore,NO,NO,PASS,None
26389,25 206513 NNY 08 OZ,Under Review ,309158.419999999983702,4841216.247999999672174,Eglinton-Lawrence,NO,NO,PASS,None
26390,21 226321 STE 13 SB,Under Review ,315523.615999999979977,4834437.964999999850988,Toronto Centre,NO,NO,PASS,None
26402,21 199636 STE 14 OZ,Under Review ,316206.977000000013504,4837021.559999999590218,Toronto-Danforth,NO,NO,PASS,None
26403,21 199636 STE 14 OZ,Under Review ,316174.775000000023283,4837058.501000000163913,Toronto-Danforth,NO,NO,PASS,None
26404,21 234525 STE 13 SB,Under Review ,314335.440999999991618,4835332.515999999828637,Toronto Centre,NO,NO,PASS,None
26405,21 251322 NNY 18 SA,Under Review ,312128.827999999979511,4846367.242999999783933,Willowdale,NO,NO,PASS,None
26407,21 235904 STE 13 SB,Under Review ,314353.902999999991152,4836000.368999999947846,Toronto Centre,NO,NO,PASS,None
26431,26 164521 NNY 16 SA,Under Review ,318386.289999999979045,4842007.616999999620020,Don Valley East,NO,NO,PASS,None
26432,22 242145 STE 12 OZ,Under Review ,312976.282000000006519,4840381.656000000424683,Toronto-St. Paul's,NO,NO,PASS,None
